ISO-10303-21;
HEADER;
/* Generated by software containing ST-Developer
 * from STEP Tools, Inc. (www.steptools.com) 
 */

FILE_DESCRIPTION(
/* description */ (''),
/* implementation_level */ '2;1');

FILE_NAME(
/* name */ 'Controller module top.step',
/* time_stamp */ '2026-04-27T15:44:35+01:00',
/* author */ (''),
/* organization */ (''),
/* preprocessor_version */ 'ST-DEVELOPER v20.1',
/* originating_system */ 'Autodesk Translation Framework v14.24.0.0',
/* authorisation */ '');

FILE_SCHEMA (('AUTOMOTIVE_DESIGN { 1 0 10303 214 3 1 1 }'));
ENDSEC;

DATA;
#10=MECHANICAL_DESIGN_GEOMETRIC_PRESENTATION_REPRESENTATION('',(#13),#3178);
#11=SHAPE_REPRESENTATION_RELATIONSHIP('SRR','None',#3185,#12);
#12=ADVANCED_BREP_SHAPE_REPRESENTATION('',(#14),#3177);
#13=STYLED_ITEM('',(#3194),#14);
#14=MANIFOLD_SOLID_BREP('Body1',#1774);
#15=FACE_BOUND('',#293,.T.);
#16=FACE_BOUND('',#294,.T.);
#17=FACE_BOUND('',#295,.T.);
#18=FACE_BOUND('',#327,.T.);
#19=FACE_BOUND('',#328,.T.);
#20=FACE_BOUND('',#329,.T.);
#21=FACE_BOUND('',#330,.T.);
#22=B_SPLINE_CURVE_WITH_KNOTS('',3,(#2422,#2423,#2424,#2425,#2426),
 .UNSPECIFIED.,.F.,.F.,(4,1,4),(0.,0.0623425464651908,0.121256325632238),
 .UNSPECIFIED.);
#23=B_SPLINE_CURVE_WITH_KNOTS('',3,(#2430,#2431,#2432,#2433,#2434),
 .UNSPECIFIED.,.F.,.F.,(4,1,4),(0.,0.0623425464651908,0.121256325632238),
 .UNSPECIFIED.);
#24=B_SPLINE_CURVE_WITH_KNOTS('',3,(#2447,#2448,#2449,#2450,#2451),
 .UNSPECIFIED.,.F.,.F.,(4,1,4),(0.,0.053391591176245,0.106759760089812),
 .UNSPECIFIED.);
#25=B_SPLINE_CURVE_WITH_KNOTS('',3,(#2454,#2455,#2456,#2457,#2458),
 .UNSPECIFIED.,.F.,.F.,(4,1,4),(0.,0.053391591176245,0.106759760089812),
 .UNSPECIFIED.);
#26=B_SPLINE_CURVE_WITH_KNOTS('',3,(#2470,#2471,#2472,#2473,#2474),
 .UNSPECIFIED.,.F.,.F.,(4,1,4),(0.,0.0574464689063134,0.111556060344214),
 .UNSPECIFIED.);
#27=B_SPLINE_CURVE_WITH_KNOTS('',3,(#2477,#2478,#2479,#2480,#2481),
 .UNSPECIFIED.,.F.,.F.,(4,1,4),(0.,0.0574464689063134,0.111556060344214),
 .UNSPECIFIED.);
#28=B_SPLINE_CURVE_WITH_KNOTS('',3,(#2493,#2494,#2495,#2496,#2497),
 .UNSPECIFIED.,.F.,.F.,(4,1,4),(0.,0.0718912121365508,0.136064438898145),
 .UNSPECIFIED.);
#29=B_SPLINE_CURVE_WITH_KNOTS('',3,(#2500,#2501,#2502,#2503,#2504),
 .UNSPECIFIED.,.F.,.F.,(4,1,4),(0.,0.0718912121365508,0.136064438898145),
 .UNSPECIFIED.);
#30=B_SPLINE_CURVE_WITH_KNOTS('',3,(#2516,#2517,#2518,#2519,#2520),
 .UNSPECIFIED.,.F.,.F.,(4,1,4),(0.,0.0584666726791098,0.117131221741035),
 .UNSPECIFIED.);
#31=B_SPLINE_CURVE_WITH_KNOTS('',3,(#2523,#2524,#2525,#2526,#2527),
 .UNSPECIFIED.,.F.,.F.,(4,1,4),(0.,0.0584666726791098,0.117131221741035),
 .UNSPECIFIED.);
#32=B_SPLINE_CURVE_WITH_KNOTS('',3,(#2539,#2540,#2541,#2542,#2543),
 .UNSPECIFIED.,.F.,.F.,(4,1,4),(0.,0.0554228908561992,0.111823212534465),
 .UNSPECIFIED.);
#33=B_SPLINE_CURVE_WITH_KNOTS('',3,(#2546,#2547,#2548,#2549,#2550),
 .UNSPECIFIED.,.F.,.F.,(4,1,4),(0.,0.0554228908561992,0.111823212534465),
 .UNSPECIFIED.);
#34=B_SPLINE_CURVE_WITH_KNOTS('',3,(#2562,#2563,#2564,#2565,#2566),
 .UNSPECIFIED.,.F.,.F.,(4,1,4),(0.,0.0640276838542501,0.121784996181885),
 .UNSPECIFIED.);
#35=B_SPLINE_CURVE_WITH_KNOTS('',3,(#2569,#2570,#2571,#2572,#2573),
 .UNSPECIFIED.,.F.,.F.,(4,1,4),(0.,0.0640276838542501,0.121784996181885),
 .UNSPECIFIED.);
#36=B_SPLINE_CURVE_WITH_KNOTS('',3,(#2585,#2586,#2587,#2588,#2589),
 .UNSPECIFIED.,.F.,.F.,(4,1,4),(0.,0.0501056904710432,0.105657877145207),
 .UNSPECIFIED.);
#37=B_SPLINE_CURVE_WITH_KNOTS('',3,(#2592,#2593,#2594,#2595,#2596),
 .UNSPECIFIED.,.F.,.F.,(4,1,4),(0.,0.0501056904710432,0.105657877145207),
 .UNSPECIFIED.);
#38=B_SPLINE_CURVE_WITH_KNOTS('',3,(#2608,#2609,#2610,#2611,#2612),
 .UNSPECIFIED.,.F.,.F.,(4,1,4),(0.,0.0620959785392605,0.114329417731125),
 .UNSPECIFIED.);
#39=B_SPLINE_CURVE_WITH_KNOTS('',3,(#2615,#2616,#2617,#2618,#2619),
 .UNSPECIFIED.,.F.,.F.,(4,1,4),(0.,0.0620959785392605,0.114329417731125),
 .UNSPECIFIED.);
#40=B_SPLINE_CURVE_WITH_KNOTS('',3,(#2637,#2638,#2639,#2640,#2641),
 .UNSPECIFIED.,.F.,.F.,(4,1,4),(0.,0.0758545256174714,0.156859471251255),
 .UNSPECIFIED.);
#41=B_SPLINE_CURVE_WITH_KNOTS('',3,(#2644,#2645,#2646,#2647,#2648),
 .UNSPECIFIED.,.F.,.F.,(4,1,4),(0.,0.0758545256174714,0.156859471251255),
 .UNSPECIFIED.);
#42=B_SPLINE_CURVE_WITH_KNOTS('',3,(#2660,#2661,#2662,#2663,#2664),
 .UNSPECIFIED.,.F.,.F.,(4,1,4),(0.,0.0836671175313475,0.160358431644916),
 .UNSPECIFIED.);
#43=B_SPLINE_CURVE_WITH_KNOTS('',3,(#2667,#2668,#2669,#2670,#2671),
 .UNSPECIFIED.,.F.,.F.,(4,1,4),(0.,0.0836671175313475,0.160358431644916),
 .UNSPECIFIED.);
#44=B_SPLINE_CURVE_WITH_KNOTS('',3,(#2683,#2684,#2685,#2686,#2687),
 .UNSPECIFIED.,.F.,.F.,(4,1,4),(0.,0.0745494856696445,0.151160882993769),
 .UNSPECIFIED.);
#45=B_SPLINE_CURVE_WITH_KNOTS('',3,(#2690,#2691,#2692,#2693,#2694),
 .UNSPECIFIED.,.F.,.F.,(4,1,4),(0.,0.0745494856696445,0.151160882993769),
 .UNSPECIFIED.);
#46=B_SPLINE_CURVE_WITH_KNOTS('',3,(#2706,#2707,#2708,#2709,#2710),
 .UNSPECIFIED.,.F.,.F.,(4,1,4),(0.,0.075173374076273,0.14876355878784),
 .UNSPECIFIED.);
#47=B_SPLINE_CURVE_WITH_KNOTS('',3,(#2713,#2714,#2715,#2716,#2717),
 .UNSPECIFIED.,.F.,.F.,(4,1,4),(0.,0.075173374076273,0.14876355878784),
 .UNSPECIFIED.);
#48=B_SPLINE_CURVE_WITH_KNOTS('',3,(#2729,#2730,#2731,#2732,#2733),
 .UNSPECIFIED.,.F.,.F.,(4,1,4),(0.,0.0881943560145876,0.168581487275093),
 .UNSPECIFIED.);
#49=B_SPLINE_CURVE_WITH_KNOTS('',3,(#2736,#2737,#2738,#2739,#2740),
 .UNSPECIFIED.,.F.,.F.,(4,1,4),(0.,0.0881943560145876,0.168581487275093),
 .UNSPECIFIED.);
#50=B_SPLINE_CURVE_WITH_KNOTS('',3,(#2752,#2753,#2754,#2755,#2756),
 .UNSPECIFIED.,.F.,.F.,(4,1,4),(0.,0.0812222617274861,0.164784910008665),
 .UNSPECIFIED.);
#51=B_SPLINE_CURVE_WITH_KNOTS('',3,(#2759,#2760,#2761,#2762,#2763),
 .UNSPECIFIED.,.F.,.F.,(4,1,4),(0.,0.0812222617274861,0.164784910008665),
 .UNSPECIFIED.);
#52=B_SPLINE_CURVE_WITH_KNOTS('',3,(#2775,#2776,#2777,#2778,#2779),
 .UNSPECIFIED.,.F.,.F.,(4,1,4),(0.,0.0721176603523022,0.148811438148397),
 .UNSPECIFIED.);
#53=B_SPLINE_CURVE_WITH_KNOTS('',3,(#2782,#2783,#2784,#2785,#2786),
 .UNSPECIFIED.,.F.,.F.,(4,1,4),(0.,0.0721176603523022,0.148811438148397),
 .UNSPECIFIED.);
#54=B_SPLINE_CURVE_WITH_KNOTS('',3,(#2798,#2799,#2800,#2801,#2802),
 .UNSPECIFIED.,.F.,.F.,(4,1,4),(0.,0.0884959940321722,0.164351472818991),
 .UNSPECIFIED.);
#55=B_SPLINE_CURVE_WITH_KNOTS('',3,(#2805,#2806,#2807,#2808,#2809),
 .UNSPECIFIED.,.F.,.F.,(4,1,4),(0.,0.0884959940321722,0.164351472818991),
 .UNSPECIFIED.);
#56=B_SPLINE_CURVE_WITH_KNOTS('',3,(#2821,#2822,#2823,#2824,#2825),
 .UNSPECIFIED.,.F.,.F.,(4,1,4),(0.,0.081732049906723,0.169190778655289),
 .UNSPECIFIED.);
#57=B_SPLINE_CURVE_WITH_KNOTS('',3,(#2828,#2829,#2830,#2831,#2832),
 .UNSPECIFIED.,.F.,.F.,(4,1,4),(0.,0.081732049906723,0.169190778655289),
 .UNSPECIFIED.);
#58=B_SPLINE_CURVE_WITH_KNOTS('',3,(#2844,#2845,#2846,#2847,#2848),
 .UNSPECIFIED.,.F.,.F.,(4,1,4),(0.,0.0930164692274641,0.176560103169189),
 .UNSPECIFIED.);
#59=B_SPLINE_CURVE_WITH_KNOTS('',3,(#2851,#2852,#2853,#2854,#2855),
 .UNSPECIFIED.,.F.,.F.,(4,1,4),(0.,0.0930164692274641,0.176560103169189),
 .UNSPECIFIED.);
#60=B_SPLINE_CURVE_WITH_KNOTS('',3,(#2872,#2873,#2874,#2875,#2876),
 .UNSPECIFIED.,.F.,.F.,(4,1,4),(0.,0.0615388888517982,0.132093927838475),
 .UNSPECIFIED.);
#61=B_SPLINE_CURVE_WITH_KNOTS('',3,(#2877,#2878,#2879,#2880,#2881),
 .UNSPECIFIED.,.F.,.F.,(4,1,4),(0.,0.0615388888517982,0.132093927838475),
 .UNSPECIFIED.);
#62=B_SPLINE_CURVE_WITH_KNOTS('',3,(#2951,#2952,#2953,#2954,#2955),
 .UNSPECIFIED.,.F.,.F.,(4,1,4),(0.,0.0424851839245889,0.101341489658583),
 .UNSPECIFIED.);
#63=B_SPLINE_CURVE_WITH_KNOTS('',3,(#2958,#2959,#2960,#2961,#2962),
 .UNSPECIFIED.,.F.,.F.,(4,1,4),(0.,0.0424851839245889,0.101341489658583),
 .UNSPECIFIED.);
#64=B_SPLINE_CURVE_WITH_KNOTS('',3,(#2974,#2975,#2976,#2977,#2978),
 .UNSPECIFIED.,.F.,.F.,(4,1,4),(0.,0.054585694902052,0.0933209174857099),
 .UNSPECIFIED.);
#65=B_SPLINE_CURVE_WITH_KNOTS('',3,(#2981,#2982,#2983,#2984,#2985),
 .UNSPECIFIED.,.F.,.F.,(4,1,4),(0.,0.054585694902052,0.0933209174857099),
 .UNSPECIFIED.);
#66=B_SPLINE_SURFACE_WITH_KNOTS('',3,1,((#2410,#2411),(#2412,#2413),(#2414,
#2415),(#2416,#2417),(#2418,#2419)),.UNSPECIFIED.,.F.,.F.,.F.,(4,1,4),(2,
2),(0.,0.0623425464651908,0.121256325632238),(0.,0.04),.UNSPECIFIED.);
#67=B_SPLINE_SURFACE_WITH_KNOTS('',3,1,((#2436,#2437),(#2438,#2439),(#2440,
#2441),(#2442,#2443),(#2444,#2445)),.UNSPECIFIED.,.F.,.F.,.F.,(4,1,4),(2,
2),(0.,0.053391591176245,0.106759760089812),(0.,0.04),.UNSPECIFIED.);
#68=B_SPLINE_SURFACE_WITH_KNOTS('',3,1,((#2459,#2460),(#2461,#2462),(#2463,
#2464),(#2465,#2466),(#2467,#2468)),.UNSPECIFIED.,.F.,.F.,.F.,(4,1,4),(2,
2),(0.,0.0574464689063134,0.111556060344214),(0.,0.04),.UNSPECIFIED.);
#69=B_SPLINE_SURFACE_WITH_KNOTS('',3,1,((#2482,#2483),(#2484,#2485),(#2486,
#2487),(#2488,#2489),(#2490,#2491)),.UNSPECIFIED.,.F.,.F.,.F.,(4,1,4),(2,
2),(0.,0.0718912121365508,0.136064438898145),(0.,0.04),.UNSPECIFIED.);
#70=B_SPLINE_SURFACE_WITH_KNOTS('',3,1,((#2505,#2506),(#2507,#2508),(#2509,
#2510),(#2511,#2512),(#2513,#2514)),.UNSPECIFIED.,.F.,.F.,.F.,(4,1,4),(2,
2),(0.,0.0584666726791098,0.117131221741035),(0.,0.04),.UNSPECIFIED.);
#71=B_SPLINE_SURFACE_WITH_KNOTS('',3,1,((#2528,#2529),(#2530,#2531),(#2532,
#2533),(#2534,#2535),(#2536,#2537)),.UNSPECIFIED.,.F.,.F.,.F.,(4,1,4),(2,
2),(0.,0.0554228908561992,0.111823212534465),(0.,0.04),.UNSPECIFIED.);
#72=B_SPLINE_SURFACE_WITH_KNOTS('',3,1,((#2551,#2552),(#2553,#2554),(#2555,
#2556),(#2557,#2558),(#2559,#2560)),.UNSPECIFIED.,.F.,.F.,.F.,(4,1,4),(2,
2),(0.,0.0640276838542501,0.121784996181885),(0.,0.04),.UNSPECIFIED.);
#73=B_SPLINE_SURFACE_WITH_KNOTS('',3,1,((#2574,#2575),(#2576,#2577),(#2578,
#2579),(#2580,#2581),(#2582,#2583)),.UNSPECIFIED.,.F.,.F.,.F.,(4,1,4),(2,
2),(0.,0.0501056904710432,0.105657877145207),(0.,0.04),.UNSPECIFIED.);
#74=B_SPLINE_SURFACE_WITH_KNOTS('',3,1,((#2597,#2598),(#2599,#2600),(#2601,
#2602),(#2603,#2604),(#2605,#2606)),.UNSPECIFIED.,.F.,.F.,.F.,(4,1,4),(2,
2),(0.,0.0620959785392605,0.114329417731125),(0.,0.04),.UNSPECIFIED.);
#75=B_SPLINE_SURFACE_WITH_KNOTS('',3,1,((#2626,#2627),(#2628,#2629),(#2630,
#2631),(#2632,#2633),(#2634,#2635)),.UNSPECIFIED.,.F.,.F.,.F.,(4,1,4),(2,
2),(0.,0.0758545256174714,0.156859471251255),(0.,0.04),.UNSPECIFIED.);
#76=B_SPLINE_SURFACE_WITH_KNOTS('',3,1,((#2649,#2650),(#2651,#2652),(#2653,
#2654),(#2655,#2656),(#2657,#2658)),.UNSPECIFIED.,.F.,.F.,.F.,(4,1,4),(2,
2),(0.,0.0836671175313475,0.160358431644916),(0.,0.04),.UNSPECIFIED.);
#77=B_SPLINE_SURFACE_WITH_KNOTS('',3,1,((#2672,#2673),(#2674,#2675),(#2676,
#2677),(#2678,#2679),(#2680,#2681)),.UNSPECIFIED.,.F.,.F.,.F.,(4,1,4),(2,
2),(0.,0.0745494856696445,0.151160882993769),(0.,0.04),.UNSPECIFIED.);
#78=B_SPLINE_SURFACE_WITH_KNOTS('',3,1,((#2695,#2696),(#2697,#2698),(#2699,
#2700),(#2701,#2702),(#2703,#2704)),.UNSPECIFIED.,.F.,.F.,.F.,(4,1,4),(2,
2),(0.,0.075173374076273,0.14876355878784),(0.,0.04),.UNSPECIFIED.);
#79=B_SPLINE_SURFACE_WITH_KNOTS('',3,1,((#2718,#2719),(#2720,#2721),(#2722,
#2723),(#2724,#2725),(#2726,#2727)),.UNSPECIFIED.,.F.,.F.,.F.,(4,1,4),(2,
2),(0.,0.0881943560145876,0.168581487275093),(0.,0.04),.UNSPECIFIED.);
#80=B_SPLINE_SURFACE_WITH_KNOTS('',3,1,((#2741,#2742),(#2743,#2744),(#2745,
#2746),(#2747,#2748),(#2749,#2750)),.UNSPECIFIED.,.F.,.F.,.F.,(4,1,4),(2,
2),(0.,0.0812222617274861,0.164784910008665),(0.,0.04),.UNSPECIFIED.);
#81=B_SPLINE_SURFACE_WITH_KNOTS('',3,1,((#2764,#2765),(#2766,#2767),(#2768,
#2769),(#2770,#2771),(#2772,#2773)),.UNSPECIFIED.,.F.,.F.,.F.,(4,1,4),(2,
2),(0.,0.0721176603523022,0.148811438148397),(0.,0.04),.UNSPECIFIED.);
#82=B_SPLINE_SURFACE_WITH_KNOTS('',3,1,((#2787,#2788),(#2789,#2790),(#2791,
#2792),(#2793,#2794),(#2795,#2796)),.UNSPECIFIED.,.F.,.F.,.F.,(4,1,4),(2,
2),(0.,0.0884959940321722,0.164351472818991),(0.,0.04),.UNSPECIFIED.);
#83=B_SPLINE_SURFACE_WITH_KNOTS('',3,1,((#2810,#2811),(#2812,#2813),(#2814,
#2815),(#2816,#2817),(#2818,#2819)),.UNSPECIFIED.,.F.,.F.,.F.,(4,1,4),(2,
2),(0.,0.081732049906723,0.169190778655289),(0.,0.04),.UNSPECIFIED.);
#84=B_SPLINE_SURFACE_WITH_KNOTS('',3,1,((#2833,#2834),(#2835,#2836),(#2837,
#2838),(#2839,#2840),(#2841,#2842)),.UNSPECIFIED.,.F.,.F.,.F.,(4,1,4),(2,
2),(0.,0.0930164692274641,0.176560103169189),(0.,0.04),.UNSPECIFIED.);
#85=B_SPLINE_SURFACE_WITH_KNOTS('',3,1,((#2862,#2863),(#2864,#2865),(#2866,
#2867),(#2868,#2869),(#2870,#2871)),.UNSPECIFIED.,.F.,.F.,.F.,(4,1,4),(2,
2),(0.,0.0615388888517982,0.132093927838475),(0.,0.04),.UNSPECIFIED.);
#86=B_SPLINE_SURFACE_WITH_KNOTS('',3,1,((#2940,#2941),(#2942,#2943),(#2944,
#2945),(#2946,#2947),(#2948,#2949)),.UNSPECIFIED.,.F.,.F.,.F.,(4,1,4),(2,
2),(0.,0.0424851839245889,0.101341489658583),(0.,0.04),.UNSPECIFIED.);
#87=B_SPLINE_SURFACE_WITH_KNOTS('',3,1,((#2963,#2964),(#2965,#2966),(#2967,
#2968),(#2969,#2970),(#2971,#2972)),.UNSPECIFIED.,.F.,.F.,.F.,(4,1,4),(2,
2),(0.,0.054585694902052,0.0933209174857099),(0.,0.04),.UNSPECIFIED.);
#88=CIRCLE('',#1792,2.00000002980232);
#89=CIRCLE('',#1793,2.00000002980232);
#90=CIRCLE('',#1795,2.00000002980232);
#91=CIRCLE('',#1796,2.00000002980232);
#92=CIRCLE('',#1798,2.00000002980232);
#93=CIRCLE('',#1799,2.00000002980232);
#94=CIRCLE('',#1801,2.00000002980232);
#95=CIRCLE('',#1802,2.00000002980232);
#96=CIRCLE('',#1835,2.);
#97=CIRCLE('',#1836,2.);
#98=CIRCLE('',#1839,2.);
#99=CIRCLE('',#1840,2.);
#100=CIRCLE('',#1841,2.);
#101=CIRCLE('',#1843,2.);
#102=CIRCLE('',#1846,2.);
#103=CIRCLE('',#1849,2.);
#104=CIRCLE('',#1852,1.55);
#105=CIRCLE('',#1854,1.55);
#106=CIRCLE('',#1856,1.55);
#107=CIRCLE('',#1858,5.00000007450581);
#108=CIRCLE('',#1859,5.00000007450581);
#109=CIRCLE('',#1860,5.00000007450581);
#110=CIRCLE('',#1861,5.00000007450581);
#111=CIRCLE('',#1863,1.55);
#112=CIRCLE('',#1865,1.55);
#113=CIRCLE('',#1870,5.00000007450581);
#114=CIRCLE('',#1874,5.00000007450581);
#115=CIRCLE('',#1879,5.00000007450581);
#116=CIRCLE('',#1884,5.00000007450581);
#117=CIRCLE('',#1886,1.55);
#118=CIRCLE('',#1888,1.55);
#119=CIRCLE('',#1890,1.55);
#120=CYLINDRICAL_SURFACE('',#1791,2.00000002980232);
#121=CYLINDRICAL_SURFACE('',#1794,2.00000002980232);
#122=CYLINDRICAL_SURFACE('',#1797,2.00000002980232);
#123=CYLINDRICAL_SURFACE('',#1800,2.00000002980232);
#124=CYLINDRICAL_SURFACE('',#1834,2.);
#125=CYLINDRICAL_SURFACE('',#1842,2.);
#126=CYLINDRICAL_SURFACE('',#1845,2.);
#127=CYLINDRICAL_SURFACE('',#1848,2.);
#128=CYLINDRICAL_SURFACE('',#1864,1.55);
#129=CYLINDRICAL_SURFACE('',#1869,5.00000007450581);
#130=CYLINDRICAL_SURFACE('',#1873,5.00000007450581);
#131=CYLINDRICAL_SURFACE('',#1878,5.00000007450581);
#132=CYLINDRICAL_SURFACE('',#1883,5.00000007450581);
#133=CYLINDRICAL_SURFACE('',#1885,1.55);
#134=CYLINDRICAL_SURFACE('',#1887,1.55);
#135=CYLINDRICAL_SURFACE('',#1889,1.55);
#136=FACE_OUTER_BOUND('',#230,.T.);
#137=FACE_OUTER_BOUND('',#231,.T.);
#138=FACE_OUTER_BOUND('',#232,.T.);
#139=FACE_OUTER_BOUND('',#233,.T.);
#140=FACE_OUTER_BOUND('',#234,.T.);
#141=FACE_OUTER_BOUND('',#235,.T.);
#142=FACE_OUTER_BOUND('',#236,.T.);
#143=FACE_OUTER_BOUND('',#237,.T.);
#144=FACE_OUTER_BOUND('',#238,.T.);
#145=FACE_OUTER_BOUND('',#239,.T.);
#146=FACE_OUTER_BOUND('',#240,.T.);
#147=FACE_OUTER_BOUND('',#241,.T.);
#148=FACE_OUTER_BOUND('',#242,.T.);
#149=FACE_OUTER_BOUND('',#243,.T.);
#150=FACE_OUTER_BOUND('',#244,.T.);
#151=FACE_OUTER_BOUND('',#245,.T.);
#152=FACE_OUTER_BOUND('',#246,.T.);
#153=FACE_OUTER_BOUND('',#247,.T.);
#154=FACE_OUTER_BOUND('',#248,.T.);
#155=FACE_OUTER_BOUND('',#249,.T.);
#156=FACE_OUTER_BOUND('',#250,.T.);
#157=FACE_OUTER_BOUND('',#251,.T.);
#158=FACE_OUTER_BOUND('',#252,.T.);
#159=FACE_OUTER_BOUND('',#253,.T.);
#160=FACE_OUTER_BOUND('',#254,.T.);
#161=FACE_OUTER_BOUND('',#255,.T.);
#162=FACE_OUTER_BOUND('',#256,.T.);
#163=FACE_OUTER_BOUND('',#257,.T.);
#164=FACE_OUTER_BOUND('',#258,.T.);
#165=FACE_OUTER_BOUND('',#259,.T.);
#166=FACE_OUTER_BOUND('',#260,.T.);
#167=FACE_OUTER_BOUND('',#261,.T.);
#168=FACE_OUTER_BOUND('',#262,.T.);
#169=FACE_OUTER_BOUND('',#263,.T.);
#170=FACE_OUTER_BOUND('',#264,.T.);
#171=FACE_OUTER_BOUND('',#265,.T.);
#172=FACE_OUTER_BOUND('',#266,.T.);
#173=FACE_OUTER_BOUND('',#267,.T.);
#174=FACE_OUTER_BOUND('',#268,.T.);
#175=FACE_OUTER_BOUND('',#269,.T.);
#176=FACE_OUTER_BOUND('',#270,.T.);
#177=FACE_OUTER_BOUND('',#271,.T.);
#178=FACE_OUTER_BOUND('',#272,.T.);
#179=FACE_OUTER_BOUND('',#273,.T.);
#180=FACE_OUTER_BOUND('',#274,.T.);
#181=FACE_OUTER_BOUND('',#275,.T.);
#182=FACE_OUTER_BOUND('',#276,.T.);
#183=FACE_OUTER_BOUND('',#277,.T.);
#184=FACE_OUTER_BOUND('',#278,.T.);
#185=FACE_OUTER_BOUND('',#279,.T.);
#186=FACE_OUTER_BOUND('',#280,.T.);
#187=FACE_OUTER_BOUND('',#281,.T.);
#188=FACE_OUTER_BOUND('',#282,.T.);
#189=FACE_OUTER_BOUND('',#283,.T.);
#190=FACE_OUTER_BOUND('',#284,.T.);
#191=FACE_OUTER_BOUND('',#285,.T.);
#192=FACE_OUTER_BOUND('',#286,.T.);
#193=FACE_OUTER_BOUND('',#287,.T.);
#194=FACE_OUTER_BOUND('',#288,.T.);
#195=FACE_OUTER_BOUND('',#289,.T.);
#196=FACE_OUTER_BOUND('',#290,.T.);
#197=FACE_OUTER_BOUND('',#291,.T.);
#198=FACE_OUTER_BOUND('',#292,.T.);
#199=FACE_OUTER_BOUND('',#296,.T.);
#200=FACE_OUTER_BOUND('',#297,.T.);
#201=FACE_OUTER_BOUND('',#298,.T.);
#202=FACE_OUTER_BOUND('',#299,.T.);
#203=FACE_OUTER_BOUND('',#300,.T.);
#204=FACE_OUTER_BOUND('',#301,.T.);
#205=FACE_OUTER_BOUND('',#302,.T.);
#206=FACE_OUTER_BOUND('',#303,.T.);
#207=FACE_OUTER_BOUND('',#304,.T.);
#208=FACE_OUTER_BOUND('',#305,.T.);
#209=FACE_OUTER_BOUND('',#306,.T.);
#210=FACE_OUTER_BOUND('',#307,.T.);
#211=FACE_OUTER_BOUND('',#308,.T.);
#212=FACE_OUTER_BOUND('',#309,.T.);
#213=FACE_OUTER_BOUND('',#310,.T.);
#214=FACE_OUTER_BOUND('',#311,.T.);
#215=FACE_OUTER_BOUND('',#312,.T.);
#216=FACE_OUTER_BOUND('',#313,.T.);
#217=FACE_OUTER_BOUND('',#314,.T.);
#218=FACE_OUTER_BOUND('',#315,.T.);
#219=FACE_OUTER_BOUND('',#316,.T.);
#220=FACE_OUTER_BOUND('',#317,.T.);
#221=FACE_OUTER_BOUND('',#318,.T.);
#222=FACE_OUTER_BOUND('',#319,.T.);
#223=FACE_OUTER_BOUND('',#320,.T.);
#224=FACE_OUTER_BOUND('',#321,.T.);
#225=FACE_OUTER_BOUND('',#322,.T.);
#226=FACE_OUTER_BOUND('',#323,.T.);
#227=FACE_OUTER_BOUND('',#324,.T.);
#228=FACE_OUTER_BOUND('',#325,.T.);
#229=FACE_OUTER_BOUND('',#326,.T.);
#230=EDGE_LOOP('',(#1114,#1115,#1116,#1117));
#231=EDGE_LOOP('',(#1118,#1119,#1120,#1121));
#232=EDGE_LOOP('',(#1122,#1123,#1124,#1125));
#233=EDGE_LOOP('',(#1126,#1127,#1128,#1129));
#234=EDGE_LOOP('',(#1130,#1131,#1132,#1133));
#235=EDGE_LOOP('',(#1134,#1135,#1136,#1137));
#236=EDGE_LOOP('',(#1138,#1139,#1140,#1141));
#237=EDGE_LOOP('',(#1142,#1143,#1144,#1145,#1146,#1147,#1148,#1149));
#238=EDGE_LOOP('',(#1150,#1151,#1152,#1153,#1154,#1155,#1156,#1157));
#239=EDGE_LOOP('',(#1158,#1159,#1160,#1161,#1162,#1163,#1164,#1165));
#240=EDGE_LOOP('',(#1166,#1167,#1168,#1169));
#241=EDGE_LOOP('',(#1170,#1171,#1172,#1173));
#242=EDGE_LOOP('',(#1174,#1175,#1176,#1177));
#243=EDGE_LOOP('',(#1178,#1179,#1180,#1181));
#244=EDGE_LOOP('',(#1182,#1183,#1184,#1185));
#245=EDGE_LOOP('',(#1186,#1187,#1188,#1189,#1190,#1191,#1192,#1193));
#246=EDGE_LOOP('',(#1194,#1195,#1196,#1197));
#247=EDGE_LOOP('',(#1198,#1199,#1200,#1201));
#248=EDGE_LOOP('',(#1202,#1203,#1204,#1205));
#249=EDGE_LOOP('',(#1206,#1207,#1208,#1209));
#250=EDGE_LOOP('',(#1210,#1211,#1212,#1213));
#251=EDGE_LOOP('',(#1214,#1215,#1216,#1217));
#252=EDGE_LOOP('',(#1218,#1219,#1220,#1221));
#253=EDGE_LOOP('',(#1222,#1223,#1224,#1225));
#254=EDGE_LOOP('',(#1226,#1227,#1228,#1229));
#255=EDGE_LOOP('',(#1230,#1231,#1232,#1233));
#256=EDGE_LOOP('',(#1234,#1235,#1236,#1237));
#257=EDGE_LOOP('',(#1238,#1239,#1240,#1241));
#258=EDGE_LOOP('',(#1242,#1243,#1244,#1245));
#259=EDGE_LOOP('',(#1246,#1247,#1248,#1249));
#260=EDGE_LOOP('',(#1250,#1251,#1252,#1253));
#261=EDGE_LOOP('',(#1254,#1255,#1256,#1257));
#262=EDGE_LOOP('',(#1258,#1259,#1260,#1261));
#263=EDGE_LOOP('',(#1262,#1263,#1264,#1265));
#264=EDGE_LOOP('',(#1266,#1267,#1268,#1269));
#265=EDGE_LOOP('',(#1270,#1271,#1272,#1273));
#266=EDGE_LOOP('',(#1274,#1275,#1276,#1277));
#267=EDGE_LOOP('',(#1278,#1279,#1280,#1281));
#268=EDGE_LOOP('',(#1282,#1283,#1284,#1285));
#269=EDGE_LOOP('',(#1286,#1287,#1288,#1289));
#270=EDGE_LOOP('',(#1290,#1291,#1292,#1293));
#271=EDGE_LOOP('',(#1294,#1295,#1296,#1297));
#272=EDGE_LOOP('',(#1298,#1299,#1300,#1301));
#273=EDGE_LOOP('',(#1302,#1303,#1304,#1305,#1306,#1307,#1308,#1309,#1310,
#1311,#1312,#1313,#1314,#1315,#1316,#1317,#1318,#1319,#1320,#1321,#1322,
#1323));
#274=EDGE_LOOP('',(#1324,#1325,#1326,#1327));
#275=EDGE_LOOP('',(#1328,#1329,#1330,#1331));
#276=EDGE_LOOP('',(#1332,#1333,#1334,#1335));
#277=EDGE_LOOP('',(#1336,#1337,#1338,#1339));
#278=EDGE_LOOP('',(#1340,#1341,#1342,#1343));
#279=EDGE_LOOP('',(#1344,#1345,#1346,#1347));
#280=EDGE_LOOP('',(#1348,#1349,#1350,#1351));
#281=EDGE_LOOP('',(#1352,#1353,#1354,#1355));
#282=EDGE_LOOP('',(#1356,#1357,#1358,#1359));
#283=EDGE_LOOP('',(#1360,#1361,#1362,#1363));
#284=EDGE_LOOP('',(#1364,#1365,#1366,#1367));
#285=EDGE_LOOP('',(#1368,#1369,#1370,#1371));
#286=EDGE_LOOP('',(#1372,#1373,#1374,#1375));
#287=EDGE_LOOP('',(#1376,#1377,#1378,#1379));
#288=EDGE_LOOP('',(#1380,#1381,#1382,#1383));
#289=EDGE_LOOP('',(#1384,#1385,#1386,#1387,#1388,#1389,#1390,#1391,#1392,
#1393,#1394,#1395,#1396,#1397,#1398));
#290=EDGE_LOOP('',(#1399,#1400,#1401,#1402));
#291=EDGE_LOOP('',(#1403,#1404,#1405,#1406));
#292=EDGE_LOOP('',(#1407,#1408,#1409,#1410,#1411,#1412,#1413,#1414));
#293=EDGE_LOOP('',(#1415,#1416,#1417,#1418));
#294=EDGE_LOOP('',(#1419,#1420,#1421,#1422,#1423,#1424,#1425,#1426,#1427,
#1428,#1429,#1430,#1431,#1432,#1433,#1434,#1435,#1436,#1437,#1438,#1439,
#1440));
#295=EDGE_LOOP('',(#1441,#1442,#1443,#1444,#1445,#1446,#1447,#1448,#1449,
#1450,#1451,#1452,#1453,#1454,#1455));
#296=EDGE_LOOP('',(#1456,#1457,#1458,#1459));
#297=EDGE_LOOP('',(#1460,#1461,#1462,#1463));
#298=EDGE_LOOP('',(#1464,#1465,#1466,#1467));
#299=EDGE_LOOP('',(#1468,#1469,#1470,#1471));
#300=EDGE_LOOP('',(#1472,#1473,#1474,#1475));
#301=EDGE_LOOP('',(#1476,#1477,#1478,#1479,#1480,#1481,#1482,#1483));
#302=EDGE_LOOP('',(#1484));
#303=EDGE_LOOP('',(#1485));
#304=EDGE_LOOP('',(#1486));
#305=EDGE_LOOP('',(#1487,#1488,#1489,#1490,#1491,#1492,#1493,#1494,#1495,
#1496,#1497,#1498,#1499,#1500,#1501,#1502));
#306=EDGE_LOOP('',(#1503));
#307=EDGE_LOOP('',(#1504,#1505,#1506,#1507));
#308=EDGE_LOOP('',(#1508,#1509,#1510,#1511));
#309=EDGE_LOOP('',(#1512,#1513,#1514,#1515));
#310=EDGE_LOOP('',(#1516,#1517,#1518,#1519));
#311=EDGE_LOOP('',(#1520,#1521,#1522,#1523));
#312=EDGE_LOOP('',(#1524,#1525,#1526,#1527));
#313=EDGE_LOOP('',(#1528,#1529,#1530,#1531));
#314=EDGE_LOOP('',(#1532,#1533,#1534,#1535));
#315=EDGE_LOOP('',(#1536,#1537,#1538,#1539));
#316=EDGE_LOOP('',(#1540,#1541,#1542,#1543));
#317=EDGE_LOOP('',(#1544,#1545,#1546,#1547));
#318=EDGE_LOOP('',(#1548,#1549,#1550,#1551));
#319=EDGE_LOOP('',(#1552,#1553,#1554,#1555));
#320=EDGE_LOOP('',(#1556,#1557,#1558,#1559));
#321=EDGE_LOOP('',(#1560,#1561,#1562,#1563));
#322=EDGE_LOOP('',(#1564,#1565,#1566,#1567));
#323=EDGE_LOOP('',(#1568,#1569,#1570,#1571));
#324=EDGE_LOOP('',(#1572,#1573,#1574,#1575));
#325=EDGE_LOOP('',(#1576,#1577,#1578,#1579));
#326=EDGE_LOOP('',(#1580,#1581,#1582,#1583,#1584,#1585,#1586,#1587,#1588,
#1589,#1590,#1591,#1592,#1593,#1594,#1595,#1596,#1597,#1598,#1599,#1600,
#1601,#1602,#1603,#1604,#1605,#1606,#1607,#1608,#1609,#1610,#1611,#1612,
#1613,#1614,#1615,#1616,#1617,#1618,#1619));
#327=EDGE_LOOP('',(#1620));
#328=EDGE_LOOP('',(#1621));
#329=EDGE_LOOP('',(#1622));
#330=EDGE_LOOP('',(#1623));
#331=LINE('',#2285,#510);
#332=LINE('',#2287,#511);
#333=LINE('',#2289,#512);
#334=LINE('',#2290,#513);
#335=LINE('',#2294,#514);
#336=LINE('',#2296,#515);
#337=LINE('',#2298,#516);
#338=LINE('',#2299,#517);
#339=LINE('',#2303,#518);
#340=LINE('',#2305,#519);
#341=LINE('',#2307,#520);
#342=LINE('',#2308,#521);
#343=LINE('',#2314,#522);
#344=LINE('',#2319,#523);
#345=LINE('',#2326,#524);
#346=LINE('',#2331,#525);
#347=LINE('',#2335,#526);
#348=LINE('',#2336,#527);
#349=LINE('',#2338,#528);
#350=LINE('',#2339,#529);
#351=LINE('',#2342,#530);
#352=LINE('',#2344,#531);
#353=LINE('',#2346,#532);
#354=LINE('',#2348,#533);
#355=LINE('',#2349,#534);
#356=LINE('',#2352,#535);
#357=LINE('',#2354,#536);
#358=LINE('',#2356,#537);
#359=LINE('',#2358,#538);
#360=LINE('',#2359,#539);
#361=LINE('',#2362,#540);
#362=LINE('',#2363,#541);
#363=LINE('',#2365,#542);
#364=LINE('',#2366,#543);
#365=LINE('',#2368,#544);
#366=LINE('',#2370,#545);
#367=LINE('',#2373,#546);
#368=LINE('',#2374,#547);
#369=LINE('',#2377,#548);
#370=LINE('',#2379,#549);
#371=LINE('',#2381,#550);
#372=LINE('',#2383,#551);
#373=LINE('',#2384,#552);
#374=LINE('',#2388,#553);
#375=LINE('',#2390,#554);
#376=LINE('',#2392,#555);
#377=LINE('',#2393,#556);
#378=LINE('',#2396,#557);
#379=LINE('',#2398,#558);
#380=LINE('',#2399,#559);
#381=LINE('',#2402,#560);
#382=LINE('',#2404,#561);
#383=LINE('',#2405,#562);
#384=LINE('',#2407,#563);
#385=LINE('',#2408,#564);
#386=LINE('',#2428,#565);
#387=LINE('',#2435,#566);
#388=LINE('',#2453,#567);
#389=LINE('',#2476,#568);
#390=LINE('',#2499,#569);
#391=LINE('',#2522,#570);
#392=LINE('',#2545,#571);
#393=LINE('',#2568,#572);
#394=LINE('',#2591,#573);
#395=LINE('',#2614,#574);
#396=LINE('',#2622,#575);
#397=LINE('',#2624,#576);
#398=LINE('',#2625,#577);
#399=LINE('',#2643,#578);
#400=LINE('',#2666,#579);
#401=LINE('',#2689,#580);
#402=LINE('',#2712,#581);
#403=LINE('',#2735,#582);
#404=LINE('',#2758,#583);
#405=LINE('',#2781,#584);
#406=LINE('',#2804,#585);
#407=LINE('',#2827,#586);
#408=LINE('',#2850,#587);
#409=LINE('',#2858,#588);
#410=LINE('',#2860,#589);
#411=LINE('',#2861,#590);
#412=LINE('',#2886,#591);
#413=LINE('',#2888,#592);
#414=LINE('',#2890,#593);
#415=LINE('',#2891,#594);
#416=LINE('',#2894,#595);
#417=LINE('',#2896,#596);
#418=LINE('',#2897,#597);
#419=LINE('',#2900,#598);
#420=LINE('',#2902,#599);
#421=LINE('',#2903,#600);
#422=LINE('',#2906,#601);
#423=LINE('',#2908,#602);
#424=LINE('',#2909,#603);
#425=LINE('',#2912,#604);
#426=LINE('',#2914,#605);
#427=LINE('',#2915,#606);
#428=LINE('',#2918,#607);
#429=LINE('',#2920,#608);
#430=LINE('',#2921,#609);
#431=LINE('',#2924,#610);
#432=LINE('',#2926,#611);
#433=LINE('',#2927,#612);
#434=LINE('',#2930,#613);
#435=LINE('',#2932,#614);
#436=LINE('',#2933,#615);
#437=LINE('',#2936,#616);
#438=LINE('',#2938,#617);
#439=LINE('',#2939,#618);
#440=LINE('',#2957,#619);
#441=LINE('',#2980,#620);
#442=LINE('',#2988,#621);
#443=LINE('',#2990,#622);
#444=LINE('',#2991,#623);
#445=LINE('',#2994,#624);
#446=LINE('',#2996,#625);
#447=LINE('',#2997,#626);
#448=LINE('',#3000,#627);
#449=LINE('',#3002,#628);
#450=LINE('',#3003,#629);
#451=LINE('',#3005,#630);
#452=LINE('',#3006,#631);
#453=LINE('',#3013,#632);
#454=LINE('',#3016,#633);
#455=LINE('',#3019,#634);
#456=LINE('',#3021,#635);
#457=LINE('',#3022,#636);
#458=LINE('',#3025,#637);
#459=LINE('',#3029,#638);
#460=LINE('',#3033,#639);
#461=LINE('',#3037,#640);
#462=LINE('',#3041,#641);
#463=LINE('',#3042,#642);
#464=LINE('',#3045,#643);
#465=LINE('',#3049,#644);
#466=LINE('',#3050,#645);
#467=LINE('',#3053,#646);
#468=LINE('',#3056,#647);
#469=LINE('',#3057,#648);
#470=LINE('',#3070,#649);
#471=LINE('',#3074,#650);
#472=LINE('',#3076,#651);
#473=LINE('',#3078,#652);
#474=LINE('',#3082,#653);
#475=LINE('',#3084,#654);
#476=LINE('',#3086,#655);
#477=LINE('',#3089,#656);
#478=LINE('',#3091,#657);
#479=LINE('',#3095,#658);
#480=LINE('',#3096,#659);
#481=LINE('',#3102,#660);
#482=LINE('',#3107,#661);
#483=LINE('',#3108,#662);
#484=LINE('',#3109,#663);
#485=LINE('',#3112,#664);
#486=LINE('',#3113,#665);
#487=LINE('',#3116,#666);
#488=LINE('',#3117,#667);
#489=LINE('',#3121,#668);
#490=LINE('',#3123,#669);
#491=LINE('',#3126,#670);
#492=LINE('',#3127,#671);
#493=LINE('',#3131,#672);
#494=LINE('',#3134,#673);
#495=LINE('',#3135,#674);
#496=LINE('',#3138,#675);
#497=LINE('',#3139,#676);
#498=LINE('',#3142,#677);
#499=LINE('',#3143,#678);
#500=LINE('',#3147,#679);
#501=LINE('',#3150,#680);
#502=LINE('',#3151,#681);
#503=LINE('',#3154,#682);
#504=LINE('',#3155,#683);
#505=LINE('',#3158,#684);
#506=LINE('',#3159,#685);
#507=LINE('',#3164,#686);
#508=LINE('',#3168,#687);
#509=LINE('',#3172,#688);
#510=VECTOR('',#1896,10.);
#511=VECTOR('',#1897,10.);
#512=VECTOR('',#1898,10.);
#513=VECTOR('',#1899,10.);
#514=VECTOR('',#1902,10.);
#515=VECTOR('',#1903,10.);
#516=VECTOR('',#1904,10.);
#517=VECTOR('',#1905,10.);
#518=VECTOR('',#1908,10.);
#519=VECTOR('',#1909,10.);
#520=VECTOR('',#1910,10.);
#521=VECTOR('',#1911,10.);
#522=VECTOR('',#1918,10.);
#523=VECTOR('',#1923,10.);
#524=VECTOR('',#1932,10.);
#525=VECTOR('',#1937,10.);
#526=VECTOR('',#1942,10.);
#527=VECTOR('',#1943,10.);
#528=VECTOR('',#1944,10.);
#529=VECTOR('',#1945,10.);
#530=VECTOR('',#1948,10.);
#531=VECTOR('',#1949,10.);
#532=VECTOR('',#1950,10.);
#533=VECTOR('',#1951,10.);
#534=VECTOR('',#1952,10.);
#535=VECTOR('',#1955,10.);
#536=VECTOR('',#1956,10.);
#537=VECTOR('',#1957,10.);
#538=VECTOR('',#1958,10.);
#539=VECTOR('',#1959,10.);
#540=VECTOR('',#1962,10.);
#541=VECTOR('',#1963,10.);
#542=VECTOR('',#1966,10.);
#543=VECTOR('',#1967,10.);
#544=VECTOR('',#1970,10.);
#545=VECTOR('',#1973,10.);
#546=VECTOR('',#1976,10.);
#547=VECTOR('',#1977,10.);
#548=VECTOR('',#1980,10.);
#549=VECTOR('',#1981,10.);
#550=VECTOR('',#1982,10.);
#551=VECTOR('',#1983,10.);
#552=VECTOR('',#1984,10.);
#553=VECTOR('',#1987,10.);
#554=VECTOR('',#1988,10.);
#555=VECTOR('',#1989,10.);
#556=VECTOR('',#1990,10.);
#557=VECTOR('',#1993,10.);
#558=VECTOR('',#1994,10.);
#559=VECTOR('',#1995,10.);
#560=VECTOR('',#1998,10.);
#561=VECTOR('',#1999,10.);
#562=VECTOR('',#2000,10.);
#563=VECTOR('',#2003,10.);
#564=VECTOR('',#2004,10.);
#565=VECTOR('',#2007,10.);
#566=VECTOR('',#2008,10.);
#567=VECTOR('',#2009,10.);
#568=VECTOR('',#2010,10.);
#569=VECTOR('',#2011,10.);
#570=VECTOR('',#2012,10.);
#571=VECTOR('',#2013,10.);
#572=VECTOR('',#2014,10.);
#573=VECTOR('',#2015,10.);
#574=VECTOR('',#2016,10.);
#575=VECTOR('',#2019,10.);
#576=VECTOR('',#2020,10.);
#577=VECTOR('',#2021,10.);
#578=VECTOR('',#2022,10.);
#579=VECTOR('',#2023,10.);
#580=VECTOR('',#2024,10.);
#581=VECTOR('',#2025,10.);
#582=VECTOR('',#2026,10.);
#583=VECTOR('',#2027,10.);
#584=VECTOR('',#2028,10.);
#585=VECTOR('',#2029,10.);
#586=VECTOR('',#2030,10.);
#587=VECTOR('',#2031,10.);
#588=VECTOR('',#2034,10.);
#589=VECTOR('',#2035,10.);
#590=VECTOR('',#2036,10.);
#591=VECTOR('',#2041,10.);
#592=VECTOR('',#2042,10.);
#593=VECTOR('',#2043,10.);
#594=VECTOR('',#2044,10.);
#595=VECTOR('',#2047,10.);
#596=VECTOR('',#2048,10.);
#597=VECTOR('',#2049,10.);
#598=VECTOR('',#2052,10.);
#599=VECTOR('',#2053,10.);
#600=VECTOR('',#2054,10.);
#601=VECTOR('',#2057,10.);
#602=VECTOR('',#2058,10.);
#603=VECTOR('',#2059,10.);
#604=VECTOR('',#2062,10.);
#605=VECTOR('',#2063,10.);
#606=VECTOR('',#2064,10.);
#607=VECTOR('',#2067,10.);
#608=VECTOR('',#2068,10.);
#609=VECTOR('',#2069,10.);
#610=VECTOR('',#2072,10.);
#611=VECTOR('',#2073,10.);
#612=VECTOR('',#2074,10.);
#613=VECTOR('',#2077,10.);
#614=VECTOR('',#2078,10.);
#615=VECTOR('',#2079,10.);
#616=VECTOR('',#2082,10.);
#617=VECTOR('',#2083,10.);
#618=VECTOR('',#2084,10.);
#619=VECTOR('',#2085,10.);
#620=VECTOR('',#2086,10.);
#621=VECTOR('',#2089,10.);
#622=VECTOR('',#2090,10.);
#623=VECTOR('',#2091,10.);
#624=VECTOR('',#2094,10.);
#625=VECTOR('',#2095,10.);
#626=VECTOR('',#2096,10.);
#627=VECTOR('',#2099,10.);
#628=VECTOR('',#2100,10.);
#629=VECTOR('',#2101,10.);
#630=VECTOR('',#2104,10.);
#631=VECTOR('',#2105,10.);
#632=VECTOR('',#2112,10.);
#633=VECTOR('',#2115,10.);
#634=VECTOR('',#2118,10.);
#635=VECTOR('',#2119,10.);
#636=VECTOR('',#2120,10.);
#637=VECTOR('',#2123,10.);
#638=VECTOR('',#2126,10.);
#639=VECTOR('',#2129,10.);
#640=VECTOR('',#2134,10.);
#641=VECTOR('',#2139,10.);
#642=VECTOR('',#2140,10.);
#643=VECTOR('',#2143,10.);
#644=VECTOR('',#2148,10.);
#645=VECTOR('',#2149,10.);
#646=VECTOR('',#2152,10.);
#647=VECTOR('',#2157,10.);
#648=VECTOR('',#2158,10.);
#649=VECTOR('',#2173,10.);
#650=VECTOR('',#2176,10.);
#651=VECTOR('',#2177,10.);
#652=VECTOR('',#2178,10.);
#653=VECTOR('',#2181,10.);
#654=VECTOR('',#2182,10.);
#655=VECTOR('',#2183,10.);
#656=VECTOR('',#2186,10.);
#657=VECTOR('',#2187,10.);
#658=VECTOR('',#2190,10.);
#659=VECTOR('',#2191,10.);
#660=VECTOR('',#2198,1.55);
#661=VECTOR('',#2203,10.);
#662=VECTOR('',#2204,10.);
#663=VECTOR('',#2205,10.);
#664=VECTOR('',#2208,10.);
#665=VECTOR('',#2209,10.);
#666=VECTOR('',#2212,10.);
#667=VECTOR('',#2213,10.);
#668=VECTOR('',#2218,10.);
#669=VECTOR('',#2221,10.);
#670=VECTOR('',#2224,10.);
#671=VECTOR('',#2225,10.);
#672=VECTOR('',#2230,10.);
#673=VECTOR('',#2233,10.);
#674=VECTOR('',#2234,10.);
#675=VECTOR('',#2237,10.);
#676=VECTOR('',#2238,10.);
#677=VECTOR('',#2241,10.);
#678=VECTOR('',#2242,10.);
#679=VECTOR('',#2247,10.);
#680=VECTOR('',#2250,10.);
#681=VECTOR('',#2251,10.);
#682=VECTOR('',#2254,10.);
#683=VECTOR('',#2255,10.);
#684=VECTOR('',#2258,10.);
#685=VECTOR('',#2259,10.);
#686=VECTOR('',#2266,1.55);
#687=VECTOR('',#2271,1.55);
#688=VECTOR('',#2276,1.55);
#689=VERTEX_POINT('',#2283);
#690=VERTEX_POINT('',#2284);
#691=VERTEX_POINT('',#2286);
#692=VERTEX_POINT('',#2288);
#693=VERTEX_POINT('',#2292);
#694=VERTEX_POINT('',#2293);
#695=VERTEX_POINT('',#2295);
#696=VERTEX_POINT('',#2297);
#697=VERTEX_POINT('',#2301);
#698=VERTEX_POINT('',#2302);
#699=VERTEX_POINT('',#2304);
#700=VERTEX_POINT('',#2306);
#701=VERTEX_POINT('',#2310);
#702=VERTEX_POINT('',#2312);
#703=VERTEX_POINT('',#2316);
#704=VERTEX_POINT('',#2318);
#705=VERTEX_POINT('',#2322);
#706=VERTEX_POINT('',#2324);
#707=VERTEX_POINT('',#2328);
#708=VERTEX_POINT('',#2330);
#709=VERTEX_POINT('',#2334);
#710=VERTEX_POINT('',#2337);
#711=VERTEX_POINT('',#2341);
#712=VERTEX_POINT('',#2343);
#713=VERTEX_POINT('',#2345);
#714=VERTEX_POINT('',#2347);
#715=VERTEX_POINT('',#2351);
#716=VERTEX_POINT('',#2353);
#717=VERTEX_POINT('',#2355);
#718=VERTEX_POINT('',#2357);
#719=VERTEX_POINT('',#2361);
#720=VERTEX_POINT('',#2372);
#721=VERTEX_POINT('',#2376);
#722=VERTEX_POINT('',#2378);
#723=VERTEX_POINT('',#2380);
#724=VERTEX_POINT('',#2382);
#725=VERTEX_POINT('',#2386);
#726=VERTEX_POINT('',#2387);
#727=VERTEX_POINT('',#2389);
#728=VERTEX_POINT('',#2391);
#729=VERTEX_POINT('',#2395);
#730=VERTEX_POINT('',#2397);
#731=VERTEX_POINT('',#2401);
#732=VERTEX_POINT('',#2403);
#733=VERTEX_POINT('',#2420);
#734=VERTEX_POINT('',#2421);
#735=VERTEX_POINT('',#2427);
#736=VERTEX_POINT('',#2429);
#737=VERTEX_POINT('',#2446);
#738=VERTEX_POINT('',#2452);
#739=VERTEX_POINT('',#2469);
#740=VERTEX_POINT('',#2475);
#741=VERTEX_POINT('',#2492);
#742=VERTEX_POINT('',#2498);
#743=VERTEX_POINT('',#2515);
#744=VERTEX_POINT('',#2521);
#745=VERTEX_POINT('',#2538);
#746=VERTEX_POINT('',#2544);
#747=VERTEX_POINT('',#2561);
#748=VERTEX_POINT('',#2567);
#749=VERTEX_POINT('',#2584);
#750=VERTEX_POINT('',#2590);
#751=VERTEX_POINT('',#2607);
#752=VERTEX_POINT('',#2613);
#753=VERTEX_POINT('',#2621);
#754=VERTEX_POINT('',#2623);
#755=VERTEX_POINT('',#2636);
#756=VERTEX_POINT('',#2642);
#757=VERTEX_POINT('',#2659);
#758=VERTEX_POINT('',#2665);
#759=VERTEX_POINT('',#2682);
#760=VERTEX_POINT('',#2688);
#761=VERTEX_POINT('',#2705);
#762=VERTEX_POINT('',#2711);
#763=VERTEX_POINT('',#2728);
#764=VERTEX_POINT('',#2734);
#765=VERTEX_POINT('',#2751);
#766=VERTEX_POINT('',#2757);
#767=VERTEX_POINT('',#2774);
#768=VERTEX_POINT('',#2780);
#769=VERTEX_POINT('',#2797);
#770=VERTEX_POINT('',#2803);
#771=VERTEX_POINT('',#2820);
#772=VERTEX_POINT('',#2826);
#773=VERTEX_POINT('',#2843);
#774=VERTEX_POINT('',#2849);
#775=VERTEX_POINT('',#2857);
#776=VERTEX_POINT('',#2859);
#777=VERTEX_POINT('',#2884);
#778=VERTEX_POINT('',#2885);
#779=VERTEX_POINT('',#2887);
#780=VERTEX_POINT('',#2889);
#781=VERTEX_POINT('',#2893);
#782=VERTEX_POINT('',#2895);
#783=VERTEX_POINT('',#2899);
#784=VERTEX_POINT('',#2901);
#785=VERTEX_POINT('',#2905);
#786=VERTEX_POINT('',#2907);
#787=VERTEX_POINT('',#2911);
#788=VERTEX_POINT('',#2913);
#789=VERTEX_POINT('',#2917);
#790=VERTEX_POINT('',#2919);
#791=VERTEX_POINT('',#2923);
#792=VERTEX_POINT('',#2925);
#793=VERTEX_POINT('',#2929);
#794=VERTEX_POINT('',#2931);
#795=VERTEX_POINT('',#2935);
#796=VERTEX_POINT('',#2937);
#797=VERTEX_POINT('',#2950);
#798=VERTEX_POINT('',#2956);
#799=VERTEX_POINT('',#2973);
#800=VERTEX_POINT('',#2979);
#801=VERTEX_POINT('',#2987);
#802=VERTEX_POINT('',#2989);
#803=VERTEX_POINT('',#2993);
#804=VERTEX_POINT('',#2995);
#805=VERTEX_POINT('',#2999);
#806=VERTEX_POINT('',#3001);
#807=VERTEX_POINT('',#3009);
#808=VERTEX_POINT('',#3010);
#809=VERTEX_POINT('',#3012);
#810=VERTEX_POINT('',#3014);
#811=VERTEX_POINT('',#3018);
#812=VERTEX_POINT('',#3020);
#813=VERTEX_POINT('',#3024);
#814=VERTEX_POINT('',#3026);
#815=VERTEX_POINT('',#3028);
#816=VERTEX_POINT('',#3030);
#817=VERTEX_POINT('',#3032);
#818=VERTEX_POINT('',#3036);
#819=VERTEX_POINT('',#3040);
#820=VERTEX_POINT('',#3044);
#821=VERTEX_POINT('',#3048);
#822=VERTEX_POINT('',#3052);
#823=VERTEX_POINT('',#3059);
#824=VERTEX_POINT('',#3062);
#825=VERTEX_POINT('',#3065);
#826=VERTEX_POINT('',#3068);
#827=VERTEX_POINT('',#3069);
#828=VERTEX_POINT('',#3071);
#829=VERTEX_POINT('',#3073);
#830=VERTEX_POINT('',#3075);
#831=VERTEX_POINT('',#3077);
#832=VERTEX_POINT('',#3079);
#833=VERTEX_POINT('',#3081);
#834=VERTEX_POINT('',#3083);
#835=VERTEX_POINT('',#3085);
#836=VERTEX_POINT('',#3087);
#837=VERTEX_POINT('',#3090);
#838=VERTEX_POINT('',#3092);
#839=VERTEX_POINT('',#3094);
#840=VERTEX_POINT('',#3098);
#841=VERTEX_POINT('',#3101);
#842=VERTEX_POINT('',#3105);
#843=VERTEX_POINT('',#3106);
#844=VERTEX_POINT('',#3111);
#845=VERTEX_POINT('',#3115);
#846=VERTEX_POINT('',#3119);
#847=VERTEX_POINT('',#3125);
#848=VERTEX_POINT('',#3129);
#849=VERTEX_POINT('',#3133);
#850=VERTEX_POINT('',#3137);
#851=VERTEX_POINT('',#3141);
#852=VERTEX_POINT('',#3145);
#853=VERTEX_POINT('',#3149);
#854=VERTEX_POINT('',#3153);
#855=VERTEX_POINT('',#3157);
#856=VERTEX_POINT('',#3163);
#857=VERTEX_POINT('',#3167);
#858=VERTEX_POINT('',#3171);
#859=EDGE_CURVE('',#689,#690,#331,.T.);
#860=EDGE_CURVE('',#691,#690,#332,.T.);
#861=EDGE_CURVE('',#691,#692,#333,.T.);
#862=EDGE_CURVE('',#692,#689,#334,.T.);
#863=EDGE_CURVE('',#693,#694,#335,.T.);
#864=EDGE_CURVE('',#695,#693,#336,.T.);
#865=EDGE_CURVE('',#696,#695,#337,.T.);
#866=EDGE_CURVE('',#696,#694,#338,.T.);
#867=EDGE_CURVE('',#697,#698,#339,.T.);
#868=EDGE_CURVE('',#697,#699,#340,.T.);
#869=EDGE_CURVE('',#700,#699,#341,.T.);
#870=EDGE_CURVE('',#698,#700,#342,.T.);
#871=EDGE_CURVE('',#694,#701,#88,.T.);
#872=EDGE_CURVE('',#702,#696,#89,.T.);
#873=EDGE_CURVE('',#701,#702,#343,.T.);
#874=EDGE_CURVE('',#703,#693,#90,.T.);
#875=EDGE_CURVE('',#704,#703,#344,.T.);
#876=EDGE_CURVE('',#695,#704,#91,.T.);
#877=EDGE_CURVE('',#698,#705,#92,.T.);
#878=EDGE_CURVE('',#706,#700,#93,.T.);
#879=EDGE_CURVE('',#705,#706,#345,.T.);
#880=EDGE_CURVE('',#707,#697,#94,.T.);
#881=EDGE_CURVE('',#708,#707,#346,.T.);
#882=EDGE_CURVE('',#699,#708,#95,.T.);
#883=EDGE_CURVE('',#708,#709,#347,.T.);
#884=EDGE_CURVE('',#709,#691,#348,.T.);
#885=EDGE_CURVE('',#690,#710,#349,.T.);
#886=EDGE_CURVE('',#710,#706,#350,.T.);
#887=EDGE_CURVE('',#711,#705,#351,.T.);
#888=EDGE_CURVE('',#711,#712,#352,.T.);
#889=EDGE_CURVE('',#712,#713,#353,.T.);
#890=EDGE_CURVE('',#713,#714,#354,.T.);
#891=EDGE_CURVE('',#707,#714,#355,.T.);
#892=EDGE_CURVE('',#701,#715,#356,.T.);
#893=EDGE_CURVE('',#715,#716,#357,.T.);
#894=EDGE_CURVE('',#716,#717,#358,.T.);
#895=EDGE_CURVE('',#717,#718,#359,.T.);
#896=EDGE_CURVE('',#718,#703,#360,.T.);
#897=EDGE_CURVE('',#692,#719,#361,.T.);
#898=EDGE_CURVE('',#719,#709,#362,.T.);
#899=EDGE_CURVE('',#715,#714,#363,.T.);
#900=EDGE_CURVE('',#716,#713,#364,.T.);
#901=EDGE_CURVE('',#717,#712,#365,.T.);
#902=EDGE_CURVE('',#718,#711,#366,.T.);
#903=EDGE_CURVE('',#720,#689,#367,.T.);
#904=EDGE_CURVE('',#720,#710,#368,.T.);
#905=EDGE_CURVE('',#719,#721,#369,.T.);
#906=EDGE_CURVE('',#721,#722,#370,.T.);
#907=EDGE_CURVE('',#723,#722,#371,.T.);
#908=EDGE_CURVE('',#724,#723,#372,.T.);
#909=EDGE_CURVE('',#724,#720,#373,.T.);
#910=EDGE_CURVE('',#725,#726,#374,.T.);
#911=EDGE_CURVE('',#725,#727,#375,.T.);
#912=EDGE_CURVE('',#727,#728,#376,.T.);
#913=EDGE_CURVE('',#726,#728,#377,.T.);
#914=EDGE_CURVE('',#729,#725,#378,.T.);
#915=EDGE_CURVE('',#729,#730,#379,.T.);
#916=EDGE_CURVE('',#730,#727,#380,.T.);
#917=EDGE_CURVE('',#731,#729,#381,.T.);
#918=EDGE_CURVE('',#731,#732,#382,.T.);
#919=EDGE_CURVE('',#732,#730,#383,.T.);
#920=EDGE_CURVE('',#726,#731,#384,.T.);
#921=EDGE_CURVE('',#728,#732,#385,.T.);
#922=EDGE_CURVE('',#733,#734,#22,.T.);
#923=EDGE_CURVE('',#733,#735,#386,.T.);
#924=EDGE_CURVE('',#735,#736,#23,.T.);
#925=EDGE_CURVE('',#734,#736,#387,.T.);
#926=EDGE_CURVE('',#737,#733,#24,.T.);
#927=EDGE_CURVE('',#737,#738,#388,.T.);
#928=EDGE_CURVE('',#738,#735,#25,.T.);
#929=EDGE_CURVE('',#739,#737,#26,.T.);
#930=EDGE_CURVE('',#739,#740,#389,.T.);
#931=EDGE_CURVE('',#740,#738,#27,.T.);
#932=EDGE_CURVE('',#741,#739,#28,.T.);
#933=EDGE_CURVE('',#741,#742,#390,.T.);
#934=EDGE_CURVE('',#742,#740,#29,.T.);
#935=EDGE_CURVE('',#743,#741,#30,.T.);
#936=EDGE_CURVE('',#743,#744,#391,.T.);
#937=EDGE_CURVE('',#744,#742,#31,.T.);
#938=EDGE_CURVE('',#745,#743,#32,.T.);
#939=EDGE_CURVE('',#745,#746,#392,.T.);
#940=EDGE_CURVE('',#746,#744,#33,.T.);
#941=EDGE_CURVE('',#747,#745,#34,.T.);
#942=EDGE_CURVE('',#747,#748,#393,.T.);
#943=EDGE_CURVE('',#748,#746,#35,.T.);
#944=EDGE_CURVE('',#749,#747,#36,.T.);
#945=EDGE_CURVE('',#749,#750,#394,.T.);
#946=EDGE_CURVE('',#750,#748,#37,.T.);
#947=EDGE_CURVE('',#751,#749,#38,.T.);
#948=EDGE_CURVE('',#751,#752,#395,.T.);
#949=EDGE_CURVE('',#752,#750,#39,.T.);
#950=EDGE_CURVE('',#753,#751,#396,.T.);
#951=EDGE_CURVE('',#753,#754,#397,.T.);
#952=EDGE_CURVE('',#754,#752,#398,.T.);
#953=EDGE_CURVE('',#755,#753,#40,.T.);
#954=EDGE_CURVE('',#755,#756,#399,.T.);
#955=EDGE_CURVE('',#756,#754,#41,.T.);
#956=EDGE_CURVE('',#757,#755,#42,.T.);
#957=EDGE_CURVE('',#757,#758,#400,.T.);
#958=EDGE_CURVE('',#758,#756,#43,.T.);
#959=EDGE_CURVE('',#759,#757,#44,.T.);
#960=EDGE_CURVE('',#759,#760,#401,.T.);
#961=EDGE_CURVE('',#760,#758,#45,.T.);
#962=EDGE_CURVE('',#761,#759,#46,.T.);
#963=EDGE_CURVE('',#761,#762,#402,.T.);
#964=EDGE_CURVE('',#762,#760,#47,.T.);
#965=EDGE_CURVE('',#763,#761,#48,.T.);
#966=EDGE_CURVE('',#763,#764,#403,.T.);
#967=EDGE_CURVE('',#764,#762,#49,.T.);
#968=EDGE_CURVE('',#765,#763,#50,.T.);
#969=EDGE_CURVE('',#765,#766,#404,.T.);
#970=EDGE_CURVE('',#766,#764,#51,.T.);
#971=EDGE_CURVE('',#767,#765,#52,.T.);
#972=EDGE_CURVE('',#767,#768,#405,.T.);
#973=EDGE_CURVE('',#768,#766,#53,.T.);
#974=EDGE_CURVE('',#769,#767,#54,.T.);
#975=EDGE_CURVE('',#769,#770,#406,.T.);
#976=EDGE_CURVE('',#770,#768,#55,.T.);
#977=EDGE_CURVE('',#771,#769,#56,.T.);
#978=EDGE_CURVE('',#771,#772,#407,.T.);
#979=EDGE_CURVE('',#772,#770,#57,.T.);
#980=EDGE_CURVE('',#773,#771,#58,.T.);
#981=EDGE_CURVE('',#773,#774,#408,.T.);
#982=EDGE_CURVE('',#774,#772,#59,.T.);
#983=EDGE_CURVE('',#775,#773,#409,.T.);
#984=EDGE_CURVE('',#775,#776,#410,.T.);
#985=EDGE_CURVE('',#776,#774,#411,.T.);
#986=EDGE_CURVE('',#734,#775,#60,.T.);
#987=EDGE_CURVE('',#736,#776,#61,.T.);
#988=EDGE_CURVE('',#777,#778,#412,.T.);
#989=EDGE_CURVE('',#777,#779,#413,.T.);
#990=EDGE_CURVE('',#779,#780,#414,.T.);
#991=EDGE_CURVE('',#778,#780,#415,.T.);
#992=EDGE_CURVE('',#781,#777,#416,.T.);
#993=EDGE_CURVE('',#781,#782,#417,.T.);
#994=EDGE_CURVE('',#782,#779,#418,.T.);
#995=EDGE_CURVE('',#783,#781,#419,.T.);
#996=EDGE_CURVE('',#783,#784,#420,.T.);
#997=EDGE_CURVE('',#784,#782,#421,.T.);
#998=EDGE_CURVE('',#785,#783,#422,.T.);
#999=EDGE_CURVE('',#785,#786,#423,.T.);
#1000=EDGE_CURVE('',#786,#784,#424,.T.);
#1001=EDGE_CURVE('',#787,#785,#425,.T.);
#1002=EDGE_CURVE('',#787,#788,#426,.T.);
#1003=EDGE_CURVE('',#788,#786,#427,.T.);
#1004=EDGE_CURVE('',#789,#787,#428,.T.);
#1005=EDGE_CURVE('',#789,#790,#429,.T.);
#1006=EDGE_CURVE('',#790,#788,#430,.T.);
#1007=EDGE_CURVE('',#791,#789,#431,.T.);
#1008=EDGE_CURVE('',#791,#792,#432,.T.);
#1009=EDGE_CURVE('',#792,#790,#433,.T.);
#1010=EDGE_CURVE('',#793,#791,#434,.T.);
#1011=EDGE_CURVE('',#793,#794,#435,.T.);
#1012=EDGE_CURVE('',#794,#792,#436,.T.);
#1013=EDGE_CURVE('',#795,#793,#437,.T.);
#1014=EDGE_CURVE('',#795,#796,#438,.T.);
#1015=EDGE_CURVE('',#796,#794,#439,.T.);
#1016=EDGE_CURVE('',#797,#795,#62,.T.);
#1017=EDGE_CURVE('',#797,#798,#440,.T.);
#1018=EDGE_CURVE('',#798,#796,#63,.T.);
#1019=EDGE_CURVE('',#799,#797,#64,.T.);
#1020=EDGE_CURVE('',#799,#800,#441,.T.);
#1021=EDGE_CURVE('',#800,#798,#65,.T.);
#1022=EDGE_CURVE('',#801,#799,#442,.T.);
#1023=EDGE_CURVE('',#801,#802,#443,.T.);
#1024=EDGE_CURVE('',#802,#800,#444,.T.);
#1025=EDGE_CURVE('',#803,#801,#445,.T.);
#1026=EDGE_CURVE('',#803,#804,#446,.T.);
#1027=EDGE_CURVE('',#804,#802,#447,.T.);
#1028=EDGE_CURVE('',#805,#803,#448,.T.);
#1029=EDGE_CURVE('',#805,#806,#449,.T.);
#1030=EDGE_CURVE('',#806,#804,#450,.T.);
#1031=EDGE_CURVE('',#778,#805,#451,.T.);
#1032=EDGE_CURVE('',#780,#806,#452,.T.);
#1033=EDGE_CURVE('',#807,#808,#96,.T.);
#1034=EDGE_CURVE('',#808,#809,#453,.T.);
#1035=EDGE_CURVE('',#809,#810,#97,.T.);
#1036=EDGE_CURVE('',#810,#807,#454,.T.);
#1037=EDGE_CURVE('',#811,#808,#455,.T.);
#1038=EDGE_CURVE('',#812,#811,#456,.T.);
#1039=EDGE_CURVE('',#809,#812,#457,.T.);
#1040=EDGE_CURVE('',#807,#813,#458,.T.);
#1041=EDGE_CURVE('',#814,#813,#98,.T.);
#1042=EDGE_CURVE('',#814,#815,#459,.T.);
#1043=EDGE_CURVE('',#816,#815,#99,.T.);
#1044=EDGE_CURVE('',#816,#817,#460,.T.);
#1045=EDGE_CURVE('',#811,#817,#100,.T.);
#1046=EDGE_CURVE('',#817,#818,#461,.T.);
#1047=EDGE_CURVE('',#818,#812,#101,.T.);
#1048=EDGE_CURVE('',#819,#816,#462,.T.);
#1049=EDGE_CURVE('',#818,#819,#463,.T.);
#1050=EDGE_CURVE('',#815,#820,#464,.T.);
#1051=EDGE_CURVE('',#820,#819,#102,.T.);
#1052=EDGE_CURVE('',#821,#814,#465,.T.);
#1053=EDGE_CURVE('',#820,#821,#466,.T.);
#1054=EDGE_CURVE('',#813,#822,#467,.T.);
#1055=EDGE_CURVE('',#822,#821,#103,.T.);
#1056=EDGE_CURVE('',#822,#704,#468,.T.);
#1057=EDGE_CURVE('',#702,#810,#469,.T.);
#1058=EDGE_CURVE('',#823,#823,#104,.T.);
#1059=EDGE_CURVE('',#824,#824,#105,.T.);
#1060=EDGE_CURVE('',#825,#825,#106,.T.);
#1061=EDGE_CURVE('',#826,#827,#470,.T.);
#1062=EDGE_CURVE('',#827,#828,#107,.T.);
#1063=EDGE_CURVE('',#828,#829,#471,.T.);
#1064=EDGE_CURVE('',#829,#830,#472,.T.);
#1065=EDGE_CURVE('',#830,#831,#473,.T.);
#1066=EDGE_CURVE('',#831,#832,#108,.T.);
#1067=EDGE_CURVE('',#832,#833,#474,.T.);
#1068=EDGE_CURVE('',#833,#834,#475,.T.);
#1069=EDGE_CURVE('',#834,#835,#476,.T.);
#1070=EDGE_CURVE('',#835,#836,#109,.T.);
#1071=EDGE_CURVE('',#836,#723,#477,.T.);
#1072=EDGE_CURVE('',#722,#837,#478,.T.);
#1073=EDGE_CURVE('',#837,#838,#110,.T.);
#1074=EDGE_CURVE('',#838,#839,#479,.T.);
#1075=EDGE_CURVE('',#839,#826,#480,.T.);
#1076=EDGE_CURVE('',#840,#840,#111,.T.);
#1077=EDGE_CURVE('',#840,#841,#481,.T.);
#1078=EDGE_CURVE('',#841,#841,#112,.T.);
#1079=EDGE_CURVE('',#842,#843,#482,.T.);
#1080=EDGE_CURVE('',#843,#827,#483,.T.);
#1081=EDGE_CURVE('',#842,#826,#484,.T.);
#1082=EDGE_CURVE('',#844,#842,#485,.T.);
#1083=EDGE_CURVE('',#844,#839,#486,.T.);
#1084=EDGE_CURVE('',#845,#844,#487,.T.);
#1085=EDGE_CURVE('',#845,#838,#488,.T.);
#1086=EDGE_CURVE('',#846,#845,#113,.T.);
#1087=EDGE_CURVE('',#846,#837,#489,.T.);
#1088=EDGE_CURVE('',#721,#846,#490,.T.);
#1089=EDGE_CURVE('',#847,#724,#491,.T.);
#1090=EDGE_CURVE('',#847,#836,#492,.T.);
#1091=EDGE_CURVE('',#848,#847,#114,.T.);
#1092=EDGE_CURVE('',#848,#835,#493,.T.);
#1093=EDGE_CURVE('',#849,#848,#494,.T.);
#1094=EDGE_CURVE('',#849,#834,#495,.T.);
#1095=EDGE_CURVE('',#850,#849,#496,.T.);
#1096=EDGE_CURVE('',#850,#833,#497,.T.);
#1097=EDGE_CURVE('',#851,#850,#498,.T.);
#1098=EDGE_CURVE('',#851,#832,#499,.T.);
#1099=EDGE_CURVE('',#852,#851,#115,.T.);
#1100=EDGE_CURVE('',#852,#831,#500,.T.);
#1101=EDGE_CURVE('',#853,#852,#501,.T.);
#1102=EDGE_CURVE('',#853,#830,#502,.T.);
#1103=EDGE_CURVE('',#854,#853,#503,.T.);
#1104=EDGE_CURVE('',#854,#829,#504,.T.);
#1105=EDGE_CURVE('',#855,#854,#505,.T.);
#1106=EDGE_CURVE('',#855,#828,#506,.T.);
#1107=EDGE_CURVE('',#843,#855,#116,.T.);
#1108=EDGE_CURVE('',#825,#856,#507,.T.);
#1109=EDGE_CURVE('',#856,#856,#117,.T.);
#1110=EDGE_CURVE('',#824,#857,#508,.T.);
#1111=EDGE_CURVE('',#857,#857,#118,.T.);
#1112=EDGE_CURVE('',#823,#858,#509,.T.);
#1113=EDGE_CURVE('',#858,#858,#119,.T.);
#1114=ORIENTED_EDGE('',*,*,#859,.T.);
#1115=ORIENTED_EDGE('',*,*,#860,.F.);
#1116=ORIENTED_EDGE('',*,*,#861,.T.);
#1117=ORIENTED_EDGE('',*,*,#862,.T.);
#1118=ORIENTED_EDGE('',*,*,#863,.F.);
#1119=ORIENTED_EDGE('',*,*,#864,.F.);
#1120=ORIENTED_EDGE('',*,*,#865,.F.);
#1121=ORIENTED_EDGE('',*,*,#866,.T.);
#1122=ORIENTED_EDGE('',*,*,#867,.F.);
#1123=ORIENTED_EDGE('',*,*,#868,.T.);
#1124=ORIENTED_EDGE('',*,*,#869,.F.);
#1125=ORIENTED_EDGE('',*,*,#870,.F.);
#1126=ORIENTED_EDGE('',*,*,#871,.F.);
#1127=ORIENTED_EDGE('',*,*,#866,.F.);
#1128=ORIENTED_EDGE('',*,*,#872,.F.);
#1129=ORIENTED_EDGE('',*,*,#873,.F.);
#1130=ORIENTED_EDGE('',*,*,#874,.F.);
#1131=ORIENTED_EDGE('',*,*,#875,.F.);
#1132=ORIENTED_EDGE('',*,*,#876,.F.);
#1133=ORIENTED_EDGE('',*,*,#864,.T.);
#1134=ORIENTED_EDGE('',*,*,#877,.F.);
#1135=ORIENTED_EDGE('',*,*,#870,.T.);
#1136=ORIENTED_EDGE('',*,*,#878,.F.);
#1137=ORIENTED_EDGE('',*,*,#879,.F.);
#1138=ORIENTED_EDGE('',*,*,#880,.F.);
#1139=ORIENTED_EDGE('',*,*,#881,.F.);
#1140=ORIENTED_EDGE('',*,*,#882,.F.);
#1141=ORIENTED_EDGE('',*,*,#868,.F.);
#1142=ORIENTED_EDGE('',*,*,#878,.T.);
#1143=ORIENTED_EDGE('',*,*,#869,.T.);
#1144=ORIENTED_EDGE('',*,*,#882,.T.);
#1145=ORIENTED_EDGE('',*,*,#883,.T.);
#1146=ORIENTED_EDGE('',*,*,#884,.T.);
#1147=ORIENTED_EDGE('',*,*,#860,.T.);
#1148=ORIENTED_EDGE('',*,*,#885,.T.);
#1149=ORIENTED_EDGE('',*,*,#886,.T.);
#1150=ORIENTED_EDGE('',*,*,#880,.T.);
#1151=ORIENTED_EDGE('',*,*,#867,.T.);
#1152=ORIENTED_EDGE('',*,*,#877,.T.);
#1153=ORIENTED_EDGE('',*,*,#887,.F.);
#1154=ORIENTED_EDGE('',*,*,#888,.T.);
#1155=ORIENTED_EDGE('',*,*,#889,.T.);
#1156=ORIENTED_EDGE('',*,*,#890,.T.);
#1157=ORIENTED_EDGE('',*,*,#891,.F.);
#1158=ORIENTED_EDGE('',*,*,#874,.T.);
#1159=ORIENTED_EDGE('',*,*,#863,.T.);
#1160=ORIENTED_EDGE('',*,*,#871,.T.);
#1161=ORIENTED_EDGE('',*,*,#892,.T.);
#1162=ORIENTED_EDGE('',*,*,#893,.T.);
#1163=ORIENTED_EDGE('',*,*,#894,.T.);
#1164=ORIENTED_EDGE('',*,*,#895,.T.);
#1165=ORIENTED_EDGE('',*,*,#896,.T.);
#1166=ORIENTED_EDGE('',*,*,#897,.F.);
#1167=ORIENTED_EDGE('',*,*,#861,.F.);
#1168=ORIENTED_EDGE('',*,*,#884,.F.);
#1169=ORIENTED_EDGE('',*,*,#898,.F.);
#1170=ORIENTED_EDGE('',*,*,#893,.F.);
#1171=ORIENTED_EDGE('',*,*,#899,.T.);
#1172=ORIENTED_EDGE('',*,*,#890,.F.);
#1173=ORIENTED_EDGE('',*,*,#900,.F.);
#1174=ORIENTED_EDGE('',*,*,#894,.F.);
#1175=ORIENTED_EDGE('',*,*,#900,.T.);
#1176=ORIENTED_EDGE('',*,*,#889,.F.);
#1177=ORIENTED_EDGE('',*,*,#901,.F.);
#1178=ORIENTED_EDGE('',*,*,#895,.F.);
#1179=ORIENTED_EDGE('',*,*,#901,.T.);
#1180=ORIENTED_EDGE('',*,*,#888,.F.);
#1181=ORIENTED_EDGE('',*,*,#902,.F.);
#1182=ORIENTED_EDGE('',*,*,#903,.F.);
#1183=ORIENTED_EDGE('',*,*,#904,.T.);
#1184=ORIENTED_EDGE('',*,*,#885,.F.);
#1185=ORIENTED_EDGE('',*,*,#859,.F.);
#1186=ORIENTED_EDGE('',*,*,#897,.T.);
#1187=ORIENTED_EDGE('',*,*,#905,.T.);
#1188=ORIENTED_EDGE('',*,*,#906,.T.);
#1189=ORIENTED_EDGE('',*,*,#907,.F.);
#1190=ORIENTED_EDGE('',*,*,#908,.F.);
#1191=ORIENTED_EDGE('',*,*,#909,.T.);
#1192=ORIENTED_EDGE('',*,*,#903,.T.);
#1193=ORIENTED_EDGE('',*,*,#862,.F.);
#1194=ORIENTED_EDGE('',*,*,#910,.F.);
#1195=ORIENTED_EDGE('',*,*,#911,.T.);
#1196=ORIENTED_EDGE('',*,*,#912,.T.);
#1197=ORIENTED_EDGE('',*,*,#913,.F.);
#1198=ORIENTED_EDGE('',*,*,#914,.F.);
#1199=ORIENTED_EDGE('',*,*,#915,.T.);
#1200=ORIENTED_EDGE('',*,*,#916,.T.);
#1201=ORIENTED_EDGE('',*,*,#911,.F.);
#1202=ORIENTED_EDGE('',*,*,#917,.F.);
#1203=ORIENTED_EDGE('',*,*,#918,.T.);
#1204=ORIENTED_EDGE('',*,*,#919,.T.);
#1205=ORIENTED_EDGE('',*,*,#915,.F.);
#1206=ORIENTED_EDGE('',*,*,#920,.F.);
#1207=ORIENTED_EDGE('',*,*,#913,.T.);
#1208=ORIENTED_EDGE('',*,*,#921,.T.);
#1209=ORIENTED_EDGE('',*,*,#918,.F.);
#1210=ORIENTED_EDGE('',*,*,#921,.F.);
#1211=ORIENTED_EDGE('',*,*,#912,.F.);
#1212=ORIENTED_EDGE('',*,*,#916,.F.);
#1213=ORIENTED_EDGE('',*,*,#919,.F.);
#1214=ORIENTED_EDGE('',*,*,#922,.F.);
#1215=ORIENTED_EDGE('',*,*,#923,.T.);
#1216=ORIENTED_EDGE('',*,*,#924,.T.);
#1217=ORIENTED_EDGE('',*,*,#925,.F.);
#1218=ORIENTED_EDGE('',*,*,#926,.F.);
#1219=ORIENTED_EDGE('',*,*,#927,.T.);
#1220=ORIENTED_EDGE('',*,*,#928,.T.);
#1221=ORIENTED_EDGE('',*,*,#923,.F.);
#1222=ORIENTED_EDGE('',*,*,#929,.F.);
#1223=ORIENTED_EDGE('',*,*,#930,.T.);
#1224=ORIENTED_EDGE('',*,*,#931,.T.);
#1225=ORIENTED_EDGE('',*,*,#927,.F.);
#1226=ORIENTED_EDGE('',*,*,#932,.F.);
#1227=ORIENTED_EDGE('',*,*,#933,.T.);
#1228=ORIENTED_EDGE('',*,*,#934,.T.);
#1229=ORIENTED_EDGE('',*,*,#930,.F.);
#1230=ORIENTED_EDGE('',*,*,#935,.F.);
#1231=ORIENTED_EDGE('',*,*,#936,.T.);
#1232=ORIENTED_EDGE('',*,*,#937,.T.);
#1233=ORIENTED_EDGE('',*,*,#933,.F.);
#1234=ORIENTED_EDGE('',*,*,#938,.F.);
#1235=ORIENTED_EDGE('',*,*,#939,.T.);
#1236=ORIENTED_EDGE('',*,*,#940,.T.);
#1237=ORIENTED_EDGE('',*,*,#936,.F.);
#1238=ORIENTED_EDGE('',*,*,#941,.F.);
#1239=ORIENTED_EDGE('',*,*,#942,.T.);
#1240=ORIENTED_EDGE('',*,*,#943,.T.);
#1241=ORIENTED_EDGE('',*,*,#939,.F.);
#1242=ORIENTED_EDGE('',*,*,#944,.F.);
#1243=ORIENTED_EDGE('',*,*,#945,.T.);
#1244=ORIENTED_EDGE('',*,*,#946,.T.);
#1245=ORIENTED_EDGE('',*,*,#942,.F.);
#1246=ORIENTED_EDGE('',*,*,#947,.F.);
#1247=ORIENTED_EDGE('',*,*,#948,.T.);
#1248=ORIENTED_EDGE('',*,*,#949,.T.);
#1249=ORIENTED_EDGE('',*,*,#945,.F.);
#1250=ORIENTED_EDGE('',*,*,#950,.F.);
#1251=ORIENTED_EDGE('',*,*,#951,.T.);
#1252=ORIENTED_EDGE('',*,*,#952,.T.);
#1253=ORIENTED_EDGE('',*,*,#948,.F.);
#1254=ORIENTED_EDGE('',*,*,#953,.F.);
#1255=ORIENTED_EDGE('',*,*,#954,.T.);
#1256=ORIENTED_EDGE('',*,*,#955,.T.);
#1257=ORIENTED_EDGE('',*,*,#951,.F.);
#1258=ORIENTED_EDGE('',*,*,#956,.F.);
#1259=ORIENTED_EDGE('',*,*,#957,.T.);
#1260=ORIENTED_EDGE('',*,*,#958,.T.);
#1261=ORIENTED_EDGE('',*,*,#954,.F.);
#1262=ORIENTED_EDGE('',*,*,#959,.F.);
#1263=ORIENTED_EDGE('',*,*,#960,.T.);
#1264=ORIENTED_EDGE('',*,*,#961,.T.);
#1265=ORIENTED_EDGE('',*,*,#957,.F.);
#1266=ORIENTED_EDGE('',*,*,#962,.F.);
#1267=ORIENTED_EDGE('',*,*,#963,.T.);
#1268=ORIENTED_EDGE('',*,*,#964,.T.);
#1269=ORIENTED_EDGE('',*,*,#960,.F.);
#1270=ORIENTED_EDGE('',*,*,#965,.F.);
#1271=ORIENTED_EDGE('',*,*,#966,.T.);
#1272=ORIENTED_EDGE('',*,*,#967,.T.);
#1273=ORIENTED_EDGE('',*,*,#963,.F.);
#1274=ORIENTED_EDGE('',*,*,#968,.F.);
#1275=ORIENTED_EDGE('',*,*,#969,.T.);
#1276=ORIENTED_EDGE('',*,*,#970,.T.);
#1277=ORIENTED_EDGE('',*,*,#966,.F.);
#1278=ORIENTED_EDGE('',*,*,#971,.F.);
#1279=ORIENTED_EDGE('',*,*,#972,.T.);
#1280=ORIENTED_EDGE('',*,*,#973,.T.);
#1281=ORIENTED_EDGE('',*,*,#969,.F.);
#1282=ORIENTED_EDGE('',*,*,#974,.F.);
#1283=ORIENTED_EDGE('',*,*,#975,.T.);
#1284=ORIENTED_EDGE('',*,*,#976,.T.);
#1285=ORIENTED_EDGE('',*,*,#972,.F.);
#1286=ORIENTED_EDGE('',*,*,#977,.F.);
#1287=ORIENTED_EDGE('',*,*,#978,.T.);
#1288=ORIENTED_EDGE('',*,*,#979,.T.);
#1289=ORIENTED_EDGE('',*,*,#975,.F.);
#1290=ORIENTED_EDGE('',*,*,#980,.F.);
#1291=ORIENTED_EDGE('',*,*,#981,.T.);
#1292=ORIENTED_EDGE('',*,*,#982,.T.);
#1293=ORIENTED_EDGE('',*,*,#978,.F.);
#1294=ORIENTED_EDGE('',*,*,#983,.F.);
#1295=ORIENTED_EDGE('',*,*,#984,.T.);
#1296=ORIENTED_EDGE('',*,*,#985,.T.);
#1297=ORIENTED_EDGE('',*,*,#981,.F.);
#1298=ORIENTED_EDGE('',*,*,#986,.F.);
#1299=ORIENTED_EDGE('',*,*,#925,.T.);
#1300=ORIENTED_EDGE('',*,*,#987,.T.);
#1301=ORIENTED_EDGE('',*,*,#984,.F.);
#1302=ORIENTED_EDGE('',*,*,#987,.F.);
#1303=ORIENTED_EDGE('',*,*,#924,.F.);
#1304=ORIENTED_EDGE('',*,*,#928,.F.);
#1305=ORIENTED_EDGE('',*,*,#931,.F.);
#1306=ORIENTED_EDGE('',*,*,#934,.F.);
#1307=ORIENTED_EDGE('',*,*,#937,.F.);
#1308=ORIENTED_EDGE('',*,*,#940,.F.);
#1309=ORIENTED_EDGE('',*,*,#943,.F.);
#1310=ORIENTED_EDGE('',*,*,#946,.F.);
#1311=ORIENTED_EDGE('',*,*,#949,.F.);
#1312=ORIENTED_EDGE('',*,*,#952,.F.);
#1313=ORIENTED_EDGE('',*,*,#955,.F.);
#1314=ORIENTED_EDGE('',*,*,#958,.F.);
#1315=ORIENTED_EDGE('',*,*,#961,.F.);
#1316=ORIENTED_EDGE('',*,*,#964,.F.);
#1317=ORIENTED_EDGE('',*,*,#967,.F.);
#1318=ORIENTED_EDGE('',*,*,#970,.F.);
#1319=ORIENTED_EDGE('',*,*,#973,.F.);
#1320=ORIENTED_EDGE('',*,*,#976,.F.);
#1321=ORIENTED_EDGE('',*,*,#979,.F.);
#1322=ORIENTED_EDGE('',*,*,#982,.F.);
#1323=ORIENTED_EDGE('',*,*,#985,.F.);
#1324=ORIENTED_EDGE('',*,*,#988,.F.);
#1325=ORIENTED_EDGE('',*,*,#989,.T.);
#1326=ORIENTED_EDGE('',*,*,#990,.T.);
#1327=ORIENTED_EDGE('',*,*,#991,.F.);
#1328=ORIENTED_EDGE('',*,*,#992,.F.);
#1329=ORIENTED_EDGE('',*,*,#993,.T.);
#1330=ORIENTED_EDGE('',*,*,#994,.T.);
#1331=ORIENTED_EDGE('',*,*,#989,.F.);
#1332=ORIENTED_EDGE('',*,*,#995,.F.);
#1333=ORIENTED_EDGE('',*,*,#996,.T.);
#1334=ORIENTED_EDGE('',*,*,#997,.T.);
#1335=ORIENTED_EDGE('',*,*,#993,.F.);
#1336=ORIENTED_EDGE('',*,*,#998,.F.);
#1337=ORIENTED_EDGE('',*,*,#999,.T.);
#1338=ORIENTED_EDGE('',*,*,#1000,.T.);
#1339=ORIENTED_EDGE('',*,*,#996,.F.);
#1340=ORIENTED_EDGE('',*,*,#1001,.F.);
#1341=ORIENTED_EDGE('',*,*,#1002,.T.);
#1342=ORIENTED_EDGE('',*,*,#1003,.T.);
#1343=ORIENTED_EDGE('',*,*,#999,.F.);
#1344=ORIENTED_EDGE('',*,*,#1004,.F.);
#1345=ORIENTED_EDGE('',*,*,#1005,.T.);
#1346=ORIENTED_EDGE('',*,*,#1006,.T.);
#1347=ORIENTED_EDGE('',*,*,#1002,.F.);
#1348=ORIENTED_EDGE('',*,*,#1007,.F.);
#1349=ORIENTED_EDGE('',*,*,#1008,.T.);
#1350=ORIENTED_EDGE('',*,*,#1009,.T.);
#1351=ORIENTED_EDGE('',*,*,#1005,.F.);
#1352=ORIENTED_EDGE('',*,*,#1010,.F.);
#1353=ORIENTED_EDGE('',*,*,#1011,.T.);
#1354=ORIENTED_EDGE('',*,*,#1012,.T.);
#1355=ORIENTED_EDGE('',*,*,#1008,.F.);
#1356=ORIENTED_EDGE('',*,*,#1013,.F.);
#1357=ORIENTED_EDGE('',*,*,#1014,.T.);
#1358=ORIENTED_EDGE('',*,*,#1015,.T.);
#1359=ORIENTED_EDGE('',*,*,#1011,.F.);
#1360=ORIENTED_EDGE('',*,*,#1016,.F.);
#1361=ORIENTED_EDGE('',*,*,#1017,.T.);
#1362=ORIENTED_EDGE('',*,*,#1018,.T.);
#1363=ORIENTED_EDGE('',*,*,#1014,.F.);
#1364=ORIENTED_EDGE('',*,*,#1019,.F.);
#1365=ORIENTED_EDGE('',*,*,#1020,.T.);
#1366=ORIENTED_EDGE('',*,*,#1021,.T.);
#1367=ORIENTED_EDGE('',*,*,#1017,.F.);
#1368=ORIENTED_EDGE('',*,*,#1022,.F.);
#1369=ORIENTED_EDGE('',*,*,#1023,.T.);
#1370=ORIENTED_EDGE('',*,*,#1024,.T.);
#1371=ORIENTED_EDGE('',*,*,#1020,.F.);
#1372=ORIENTED_EDGE('',*,*,#1025,.F.);
#1373=ORIENTED_EDGE('',*,*,#1026,.T.);
#1374=ORIENTED_EDGE('',*,*,#1027,.T.);
#1375=ORIENTED_EDGE('',*,*,#1023,.F.);
#1376=ORIENTED_EDGE('',*,*,#1028,.F.);
#1377=ORIENTED_EDGE('',*,*,#1029,.T.);
#1378=ORIENTED_EDGE('',*,*,#1030,.T.);
#1379=ORIENTED_EDGE('',*,*,#1026,.F.);
#1380=ORIENTED_EDGE('',*,*,#1031,.F.);
#1381=ORIENTED_EDGE('',*,*,#991,.T.);
#1382=ORIENTED_EDGE('',*,*,#1032,.T.);
#1383=ORIENTED_EDGE('',*,*,#1029,.F.);
#1384=ORIENTED_EDGE('',*,*,#1032,.F.);
#1385=ORIENTED_EDGE('',*,*,#990,.F.);
#1386=ORIENTED_EDGE('',*,*,#994,.F.);
#1387=ORIENTED_EDGE('',*,*,#997,.F.);
#1388=ORIENTED_EDGE('',*,*,#1000,.F.);
#1389=ORIENTED_EDGE('',*,*,#1003,.F.);
#1390=ORIENTED_EDGE('',*,*,#1006,.F.);
#1391=ORIENTED_EDGE('',*,*,#1009,.F.);
#1392=ORIENTED_EDGE('',*,*,#1012,.F.);
#1393=ORIENTED_EDGE('',*,*,#1015,.F.);
#1394=ORIENTED_EDGE('',*,*,#1018,.F.);
#1395=ORIENTED_EDGE('',*,*,#1021,.F.);
#1396=ORIENTED_EDGE('',*,*,#1024,.F.);
#1397=ORIENTED_EDGE('',*,*,#1027,.F.);
#1398=ORIENTED_EDGE('',*,*,#1030,.F.);
#1399=ORIENTED_EDGE('',*,*,#1033,.T.);
#1400=ORIENTED_EDGE('',*,*,#1034,.T.);
#1401=ORIENTED_EDGE('',*,*,#1035,.T.);
#1402=ORIENTED_EDGE('',*,*,#1036,.T.);
#1403=ORIENTED_EDGE('',*,*,#1034,.F.);
#1404=ORIENTED_EDGE('',*,*,#1037,.F.);
#1405=ORIENTED_EDGE('',*,*,#1038,.F.);
#1406=ORIENTED_EDGE('',*,*,#1039,.F.);
#1407=ORIENTED_EDGE('',*,*,#1033,.F.);
#1408=ORIENTED_EDGE('',*,*,#1040,.T.);
#1409=ORIENTED_EDGE('',*,*,#1041,.F.);
#1410=ORIENTED_EDGE('',*,*,#1042,.T.);
#1411=ORIENTED_EDGE('',*,*,#1043,.F.);
#1412=ORIENTED_EDGE('',*,*,#1044,.T.);
#1413=ORIENTED_EDGE('',*,*,#1045,.F.);
#1414=ORIENTED_EDGE('',*,*,#1037,.T.);
#1415=ORIENTED_EDGE('',*,*,#910,.T.);
#1416=ORIENTED_EDGE('',*,*,#920,.T.);
#1417=ORIENTED_EDGE('',*,*,#917,.T.);
#1418=ORIENTED_EDGE('',*,*,#914,.T.);
#1419=ORIENTED_EDGE('',*,*,#922,.T.);
#1420=ORIENTED_EDGE('',*,*,#986,.T.);
#1421=ORIENTED_EDGE('',*,*,#983,.T.);
#1422=ORIENTED_EDGE('',*,*,#980,.T.);
#1423=ORIENTED_EDGE('',*,*,#977,.T.);
#1424=ORIENTED_EDGE('',*,*,#974,.T.);
#1425=ORIENTED_EDGE('',*,*,#971,.T.);
#1426=ORIENTED_EDGE('',*,*,#968,.T.);
#1427=ORIENTED_EDGE('',*,*,#965,.T.);
#1428=ORIENTED_EDGE('',*,*,#962,.T.);
#1429=ORIENTED_EDGE('',*,*,#959,.T.);
#1430=ORIENTED_EDGE('',*,*,#956,.T.);
#1431=ORIENTED_EDGE('',*,*,#953,.T.);
#1432=ORIENTED_EDGE('',*,*,#950,.T.);
#1433=ORIENTED_EDGE('',*,*,#947,.T.);
#1434=ORIENTED_EDGE('',*,*,#944,.T.);
#1435=ORIENTED_EDGE('',*,*,#941,.T.);
#1436=ORIENTED_EDGE('',*,*,#938,.T.);
#1437=ORIENTED_EDGE('',*,*,#935,.T.);
#1438=ORIENTED_EDGE('',*,*,#932,.T.);
#1439=ORIENTED_EDGE('',*,*,#929,.T.);
#1440=ORIENTED_EDGE('',*,*,#926,.T.);
#1441=ORIENTED_EDGE('',*,*,#988,.T.);
#1442=ORIENTED_EDGE('',*,*,#1031,.T.);
#1443=ORIENTED_EDGE('',*,*,#1028,.T.);
#1444=ORIENTED_EDGE('',*,*,#1025,.T.);
#1445=ORIENTED_EDGE('',*,*,#1022,.T.);
#1446=ORIENTED_EDGE('',*,*,#1019,.T.);
#1447=ORIENTED_EDGE('',*,*,#1016,.T.);
#1448=ORIENTED_EDGE('',*,*,#1013,.T.);
#1449=ORIENTED_EDGE('',*,*,#1010,.T.);
#1450=ORIENTED_EDGE('',*,*,#1007,.T.);
#1451=ORIENTED_EDGE('',*,*,#1004,.T.);
#1452=ORIENTED_EDGE('',*,*,#1001,.T.);
#1453=ORIENTED_EDGE('',*,*,#998,.T.);
#1454=ORIENTED_EDGE('',*,*,#995,.T.);
#1455=ORIENTED_EDGE('',*,*,#992,.T.);
#1456=ORIENTED_EDGE('',*,*,#1045,.T.);
#1457=ORIENTED_EDGE('',*,*,#1046,.T.);
#1458=ORIENTED_EDGE('',*,*,#1047,.T.);
#1459=ORIENTED_EDGE('',*,*,#1038,.T.);
#1460=ORIENTED_EDGE('',*,*,#1046,.F.);
#1461=ORIENTED_EDGE('',*,*,#1044,.F.);
#1462=ORIENTED_EDGE('',*,*,#1048,.F.);
#1463=ORIENTED_EDGE('',*,*,#1049,.F.);
#1464=ORIENTED_EDGE('',*,*,#1043,.T.);
#1465=ORIENTED_EDGE('',*,*,#1050,.T.);
#1466=ORIENTED_EDGE('',*,*,#1051,.T.);
#1467=ORIENTED_EDGE('',*,*,#1048,.T.);
#1468=ORIENTED_EDGE('',*,*,#1050,.F.);
#1469=ORIENTED_EDGE('',*,*,#1042,.F.);
#1470=ORIENTED_EDGE('',*,*,#1052,.F.);
#1471=ORIENTED_EDGE('',*,*,#1053,.F.);
#1472=ORIENTED_EDGE('',*,*,#1041,.T.);
#1473=ORIENTED_EDGE('',*,*,#1054,.T.);
#1474=ORIENTED_EDGE('',*,*,#1055,.T.);
#1475=ORIENTED_EDGE('',*,*,#1052,.T.);
#1476=ORIENTED_EDGE('',*,*,#876,.T.);
#1477=ORIENTED_EDGE('',*,*,#1056,.F.);
#1478=ORIENTED_EDGE('',*,*,#1054,.F.);
#1479=ORIENTED_EDGE('',*,*,#1040,.F.);
#1480=ORIENTED_EDGE('',*,*,#1036,.F.);
#1481=ORIENTED_EDGE('',*,*,#1057,.F.);
#1482=ORIENTED_EDGE('',*,*,#872,.T.);
#1483=ORIENTED_EDGE('',*,*,#865,.T.);
#1484=ORIENTED_EDGE('',*,*,#1058,.T.);
#1485=ORIENTED_EDGE('',*,*,#1059,.T.);
#1486=ORIENTED_EDGE('',*,*,#1060,.T.);
#1487=ORIENTED_EDGE('',*,*,#1061,.T.);
#1488=ORIENTED_EDGE('',*,*,#1062,.T.);
#1489=ORIENTED_EDGE('',*,*,#1063,.T.);
#1490=ORIENTED_EDGE('',*,*,#1064,.T.);
#1491=ORIENTED_EDGE('',*,*,#1065,.T.);
#1492=ORIENTED_EDGE('',*,*,#1066,.T.);
#1493=ORIENTED_EDGE('',*,*,#1067,.T.);
#1494=ORIENTED_EDGE('',*,*,#1068,.T.);
#1495=ORIENTED_EDGE('',*,*,#1069,.T.);
#1496=ORIENTED_EDGE('',*,*,#1070,.T.);
#1497=ORIENTED_EDGE('',*,*,#1071,.T.);
#1498=ORIENTED_EDGE('',*,*,#907,.T.);
#1499=ORIENTED_EDGE('',*,*,#1072,.T.);
#1500=ORIENTED_EDGE('',*,*,#1073,.T.);
#1501=ORIENTED_EDGE('',*,*,#1074,.T.);
#1502=ORIENTED_EDGE('',*,*,#1075,.T.);
#1503=ORIENTED_EDGE('',*,*,#1076,.T.);
#1504=ORIENTED_EDGE('',*,*,#1076,.F.);
#1505=ORIENTED_EDGE('',*,*,#1077,.T.);
#1506=ORIENTED_EDGE('',*,*,#1078,.T.);
#1507=ORIENTED_EDGE('',*,*,#1077,.F.);
#1508=ORIENTED_EDGE('',*,*,#1079,.T.);
#1509=ORIENTED_EDGE('',*,*,#1080,.T.);
#1510=ORIENTED_EDGE('',*,*,#1061,.F.);
#1511=ORIENTED_EDGE('',*,*,#1081,.F.);
#1512=ORIENTED_EDGE('',*,*,#1082,.T.);
#1513=ORIENTED_EDGE('',*,*,#1081,.T.);
#1514=ORIENTED_EDGE('',*,*,#1075,.F.);
#1515=ORIENTED_EDGE('',*,*,#1083,.F.);
#1516=ORIENTED_EDGE('',*,*,#1084,.T.);
#1517=ORIENTED_EDGE('',*,*,#1083,.T.);
#1518=ORIENTED_EDGE('',*,*,#1074,.F.);
#1519=ORIENTED_EDGE('',*,*,#1085,.F.);
#1520=ORIENTED_EDGE('',*,*,#1086,.T.);
#1521=ORIENTED_EDGE('',*,*,#1085,.T.);
#1522=ORIENTED_EDGE('',*,*,#1073,.F.);
#1523=ORIENTED_EDGE('',*,*,#1087,.F.);
#1524=ORIENTED_EDGE('',*,*,#1088,.T.);
#1525=ORIENTED_EDGE('',*,*,#1087,.T.);
#1526=ORIENTED_EDGE('',*,*,#1072,.F.);
#1527=ORIENTED_EDGE('',*,*,#906,.F.);
#1528=ORIENTED_EDGE('',*,*,#1089,.T.);
#1529=ORIENTED_EDGE('',*,*,#908,.T.);
#1530=ORIENTED_EDGE('',*,*,#1071,.F.);
#1531=ORIENTED_EDGE('',*,*,#1090,.F.);
#1532=ORIENTED_EDGE('',*,*,#1091,.T.);
#1533=ORIENTED_EDGE('',*,*,#1090,.T.);
#1534=ORIENTED_EDGE('',*,*,#1070,.F.);
#1535=ORIENTED_EDGE('',*,*,#1092,.F.);
#1536=ORIENTED_EDGE('',*,*,#1093,.T.);
#1537=ORIENTED_EDGE('',*,*,#1092,.T.);
#1538=ORIENTED_EDGE('',*,*,#1069,.F.);
#1539=ORIENTED_EDGE('',*,*,#1094,.F.);
#1540=ORIENTED_EDGE('',*,*,#1095,.T.);
#1541=ORIENTED_EDGE('',*,*,#1094,.T.);
#1542=ORIENTED_EDGE('',*,*,#1068,.F.);
#1543=ORIENTED_EDGE('',*,*,#1096,.F.);
#1544=ORIENTED_EDGE('',*,*,#1097,.T.);
#1545=ORIENTED_EDGE('',*,*,#1096,.T.);
#1546=ORIENTED_EDGE('',*,*,#1067,.F.);
#1547=ORIENTED_EDGE('',*,*,#1098,.F.);
#1548=ORIENTED_EDGE('',*,*,#1099,.T.);
#1549=ORIENTED_EDGE('',*,*,#1098,.T.);
#1550=ORIENTED_EDGE('',*,*,#1066,.F.);
#1551=ORIENTED_EDGE('',*,*,#1100,.F.);
#1552=ORIENTED_EDGE('',*,*,#1101,.T.);
#1553=ORIENTED_EDGE('',*,*,#1100,.T.);
#1554=ORIENTED_EDGE('',*,*,#1065,.F.);
#1555=ORIENTED_EDGE('',*,*,#1102,.F.);
#1556=ORIENTED_EDGE('',*,*,#1103,.T.);
#1557=ORIENTED_EDGE('',*,*,#1102,.T.);
#1558=ORIENTED_EDGE('',*,*,#1064,.F.);
#1559=ORIENTED_EDGE('',*,*,#1104,.F.);
#1560=ORIENTED_EDGE('',*,*,#1105,.T.);
#1561=ORIENTED_EDGE('',*,*,#1104,.T.);
#1562=ORIENTED_EDGE('',*,*,#1063,.F.);
#1563=ORIENTED_EDGE('',*,*,#1106,.F.);
#1564=ORIENTED_EDGE('',*,*,#1107,.T.);
#1565=ORIENTED_EDGE('',*,*,#1106,.T.);
#1566=ORIENTED_EDGE('',*,*,#1062,.F.);
#1567=ORIENTED_EDGE('',*,*,#1080,.F.);
#1568=ORIENTED_EDGE('',*,*,#1060,.F.);
#1569=ORIENTED_EDGE('',*,*,#1108,.T.);
#1570=ORIENTED_EDGE('',*,*,#1109,.T.);
#1571=ORIENTED_EDGE('',*,*,#1108,.F.);
#1572=ORIENTED_EDGE('',*,*,#1059,.F.);
#1573=ORIENTED_EDGE('',*,*,#1110,.T.);
#1574=ORIENTED_EDGE('',*,*,#1111,.T.);
#1575=ORIENTED_EDGE('',*,*,#1110,.F.);
#1576=ORIENTED_EDGE('',*,*,#1058,.F.);
#1577=ORIENTED_EDGE('',*,*,#1112,.T.);
#1578=ORIENTED_EDGE('',*,*,#1113,.T.);
#1579=ORIENTED_EDGE('',*,*,#1112,.F.);
#1580=ORIENTED_EDGE('',*,*,#879,.T.);
#1581=ORIENTED_EDGE('',*,*,#886,.F.);
#1582=ORIENTED_EDGE('',*,*,#904,.F.);
#1583=ORIENTED_EDGE('',*,*,#909,.F.);
#1584=ORIENTED_EDGE('',*,*,#1089,.F.);
#1585=ORIENTED_EDGE('',*,*,#1091,.F.);
#1586=ORIENTED_EDGE('',*,*,#1093,.F.);
#1587=ORIENTED_EDGE('',*,*,#1095,.F.);
#1588=ORIENTED_EDGE('',*,*,#1097,.F.);
#1589=ORIENTED_EDGE('',*,*,#1099,.F.);
#1590=ORIENTED_EDGE('',*,*,#1101,.F.);
#1591=ORIENTED_EDGE('',*,*,#1103,.F.);
#1592=ORIENTED_EDGE('',*,*,#1105,.F.);
#1593=ORIENTED_EDGE('',*,*,#1107,.F.);
#1594=ORIENTED_EDGE('',*,*,#1079,.F.);
#1595=ORIENTED_EDGE('',*,*,#1082,.F.);
#1596=ORIENTED_EDGE('',*,*,#1084,.F.);
#1597=ORIENTED_EDGE('',*,*,#1086,.F.);
#1598=ORIENTED_EDGE('',*,*,#1088,.F.);
#1599=ORIENTED_EDGE('',*,*,#905,.F.);
#1600=ORIENTED_EDGE('',*,*,#898,.T.);
#1601=ORIENTED_EDGE('',*,*,#883,.F.);
#1602=ORIENTED_EDGE('',*,*,#881,.T.);
#1603=ORIENTED_EDGE('',*,*,#891,.T.);
#1604=ORIENTED_EDGE('',*,*,#899,.F.);
#1605=ORIENTED_EDGE('',*,*,#892,.F.);
#1606=ORIENTED_EDGE('',*,*,#873,.T.);
#1607=ORIENTED_EDGE('',*,*,#1057,.T.);
#1608=ORIENTED_EDGE('',*,*,#1035,.F.);
#1609=ORIENTED_EDGE('',*,*,#1039,.T.);
#1610=ORIENTED_EDGE('',*,*,#1047,.F.);
#1611=ORIENTED_EDGE('',*,*,#1049,.T.);
#1612=ORIENTED_EDGE('',*,*,#1051,.F.);
#1613=ORIENTED_EDGE('',*,*,#1053,.T.);
#1614=ORIENTED_EDGE('',*,*,#1055,.F.);
#1615=ORIENTED_EDGE('',*,*,#1056,.T.);
#1616=ORIENTED_EDGE('',*,*,#875,.T.);
#1617=ORIENTED_EDGE('',*,*,#896,.F.);
#1618=ORIENTED_EDGE('',*,*,#902,.T.);
#1619=ORIENTED_EDGE('',*,*,#887,.T.);
#1620=ORIENTED_EDGE('',*,*,#1113,.F.);
#1621=ORIENTED_EDGE('',*,*,#1111,.F.);
#1622=ORIENTED_EDGE('',*,*,#1109,.F.);
#1623=ORIENTED_EDGE('',*,*,#1078,.F.);
#1624=PLANE('',#1788);
#1625=PLANE('',#1789);
#1626=PLANE('',#1790);
#1627=PLANE('',#1803);
#1628=PLANE('',#1804);
#1629=PLANE('',#1805);
#1630=PLANE('',#1806);
#1631=PLANE('',#1807);
#1632=PLANE('',#1808);
#1633=PLANE('',#1809);
#1634=PLANE('',#1810);
#1635=PLANE('',#1811);
#1636=PLANE('',#1812);
#1637=PLANE('',#1813);
#1638=PLANE('',#1814);
#1639=PLANE('',#1815);
#1640=PLANE('',#1816);
#1641=PLANE('',#1817);
#1642=PLANE('',#1818);
#1643=PLANE('',#1819);
#1644=PLANE('',#1820);
#1645=PLANE('',#1821);
#1646=PLANE('',#1822);
#1647=PLANE('',#1823);
#1648=PLANE('',#1824);
#1649=PLANE('',#1825);
#1650=PLANE('',#1826);
#1651=PLANE('',#1827);
#1652=PLANE('',#1828);
#1653=PLANE('',#1829);
#1654=PLANE('',#1830);
#1655=PLANE('',#1831);
#1656=PLANE('',#1832);
#1657=PLANE('',#1833);
#1658=PLANE('',#1837);
#1659=PLANE('',#1838);
#1660=PLANE('',#1844);
#1661=PLANE('',#1847);
#1662=PLANE('',#1850);
#1663=PLANE('',#1851);
#1664=PLANE('',#1853);
#1665=PLANE('',#1855);
#1666=PLANE('',#1857);
#1667=PLANE('',#1862);
#1668=PLANE('',#1866);
#1669=PLANE('',#1867);
#1670=PLANE('',#1868);
#1671=PLANE('',#1871);
#1672=PLANE('',#1872);
#1673=PLANE('',#1875);
#1674=PLANE('',#1876);
#1675=PLANE('',#1877);
#1676=PLANE('',#1880);
#1677=PLANE('',#1881);
#1678=PLANE('',#1882);
#1679=PLANE('',#1891);
#1680=ADVANCED_FACE('',(#136),#1624,.T.);
#1681=ADVANCED_FACE('',(#137),#1625,.F.);
#1682=ADVANCED_FACE('',(#138),#1626,.F.);
#1683=ADVANCED_FACE('',(#139),#120,.F.);
#1684=ADVANCED_FACE('',(#140),#121,.F.);
#1685=ADVANCED_FACE('',(#141),#122,.F.);
#1686=ADVANCED_FACE('',(#142),#123,.F.);
#1687=ADVANCED_FACE('',(#143),#1627,.T.);
#1688=ADVANCED_FACE('',(#144),#1628,.F.);
#1689=ADVANCED_FACE('',(#145),#1629,.T.);
#1690=ADVANCED_FACE('',(#146),#1630,.T.);
#1691=ADVANCED_FACE('',(#147),#1631,.T.);
#1692=ADVANCED_FACE('',(#148),#1632,.T.);
#1693=ADVANCED_FACE('',(#149),#1633,.T.);
#1694=ADVANCED_FACE('',(#150),#1634,.T.);
#1695=ADVANCED_FACE('',(#151),#1635,.T.);
#1696=ADVANCED_FACE('',(#152),#1636,.F.);
#1697=ADVANCED_FACE('',(#153),#1637,.F.);
#1698=ADVANCED_FACE('',(#154),#1638,.F.);
#1699=ADVANCED_FACE('',(#155),#1639,.F.);
#1700=ADVANCED_FACE('',(#156),#1640,.F.);
#1701=ADVANCED_FACE('',(#157),#66,.F.);
#1702=ADVANCED_FACE('',(#158),#67,.F.);
#1703=ADVANCED_FACE('',(#159),#68,.F.);
#1704=ADVANCED_FACE('',(#160),#69,.F.);
#1705=ADVANCED_FACE('',(#161),#70,.F.);
#1706=ADVANCED_FACE('',(#162),#71,.F.);
#1707=ADVANCED_FACE('',(#163),#72,.F.);
#1708=ADVANCED_FACE('',(#164),#73,.F.);
#1709=ADVANCED_FACE('',(#165),#74,.F.);
#1710=ADVANCED_FACE('',(#166),#1641,.F.);
#1711=ADVANCED_FACE('',(#167),#75,.F.);
#1712=ADVANCED_FACE('',(#168),#76,.F.);
#1713=ADVANCED_FACE('',(#169),#77,.F.);
#1714=ADVANCED_FACE('',(#170),#78,.F.);
#1715=ADVANCED_FACE('',(#171),#79,.F.);
#1716=ADVANCED_FACE('',(#172),#80,.F.);
#1717=ADVANCED_FACE('',(#173),#81,.F.);
#1718=ADVANCED_FACE('',(#174),#82,.F.);
#1719=ADVANCED_FACE('',(#175),#83,.F.);
#1720=ADVANCED_FACE('',(#176),#84,.F.);
#1721=ADVANCED_FACE('',(#177),#1642,.F.);
#1722=ADVANCED_FACE('',(#178),#85,.F.);
#1723=ADVANCED_FACE('',(#179),#1643,.T.);
#1724=ADVANCED_FACE('',(#180),#1644,.F.);
#1725=ADVANCED_FACE('',(#181),#1645,.F.);
#1726=ADVANCED_FACE('',(#182),#1646,.F.);
#1727=ADVANCED_FACE('',(#183),#1647,.F.);
#1728=ADVANCED_FACE('',(#184),#1648,.F.);
#1729=ADVANCED_FACE('',(#185),#1649,.F.);
#1730=ADVANCED_FACE('',(#186),#1650,.F.);
#1731=ADVANCED_FACE('',(#187),#1651,.F.);
#1732=ADVANCED_FACE('',(#188),#1652,.F.);
#1733=ADVANCED_FACE('',(#189),#86,.F.);
#1734=ADVANCED_FACE('',(#190),#87,.F.);
#1735=ADVANCED_FACE('',(#191),#1653,.F.);
#1736=ADVANCED_FACE('',(#192),#1654,.F.);
#1737=ADVANCED_FACE('',(#193),#1655,.F.);
#1738=ADVANCED_FACE('',(#194),#1656,.F.);
#1739=ADVANCED_FACE('',(#195),#1657,.T.);
#1740=ADVANCED_FACE('',(#196),#124,.T.);
#1741=ADVANCED_FACE('',(#197),#1658,.T.);
#1742=ADVANCED_FACE('',(#198,#15,#16,#17),#1659,.T.);
#1743=ADVANCED_FACE('',(#199),#125,.T.);
#1744=ADVANCED_FACE('',(#200),#1660,.T.);
#1745=ADVANCED_FACE('',(#201),#126,.T.);
#1746=ADVANCED_FACE('',(#202),#1661,.T.);
#1747=ADVANCED_FACE('',(#203),#127,.T.);
#1748=ADVANCED_FACE('',(#204),#1662,.T.);
#1749=ADVANCED_FACE('',(#205),#1663,.F.);
#1750=ADVANCED_FACE('',(#206),#1664,.F.);
#1751=ADVANCED_FACE('',(#207),#1665,.F.);
#1752=ADVANCED_FACE('',(#208),#1666,.F.);
#1753=ADVANCED_FACE('',(#209),#1667,.F.);
#1754=ADVANCED_FACE('',(#210),#128,.F.);
#1755=ADVANCED_FACE('',(#211),#1668,.T.);
#1756=ADVANCED_FACE('',(#212),#1669,.T.);
#1757=ADVANCED_FACE('',(#213),#1670,.T.);
#1758=ADVANCED_FACE('',(#214),#129,.T.);
#1759=ADVANCED_FACE('',(#215),#1671,.T.);
#1760=ADVANCED_FACE('',(#216),#1672,.T.);
#1761=ADVANCED_FACE('',(#217),#130,.T.);
#1762=ADVANCED_FACE('',(#218),#1673,.T.);
#1763=ADVANCED_FACE('',(#219),#1674,.T.);
#1764=ADVANCED_FACE('',(#220),#1675,.T.);
#1765=ADVANCED_FACE('',(#221),#131,.T.);
#1766=ADVANCED_FACE('',(#222),#1676,.T.);
#1767=ADVANCED_FACE('',(#223),#1677,.T.);
#1768=ADVANCED_FACE('',(#224),#1678,.T.);
#1769=ADVANCED_FACE('',(#225),#132,.T.);
#1770=ADVANCED_FACE('',(#226),#133,.F.);
#1771=ADVANCED_FACE('',(#227),#134,.F.);
#1772=ADVANCED_FACE('',(#228),#135,.F.);
#1773=ADVANCED_FACE('',(#229,#18,#19,#20,#21),#1679,.F.);
#1774=CLOSED_SHELL('',(#1680,#1681,#1682,#1683,#1684,#1685,#1686,#1687,
#1688,#1689,#1690,#1691,#1692,#1693,#1694,#1695,#1696,#1697,#1698,#1699,
#1700,#1701,#1702,#1703,#1704,#1705,#1706,#1707,#1708,#1709,#1710,#1711,
#1712,#1713,#1714,#1715,#1716,#1717,#1718,#1719,#1720,#1721,#1722,#1723,
#1724,#1725,#1726,#1727,#1728,#1729,#1730,#1731,#1732,#1733,#1734,#1735,
#1736,#1737,#1738,#1739,#1740,#1741,#1742,#1743,#1744,#1745,#1746,#1747,
#1748,#1749,#1750,#1751,#1752,#1753,#1754,#1755,#1756,#1757,#1758,#1759,
#1760,#1761,#1762,#1763,#1764,#1765,#1766,#1767,#1768,#1769,#1770,#1771,
#1772,#1773));
#1775=DERIVED_UNIT_ELEMENT(#1777,1.);
#1776=DERIVED_UNIT_ELEMENT(#3180,-3.);
#1777=(
MASS_UNIT()
NAMED_UNIT(*)
SI_UNIT(.KILO.,.GRAM.)
);
#1778=DERIVED_UNIT((#1775,#1776));
#1779=MEASURE_REPRESENTATION_ITEM('density measure',
POSITIVE_RATIO_MEASURE(7850.),#1778);
#1780=PROPERTY_DEFINITION_REPRESENTATION(#1785,#1782);
#1781=PROPERTY_DEFINITION_REPRESENTATION(#1786,#1783);
#1782=REPRESENTATION('material name',(#1784),#3177);
#1783=REPRESENTATION('density',(#1779),#3177);
#1784=DESCRIPTIVE_REPRESENTATION_ITEM('Steel','Steel');
#1785=PROPERTY_DEFINITION('material property','material name',#3187);
#1786=PROPERTY_DEFINITION('material property','density of part',#3187);
#1787=AXIS2_PLACEMENT_3D('',#2281,#1892,#1893);
#1788=AXIS2_PLACEMENT_3D('',#2282,#1894,#1895);
#1789=AXIS2_PLACEMENT_3D('',#2291,#1900,#1901);
#1790=AXIS2_PLACEMENT_3D('',#2300,#1906,#1907);
#1791=AXIS2_PLACEMENT_3D('',#2309,#1912,#1913);
#1792=AXIS2_PLACEMENT_3D('',#2311,#1914,#1915);
#1793=AXIS2_PLACEMENT_3D('',#2313,#1916,#1917);
#1794=AXIS2_PLACEMENT_3D('',#2315,#1919,#1920);
#1795=AXIS2_PLACEMENT_3D('',#2317,#1921,#1922);
#1796=AXIS2_PLACEMENT_3D('',#2320,#1924,#1925);
#1797=AXIS2_PLACEMENT_3D('',#2321,#1926,#1927);
#1798=AXIS2_PLACEMENT_3D('',#2323,#1928,#1929);
#1799=AXIS2_PLACEMENT_3D('',#2325,#1930,#1931);
#1800=AXIS2_PLACEMENT_3D('',#2327,#1933,#1934);
#1801=AXIS2_PLACEMENT_3D('',#2329,#1935,#1936);
#1802=AXIS2_PLACEMENT_3D('',#2332,#1938,#1939);
#1803=AXIS2_PLACEMENT_3D('',#2333,#1940,#1941);
#1804=AXIS2_PLACEMENT_3D('',#2340,#1946,#1947);
#1805=AXIS2_PLACEMENT_3D('',#2350,#1953,#1954);
#1806=AXIS2_PLACEMENT_3D('',#2360,#1960,#1961);
#1807=AXIS2_PLACEMENT_3D('',#2364,#1964,#1965);
#1808=AXIS2_PLACEMENT_3D('',#2367,#1968,#1969);
#1809=AXIS2_PLACEMENT_3D('',#2369,#1971,#1972);
#1810=AXIS2_PLACEMENT_3D('',#2371,#1974,#1975);
#1811=AXIS2_PLACEMENT_3D('',#2375,#1978,#1979);
#1812=AXIS2_PLACEMENT_3D('',#2385,#1985,#1986);
#1813=AXIS2_PLACEMENT_3D('',#2394,#1991,#1992);
#1814=AXIS2_PLACEMENT_3D('',#2400,#1996,#1997);
#1815=AXIS2_PLACEMENT_3D('',#2406,#2001,#2002);
#1816=AXIS2_PLACEMENT_3D('',#2409,#2005,#2006);
#1817=AXIS2_PLACEMENT_3D('',#2620,#2017,#2018);
#1818=AXIS2_PLACEMENT_3D('',#2856,#2032,#2033);
#1819=AXIS2_PLACEMENT_3D('',#2882,#2037,#2038);
#1820=AXIS2_PLACEMENT_3D('',#2883,#2039,#2040);
#1821=AXIS2_PLACEMENT_3D('',#2892,#2045,#2046);
#1822=AXIS2_PLACEMENT_3D('',#2898,#2050,#2051);
#1823=AXIS2_PLACEMENT_3D('',#2904,#2055,#2056);
#1824=AXIS2_PLACEMENT_3D('',#2910,#2060,#2061);
#1825=AXIS2_PLACEMENT_3D('',#2916,#2065,#2066);
#1826=AXIS2_PLACEMENT_3D('',#2922,#2070,#2071);
#1827=AXIS2_PLACEMENT_3D('',#2928,#2075,#2076);
#1828=AXIS2_PLACEMENT_3D('',#2934,#2080,#2081);
#1829=AXIS2_PLACEMENT_3D('',#2986,#2087,#2088);
#1830=AXIS2_PLACEMENT_3D('',#2992,#2092,#2093);
#1831=AXIS2_PLACEMENT_3D('',#2998,#2097,#2098);
#1832=AXIS2_PLACEMENT_3D('',#3004,#2102,#2103);
#1833=AXIS2_PLACEMENT_3D('',#3007,#2106,#2107);
#1834=AXIS2_PLACEMENT_3D('',#3008,#2108,#2109);
#1835=AXIS2_PLACEMENT_3D('',#3011,#2110,#2111);
#1836=AXIS2_PLACEMENT_3D('',#3015,#2113,#2114);
#1837=AXIS2_PLACEMENT_3D('',#3017,#2116,#2117);
#1838=AXIS2_PLACEMENT_3D('',#3023,#2121,#2122);
#1839=AXIS2_PLACEMENT_3D('',#3027,#2124,#2125);
#1840=AXIS2_PLACEMENT_3D('',#3031,#2127,#2128);
#1841=AXIS2_PLACEMENT_3D('',#3034,#2130,#2131);
#1842=AXIS2_PLACEMENT_3D('',#3035,#2132,#2133);
#1843=AXIS2_PLACEMENT_3D('',#3038,#2135,#2136);
#1844=AXIS2_PLACEMENT_3D('',#3039,#2137,#2138);
#1845=AXIS2_PLACEMENT_3D('',#3043,#2141,#2142);
#1846=AXIS2_PLACEMENT_3D('',#3046,#2144,#2145);
#1847=AXIS2_PLACEMENT_3D('',#3047,#2146,#2147);
#1848=AXIS2_PLACEMENT_3D('',#3051,#2150,#2151);
#1849=AXIS2_PLACEMENT_3D('',#3054,#2153,#2154);
#1850=AXIS2_PLACEMENT_3D('',#3055,#2155,#2156);
#1851=AXIS2_PLACEMENT_3D('',#3058,#2159,#2160);
#1852=AXIS2_PLACEMENT_3D('',#3060,#2161,#2162);
#1853=AXIS2_PLACEMENT_3D('',#3061,#2163,#2164);
#1854=AXIS2_PLACEMENT_3D('',#3063,#2165,#2166);
#1855=AXIS2_PLACEMENT_3D('',#3064,#2167,#2168);
#1856=AXIS2_PLACEMENT_3D('',#3066,#2169,#2170);
#1857=AXIS2_PLACEMENT_3D('',#3067,#2171,#2172);
#1858=AXIS2_PLACEMENT_3D('',#3072,#2174,#2175);
#1859=AXIS2_PLACEMENT_3D('',#3080,#2179,#2180);
#1860=AXIS2_PLACEMENT_3D('',#3088,#2184,#2185);
#1861=AXIS2_PLACEMENT_3D('',#3093,#2188,#2189);
#1862=AXIS2_PLACEMENT_3D('',#3097,#2192,#2193);
#1863=AXIS2_PLACEMENT_3D('',#3099,#2194,#2195);
#1864=AXIS2_PLACEMENT_3D('',#3100,#2196,#2197);
#1865=AXIS2_PLACEMENT_3D('',#3103,#2199,#2200);
#1866=AXIS2_PLACEMENT_3D('',#3104,#2201,#2202);
#1867=AXIS2_PLACEMENT_3D('',#3110,#2206,#2207);
#1868=AXIS2_PLACEMENT_3D('',#3114,#2210,#2211);
#1869=AXIS2_PLACEMENT_3D('',#3118,#2214,#2215);
#1870=AXIS2_PLACEMENT_3D('',#3120,#2216,#2217);
#1871=AXIS2_PLACEMENT_3D('',#3122,#2219,#2220);
#1872=AXIS2_PLACEMENT_3D('',#3124,#2222,#2223);
#1873=AXIS2_PLACEMENT_3D('',#3128,#2226,#2227);
#1874=AXIS2_PLACEMENT_3D('',#3130,#2228,#2229);
#1875=AXIS2_PLACEMENT_3D('',#3132,#2231,#2232);
#1876=AXIS2_PLACEMENT_3D('',#3136,#2235,#2236);
#1877=AXIS2_PLACEMENT_3D('',#3140,#2239,#2240);
#1878=AXIS2_PLACEMENT_3D('',#3144,#2243,#2244);
#1879=AXIS2_PLACEMENT_3D('',#3146,#2245,#2246);
#1880=AXIS2_PLACEMENT_3D('',#3148,#2248,#2249);
#1881=AXIS2_PLACEMENT_3D('',#3152,#2252,#2253);
#1882=AXIS2_PLACEMENT_3D('',#3156,#2256,#2257);
#1883=AXIS2_PLACEMENT_3D('',#3160,#2260,#2261);
#1884=AXIS2_PLACEMENT_3D('',#3161,#2262,#2263);
#1885=AXIS2_PLACEMENT_3D('',#3162,#2264,#2265);
#1886=AXIS2_PLACEMENT_3D('',#3165,#2267,#2268);
#1887=AXIS2_PLACEMENT_3D('',#3166,#2269,#2270);
#1888=AXIS2_PLACEMENT_3D('',#3169,#2272,#2273);
#1889=AXIS2_PLACEMENT_3D('',#3170,#2274,#2275);
#1890=AXIS2_PLACEMENT_3D('',#3173,#2277,#2278);
#1891=AXIS2_PLACEMENT_3D('',#3174,#2279,#2280);
#1892=DIRECTION('axis',(0.,0.,1.));
#1893=DIRECTION('refdir',(1.,0.,0.));
#1894=DIRECTION('center_axis',(0.707106781186548,0.707106781186548,0.));
#1895=DIRECTION('ref_axis',(0.,0.,-1.));
#1896=DIRECTION('',(0.707106781186548,-0.707106781186548,0.));
#1897=DIRECTION('',(0.,0.,1.));
#1898=DIRECTION('',(-0.707106781186547,0.707106781186547,0.));
#1899=DIRECTION('',(0.,0.,1.));
#1900=DIRECTION('center_axis',(0.,1.,0.));
#1901=DIRECTION('ref_axis',(0.,0.,1.));
#1902=DIRECTION('',(0.,0.,-1.));
#1903=DIRECTION('',(1.,0.,0.));
#1904=DIRECTION('',(0.,0.,1.));
#1905=DIRECTION('',(1.,0.,0.));
#1906=DIRECTION('center_axis',(0.,1.,0.));
#1907=DIRECTION('ref_axis',(0.,0.,1.));
#1908=DIRECTION('',(0.,0.,1.));
#1909=DIRECTION('',(1.,0.,0.));
#1910=DIRECTION('',(0.,0.,-1.));
#1911=DIRECTION('',(1.,0.,0.));
#1912=DIRECTION('center_axis',(1.,0.,0.));
#1913=DIRECTION('ref_axis',(0.,1.,0.));
#1914=DIRECTION('center_axis',(-1.,0.,0.));
#1915=DIRECTION('ref_axis',(0.,1.,0.));
#1916=DIRECTION('center_axis',(1.,0.,0.));
#1917=DIRECTION('ref_axis',(0.,1.,0.));
#1918=DIRECTION('',(-1.,0.,0.));
#1919=DIRECTION('center_axis',(1.,0.,0.));
#1920=DIRECTION('ref_axis',(0.,0.,1.));
#1921=DIRECTION('center_axis',(-1.,0.,0.));
#1922=DIRECTION('ref_axis',(0.,0.,1.));
#1923=DIRECTION('',(1.,0.,0.));
#1924=DIRECTION('center_axis',(1.,0.,0.));
#1925=DIRECTION('ref_axis',(0.,0.,1.));
#1926=DIRECTION('center_axis',(1.,0.,0.));
#1927=DIRECTION('ref_axis',(0.,0.,1.));
#1928=DIRECTION('center_axis',(1.,0.,0.));
#1929=DIRECTION('ref_axis',(0.,0.,1.));
#1930=DIRECTION('center_axis',(-1.,0.,0.));
#1931=DIRECTION('ref_axis',(0.,0.,1.));
#1932=DIRECTION('',(1.,0.,0.));
#1933=DIRECTION('center_axis',(1.,0.,0.));
#1934=DIRECTION('ref_axis',(0.,1.,0.));
#1935=DIRECTION('center_axis',(1.,0.,0.));
#1936=DIRECTION('ref_axis',(0.,1.,0.));
#1937=DIRECTION('',(-1.,0.,0.));
#1938=DIRECTION('center_axis',(-1.,0.,0.));
#1939=DIRECTION('ref_axis',(0.,1.,0.));
#1940=DIRECTION('center_axis',(1.,0.,0.));
#1941=DIRECTION('ref_axis',(0.,0.,-1.));
#1942=DIRECTION('',(0.,0.,-1.));
#1943=DIRECTION('',(0.,1.,0.));
#1944=DIRECTION('',(0.,-1.,0.));
#1945=DIRECTION('',(0.,0.,-1.));
#1946=DIRECTION('center_axis',(1.,0.,0.));
#1947=DIRECTION('ref_axis',(0.,0.,-1.));
#1948=DIRECTION('',(0.,0.,-1.));
#1949=DIRECTION('',(0.,1.,0.));
#1950=DIRECTION('',(0.,0.,-1.));
#1951=DIRECTION('',(0.,-1.,0.));
#1952=DIRECTION('',(0.,0.,-1.));
#1953=DIRECTION('center_axis',(1.,0.,0.));
#1954=DIRECTION('ref_axis',(0.,0.,-1.));
#1955=DIRECTION('',(0.,0.,-1.));
#1956=DIRECTION('',(0.,1.,0.));
#1957=DIRECTION('',(0.,0.,1.));
#1958=DIRECTION('',(0.,-1.,0.));
#1959=DIRECTION('',(0.,0.,-1.));
#1960=DIRECTION('center_axis',(0.,0.,-1.));
#1961=DIRECTION('ref_axis',(0.,1.,0.));
#1962=DIRECTION('',(0.,-1.,0.));
#1963=DIRECTION('',(1.,0.,0.));
#1964=DIRECTION('center_axis',(0.,0.,1.));
#1965=DIRECTION('ref_axis',(0.,-1.,0.));
#1966=DIRECTION('',(1.,0.,0.));
#1967=DIRECTION('',(1.,0.,0.));
#1968=DIRECTION('center_axis',(0.,-1.,0.));
#1969=DIRECTION('ref_axis',(0.,0.,-1.));
#1970=DIRECTION('',(1.,0.,0.));
#1971=DIRECTION('center_axis',(0.,0.,-1.));
#1972=DIRECTION('ref_axis',(0.,1.,0.));
#1973=DIRECTION('',(1.,0.,0.));
#1974=DIRECTION('center_axis',(0.,0.,1.));
#1975=DIRECTION('ref_axis',(0.,-1.,0.));
#1976=DIRECTION('',(0.,1.,0.));
#1977=DIRECTION('',(1.,0.,0.));
#1978=DIRECTION('center_axis',(1.,0.,0.));
#1979=DIRECTION('ref_axis',(0.,0.,-1.));
#1980=DIRECTION('',(0.,0.,-1.));
#1981=DIRECTION('',(0.,1.,0.));
#1982=DIRECTION('',(0.,0.,-1.));
#1983=DIRECTION('',(0.,1.,0.));
#1984=DIRECTION('',(0.,0.,-1.));
#1985=DIRECTION('center_axis',(1.,0.,0.));
#1986=DIRECTION('ref_axis',(0.,0.,1.));
#1987=DIRECTION('',(0.,0.,1.));
#1988=DIRECTION('',(0.,-1.,0.));
#1989=DIRECTION('',(0.,0.,1.));
#1990=DIRECTION('',(0.,-1.,0.));
#1991=DIRECTION('center_axis',(0.,0.,-1.));
#1992=DIRECTION('ref_axis',(1.,0.,0.));
#1993=DIRECTION('',(1.,0.,0.));
#1994=DIRECTION('',(0.,-1.,0.));
#1995=DIRECTION('',(1.,0.,0.));
#1996=DIRECTION('center_axis',(-1.,0.,0.));
#1997=DIRECTION('ref_axis',(0.,0.,-1.));
#1998=DIRECTION('',(0.,0.,-1.));
#1999=DIRECTION('',(0.,-1.,0.));
#2000=DIRECTION('',(0.,0.,-1.));
#2001=DIRECTION('center_axis',(0.,0.,1.));
#2002=DIRECTION('ref_axis',(-1.,0.,0.));
#2003=DIRECTION('',(-1.,0.,0.));
#2004=DIRECTION('',(-1.,0.,0.));
#2005=DIRECTION('center_axis',(0.,-1.,0.));
#2006=DIRECTION('ref_axis',(0.,0.,-1.));
#2007=DIRECTION('',(0.,-1.,0.));
#2008=DIRECTION('',(0.,-1.,0.));
#2009=DIRECTION('',(0.,-1.,0.));
#2010=DIRECTION('',(0.,-1.,0.));
#2011=DIRECTION('',(0.,-1.,0.));
#2012=DIRECTION('',(0.,-1.,0.));
#2013=DIRECTION('',(0.,-1.,0.));
#2014=DIRECTION('',(0.,-1.,0.));
#2015=DIRECTION('',(0.,-1.,0.));
#2016=DIRECTION('',(0.,-1.,0.));
#2017=DIRECTION('center_axis',(0.229323345401875,0.,0.973350298327222));
#2018=DIRECTION('ref_axis',(-0.973350298327222,0.,0.229323345401875));
#2019=DIRECTION('',(-0.973350298327222,0.,0.229323345401875));
#2020=DIRECTION('',(0.,-1.,0.));
#2021=DIRECTION('',(-0.973350298327222,0.,0.229323345401875));
#2022=DIRECTION('',(0.,-1.,0.));
#2023=DIRECTION('',(0.,-1.,0.));
#2024=DIRECTION('',(0.,-1.,0.));
#2025=DIRECTION('',(0.,-1.,0.));
#2026=DIRECTION('',(0.,-1.,0.));
#2027=DIRECTION('',(0.,-1.,0.));
#2028=DIRECTION('',(0.,-1.,0.));
#2029=DIRECTION('',(0.,-1.,0.));
#2030=DIRECTION('',(0.,-1.,0.));
#2031=DIRECTION('',(0.,-1.,0.));
#2032=DIRECTION('center_axis',(0.244886928279634,0.,-0.969551645018338));
#2033=DIRECTION('ref_axis',(0.969551645018338,0.,0.244886928279634));
#2034=DIRECTION('',(0.969551645018338,0.,0.244886928279634));
#2035=DIRECTION('',(0.,-1.,0.));
#2036=DIRECTION('',(0.969551645018338,0.,0.244886928279634));
#2037=DIRECTION('center_axis',(0.,1.,0.));
#2038=DIRECTION('ref_axis',(-1.,0.,0.));
#2039=DIRECTION('center_axis',(1.,0.,0.));
#2040=DIRECTION('ref_axis',(0.,0.,1.));
#2041=DIRECTION('',(0.,0.,1.));
#2042=DIRECTION('',(0.,-1.,0.));
#2043=DIRECTION('',(0.,0.,1.));
#2044=DIRECTION('',(0.,-1.,0.));
#2045=DIRECTION('center_axis',(-0.946846741916582,0.,0.321685012585221));
#2046=DIRECTION('ref_axis',(-0.321685012585221,0.,-0.946846741916582));
#2047=DIRECTION('',(-0.321685012585221,0.,-0.946846741916582));
#2048=DIRECTION('',(0.,-1.,0.));
#2049=DIRECTION('',(-0.321685012585221,0.,-0.946846741916582));
#2050=DIRECTION('center_axis',(0.,0.,1.));
#2051=DIRECTION('ref_axis',(-1.,0.,0.));
#2052=DIRECTION('',(-1.,0.,0.));
#2053=DIRECTION('',(0.,-1.,0.));
#2054=DIRECTION('',(-1.,0.,0.));
#2055=DIRECTION('center_axis',(0.944683638128122,0.,0.327982962748091));
#2056=DIRECTION('ref_axis',(-0.327982962748091,0.,0.944683638128122));
#2057=DIRECTION('',(-0.327982962748091,0.,0.944683638128122));
#2058=DIRECTION('',(0.,-1.,0.));
#2059=DIRECTION('',(-0.327982962748091,0.,0.944683638128122));
#2060=DIRECTION('center_axis',(-1.,0.,0.));
#2061=DIRECTION('ref_axis',(0.,0.,-1.));
#2062=DIRECTION('',(0.,0.,-1.));
#2063=DIRECTION('',(0.,-1.,0.));
#2064=DIRECTION('',(0.,0.,-1.));
#2065=DIRECTION('center_axis',(0.,0.,1.));
#2066=DIRECTION('ref_axis',(-1.,0.,0.));
#2067=DIRECTION('',(-1.,0.,0.));
#2068=DIRECTION('',(0.,-1.,0.));
#2069=DIRECTION('',(-1.,0.,0.));
#2070=DIRECTION('center_axis',(1.,0.,0.));
#2071=DIRECTION('ref_axis',(0.,0.,1.));
#2072=DIRECTION('',(0.,0.,1.));
#2073=DIRECTION('',(0.,-1.,0.));
#2074=DIRECTION('',(0.,0.,1.));
#2075=DIRECTION('center_axis',(0.,0.,-1.));
#2076=DIRECTION('ref_axis',(1.,0.,0.));
#2077=DIRECTION('',(1.,0.,0.));
#2078=DIRECTION('',(0.,-1.,0.));
#2079=DIRECTION('',(1.,0.,0.));
#2080=DIRECTION('center_axis',(-0.945579695507175,0.,-0.32539059519992));
#2081=DIRECTION('ref_axis',(0.32539059519992,0.,-0.945579695507175));
#2082=DIRECTION('',(0.32539059519992,0.,-0.945579695507175));
#2083=DIRECTION('',(0.,-1.,0.));
#2084=DIRECTION('',(0.32539059519992,0.,-0.945579695507175));
#2085=DIRECTION('',(0.,-1.,0.));
#2086=DIRECTION('',(0.,-1.,0.));
#2087=DIRECTION('center_axis',(0.948408852846127,0.,-0.317049913803952));
#2088=DIRECTION('ref_axis',(0.317049913803952,0.,0.948408852846127));
#2089=DIRECTION('',(0.317049913803952,0.,0.948408852846127));
#2090=DIRECTION('',(0.,-1.,0.));
#2091=DIRECTION('',(0.317049913803952,0.,0.948408852846127));
#2092=DIRECTION('center_axis',(0.,0.,-1.));
#2093=DIRECTION('ref_axis',(1.,0.,0.));
#2094=DIRECTION('',(1.,0.,0.));
#2095=DIRECTION('',(0.,-1.,0.));
#2096=DIRECTION('',(1.,0.,0.));
#2097=DIRECTION('center_axis',(-1.,0.,0.));
#2098=DIRECTION('ref_axis',(0.,0.,-1.));
#2099=DIRECTION('',(0.,0.,-1.));
#2100=DIRECTION('',(0.,-1.,0.));
#2101=DIRECTION('',(0.,0.,-1.));
#2102=DIRECTION('center_axis',(0.,0.,1.));
#2103=DIRECTION('ref_axis',(-1.,0.,0.));
#2104=DIRECTION('',(-1.,0.,0.));
#2105=DIRECTION('',(-1.,0.,0.));
#2106=DIRECTION('center_axis',(0.,1.,0.));
#2107=DIRECTION('ref_axis',(-1.,0.,0.));
#2108=DIRECTION('center_axis',(0.,1.,0.));
#2109=DIRECTION('ref_axis',(-0.707106781186549,0.,-0.707106781186546));
#2110=DIRECTION('center_axis',(0.,-1.,0.));
#2111=DIRECTION('ref_axis',(-0.707106781186549,0.,-0.707106781186546));
#2112=DIRECTION('',(0.,-1.,0.));
#2113=DIRECTION('center_axis',(0.,1.,0.));
#2114=DIRECTION('ref_axis',(-0.707106781186549,0.,-0.707106781186546));
#2115=DIRECTION('',(0.,1.,0.));
#2116=DIRECTION('center_axis',(0.,0.,-1.));
#2117=DIRECTION('ref_axis',(-1.,0.,0.));
#2118=DIRECTION('',(-1.,0.,0.));
#2119=DIRECTION('',(0.,1.,0.));
#2120=DIRECTION('',(1.,0.,0.));
#2121=DIRECTION('center_axis',(0.,1.,0.));
#2122=DIRECTION('ref_axis',(0.,0.,1.));
#2123=DIRECTION('',(0.,0.,1.));
#2124=DIRECTION('center_axis',(0.,-1.,0.));
#2125=DIRECTION('ref_axis',(-0.707106781186547,0.,0.707106781186548));
#2126=DIRECTION('',(1.,0.,0.));
#2127=DIRECTION('center_axis',(0.,-1.,0.));
#2128=DIRECTION('ref_axis',(0.707106781186549,0.,0.707106781186546));
#2129=DIRECTION('',(0.,0.,-1.));
#2130=DIRECTION('center_axis',(0.,-1.,0.));
#2131=DIRECTION('ref_axis',(0.707106781186544,0.,-0.707106781186551));
#2132=DIRECTION('center_axis',(0.,1.,0.));
#2133=DIRECTION('ref_axis',(0.707106781186544,0.,-0.707106781186551));
#2134=DIRECTION('',(0.,-1.,0.));
#2135=DIRECTION('center_axis',(0.,1.,0.));
#2136=DIRECTION('ref_axis',(0.707106781186544,0.,-0.707106781186551));
#2137=DIRECTION('center_axis',(1.,0.,0.));
#2138=DIRECTION('ref_axis',(0.,0.,-1.));
#2139=DIRECTION('',(0.,1.,0.));
#2140=DIRECTION('',(0.,0.,1.));
#2141=DIRECTION('center_axis',(0.,1.,0.));
#2142=DIRECTION('ref_axis',(0.707106781186549,0.,0.707106781186546));
#2143=DIRECTION('',(0.,-1.,0.));
#2144=DIRECTION('center_axis',(0.,1.,0.));
#2145=DIRECTION('ref_axis',(0.707106781186549,0.,0.707106781186546));
#2146=DIRECTION('center_axis',(0.,0.,1.));
#2147=DIRECTION('ref_axis',(1.,0.,0.));
#2148=DIRECTION('',(0.,1.,0.));
#2149=DIRECTION('',(-1.,0.,0.));
#2150=DIRECTION('center_axis',(0.,1.,0.));
#2151=DIRECTION('ref_axis',(-0.707106781186547,0.,0.707106781186548));
#2152=DIRECTION('',(0.,-1.,0.));
#2153=DIRECTION('center_axis',(0.,1.,0.));
#2154=DIRECTION('ref_axis',(-0.707106781186547,0.,0.707106781186548));
#2155=DIRECTION('center_axis',(-1.,0.,0.));
#2156=DIRECTION('ref_axis',(0.,0.,1.));
#2157=DIRECTION('',(0.,0.,-1.));
#2158=DIRECTION('',(0.,0.,-1.));
#2159=DIRECTION('center_axis',(0.,1.,0.));
#2160=DIRECTION('ref_axis',(-1.,0.,0.));
#2161=DIRECTION('center_axis',(0.,-1.,0.));
#2162=DIRECTION('ref_axis',(1.,0.,0.));
#2163=DIRECTION('center_axis',(0.,1.,0.));
#2164=DIRECTION('ref_axis',(-1.,0.,0.));
#2165=DIRECTION('center_axis',(0.,-1.,0.));
#2166=DIRECTION('ref_axis',(1.,0.,0.));
#2167=DIRECTION('center_axis',(0.,1.,0.));
#2168=DIRECTION('ref_axis',(-1.,0.,0.));
#2169=DIRECTION('center_axis',(0.,-1.,0.));
#2170=DIRECTION('ref_axis',(1.,0.,0.));
#2171=DIRECTION('center_axis',(0.,1.,0.));
#2172=DIRECTION('ref_axis',(-1.,0.,0.));
#2173=DIRECTION('',(0.,0.,1.));
#2174=DIRECTION('center_axis',(0.,1.,0.));
#2175=DIRECTION('ref_axis',(-1.,0.,0.));
#2176=DIRECTION('',(1.,0.,0.));
#2177=DIRECTION('',(0.,0.,1.));
#2178=DIRECTION('',(-1.,0.,3.70074394848921E-16));
#2179=DIRECTION('center_axis',(0.,1.,0.));
#2180=DIRECTION('ref_axis',(0.,0.,-1.));
#2181=DIRECTION('',(0.,0.,1.));
#2182=DIRECTION('',(-1.,0.,0.));
#2183=DIRECTION('',(0.,0.,-1.));
#2184=DIRECTION('center_axis',(0.,1.,0.));
#2185=DIRECTION('ref_axis',(1.,0.,0.));
#2186=DIRECTION('',(-1.,0.,0.));
#2187=DIRECTION('',(1.,0.,0.));
#2188=DIRECTION('center_axis',(0.,1.,0.));
#2189=DIRECTION('ref_axis',(0.,0.,1.));
#2190=DIRECTION('',(-3.70074394848921E-16,0.,-1.));
#2191=DIRECTION('',(1.,0.,0.));
#2192=DIRECTION('center_axis',(0.,1.,0.));
#2193=DIRECTION('ref_axis',(-1.,0.,0.));
#2194=DIRECTION('center_axis',(0.,-1.,0.));
#2195=DIRECTION('ref_axis',(1.,0.,0.));
#2196=DIRECTION('center_axis',(0.,1.,0.));
#2197=DIRECTION('ref_axis',(1.,0.,0.));
#2198=DIRECTION('',(0.,-1.,0.));
#2199=DIRECTION('center_axis',(0.,-1.,0.));
#2200=DIRECTION('ref_axis',(1.,0.,0.));
#2201=DIRECTION('center_axis',(-1.,0.,0.));
#2202=DIRECTION('ref_axis',(0.,0.,1.));
#2203=DIRECTION('',(0.,0.,1.));
#2204=DIRECTION('',(0.,1.,0.));
#2205=DIRECTION('',(0.,1.,0.));
#2206=DIRECTION('center_axis',(0.,0.,1.));
#2207=DIRECTION('ref_axis',(1.,0.,0.));
#2208=DIRECTION('',(1.,0.,0.));
#2209=DIRECTION('',(0.,1.,0.));
#2210=DIRECTION('center_axis',(1.,0.,-3.70074394848921E-16));
#2211=DIRECTION('ref_axis',(-3.70074394848921E-16,0.,-1.));
#2212=DIRECTION('',(-3.70074394848921E-16,0.,-1.));
#2213=DIRECTION('',(0.,1.,0.));
#2214=DIRECTION('center_axis',(0.,1.,0.));
#2215=DIRECTION('ref_axis',(0.,0.,1.));
#2216=DIRECTION('center_axis',(0.,1.,0.));
#2217=DIRECTION('ref_axis',(0.,0.,1.));
#2218=DIRECTION('',(0.,1.,0.));
#2219=DIRECTION('center_axis',(0.,0.,1.));
#2220=DIRECTION('ref_axis',(1.,0.,0.));
#2221=DIRECTION('',(1.,0.,0.));
#2222=DIRECTION('center_axis',(0.,0.,-1.));
#2223=DIRECTION('ref_axis',(-1.,0.,0.));
#2224=DIRECTION('',(-1.,0.,0.));
#2225=DIRECTION('',(0.,1.,0.));
#2226=DIRECTION('center_axis',(0.,1.,0.));
#2227=DIRECTION('ref_axis',(1.,0.,0.));
#2228=DIRECTION('center_axis',(0.,1.,0.));
#2229=DIRECTION('ref_axis',(1.,0.,0.));
#2230=DIRECTION('',(0.,1.,0.));
#2231=DIRECTION('center_axis',(1.,0.,0.));
#2232=DIRECTION('ref_axis',(0.,0.,-1.));
#2233=DIRECTION('',(0.,0.,-1.));
#2234=DIRECTION('',(0.,1.,0.));
#2235=DIRECTION('center_axis',(0.,0.,-1.));
#2236=DIRECTION('ref_axis',(-1.,0.,0.));
#2237=DIRECTION('',(-1.,0.,0.));
#2238=DIRECTION('',(0.,1.,0.));
#2239=DIRECTION('center_axis',(-1.,0.,0.));
#2240=DIRECTION('ref_axis',(0.,0.,1.));
#2241=DIRECTION('',(0.,0.,1.));
#2242=DIRECTION('',(0.,1.,0.));
#2243=DIRECTION('center_axis',(0.,1.,0.));
#2244=DIRECTION('ref_axis',(0.,0.,-1.));
#2245=DIRECTION('center_axis',(0.,1.,0.));
#2246=DIRECTION('ref_axis',(0.,0.,-1.));
#2247=DIRECTION('',(0.,1.,0.));
#2248=DIRECTION('center_axis',(-3.70074394848921E-16,0.,-1.));
#2249=DIRECTION('ref_axis',(-1.,0.,3.70074394848921E-16));
#2250=DIRECTION('',(-1.,0.,3.70074394848921E-16));
#2251=DIRECTION('',(0.,1.,0.));
#2252=DIRECTION('center_axis',(-1.,0.,0.));
#2253=DIRECTION('ref_axis',(0.,0.,1.));
#2254=DIRECTION('',(0.,0.,1.));
#2255=DIRECTION('',(0.,1.,0.));
#2256=DIRECTION('center_axis',(0.,0.,1.));
#2257=DIRECTION('ref_axis',(1.,0.,0.));
#2258=DIRECTION('',(1.,0.,0.));
#2259=DIRECTION('',(0.,1.,0.));
#2260=DIRECTION('center_axis',(0.,1.,0.));
#2261=DIRECTION('ref_axis',(-1.,0.,0.));
#2262=DIRECTION('center_axis',(0.,1.,0.));
#2263=DIRECTION('ref_axis',(-1.,0.,0.));
#2264=DIRECTION('center_axis',(0.,1.,0.));
#2265=DIRECTION('ref_axis',(1.,0.,0.));
#2266=DIRECTION('',(0.,-1.,0.));
#2267=DIRECTION('center_axis',(0.,-1.,0.));
#2268=DIRECTION('ref_axis',(1.,0.,0.));
#2269=DIRECTION('center_axis',(0.,1.,0.));
#2270=DIRECTION('ref_axis',(1.,0.,0.));
#2271=DIRECTION('',(0.,-1.,0.));
#2272=DIRECTION('center_axis',(0.,-1.,0.));
#2273=DIRECTION('ref_axis',(1.,0.,0.));
#2274=DIRECTION('center_axis',(0.,1.,0.));
#2275=DIRECTION('ref_axis',(1.,0.,0.));
#2276=DIRECTION('',(0.,-1.,0.));
#2277=DIRECTION('center_axis',(0.,-1.,0.));
#2278=DIRECTION('ref_axis',(1.,0.,0.));
#2279=DIRECTION('center_axis',(0.,1.,0.));
#2280=DIRECTION('ref_axis',(1.,0.,0.));
#2281=CARTESIAN_POINT('',(0.,0.,0.));
#2282=CARTESIAN_POINT('Origin',(7.50000002980233,10.5000001043081,-31.000000461936));
#2283=CARTESIAN_POINT('',(4.00000002980232,14.0000001043081,-23.0000003427267));
#2284=CARTESIAN_POINT('',(11.0000000298023,7.00000010430813,-23.0000003427267));
#2285=CARTESIAN_POINT('',(7.50000002980233,10.5000001043081,-23.0000003427267));
#2286=CARTESIAN_POINT('',(11.0000000298023,7.00000010430813,-47.0000007003546));
#2287=CARTESIAN_POINT('',(11.0000000298023,7.00000010430813,-47.0000007003546));
#2288=CARTESIAN_POINT('',(4.00000002980232,14.0000001043081,-47.0000007003546));
#2289=CARTESIAN_POINT('',(9.25000005587936,8.7500000782311,-47.0000007003546));
#2290=CARTESIAN_POINT('',(4.00000002980232,14.0000001043081,-31.000000461936));
#2291=CARTESIAN_POINT('Origin',(2.00000002980232,2.00000002980232,-38.0000005662441));
#2292=CARTESIAN_POINT('',(4.00000002980232,2.00000002980232,-32.0000004768372));
#2293=CARTESIAN_POINT('',(4.00000002980232,2.00000002980232,-38.0000005662441));
#2294=CARTESIAN_POINT('',(4.00000002980232,2.00000002980232,-26.5000003948808));
#2295=CARTESIAN_POINT('',(2.00000002980232,2.00000002980232,-32.0000004768372));
#2296=CARTESIAN_POINT('',(2.00000002980232,2.00000002980232,-32.0000004768372));
#2297=CARTESIAN_POINT('',(2.00000002980232,2.00000002980232,-38.0000005662441));
#2298=CARTESIAN_POINT('',(2.00000002980232,2.00000002980232,-53.0000007897615));
#2299=CARTESIAN_POINT('',(2.00000002980232,2.00000002980232,-38.0000005662441));
#2300=CARTESIAN_POINT('Origin',(2.00000002980232,2.00000002980232,-38.0000005662441));
#2301=CARTESIAN_POINT('',(9.00000002980232,2.00000002980232,-38.0000005662441));
#2302=CARTESIAN_POINT('',(9.00000002980232,2.00000002980232,-32.0000004768372));
#2303=CARTESIAN_POINT('',(9.00000002980232,2.00000002980232,-36.5000005438924));
#2304=CARTESIAN_POINT('',(11.0000000298023,2.00000002980232,-38.0000005662441));
#2305=CARTESIAN_POINT('',(2.00000002980232,2.00000002980232,-38.0000005662441));
#2306=CARTESIAN_POINT('',(11.0000000298023,2.00000002980232,-32.0000004768372));
#2307=CARTESIAN_POINT('',(11.0000000298023,2.00000002980232,-36.5000005438924));
#2308=CARTESIAN_POINT('',(2.00000002980232,2.00000002980232,-32.0000004768372));
#2309=CARTESIAN_POINT('Origin',(2.00000002980232,0.,-38.0000005662441));
#2310=CARTESIAN_POINT('',(4.00000002980232,0.,-40.0000005960464));
#2311=CARTESIAN_POINT('Origin',(4.00000002980232,0.,-38.0000005662441));
#2312=CARTESIAN_POINT('',(2.00000002980232,0.,-40.0000005960464));
#2313=CARTESIAN_POINT('Origin',(2.00000002980232,0.,-38.0000005662441));
#2314=CARTESIAN_POINT('',(2.00000002980232,0.,-40.0000005960464));
#2315=CARTESIAN_POINT('Origin',(2.00000002980232,0.,-32.0000004768372));
#2316=CARTESIAN_POINT('',(4.00000002980232,0.,-30.0000004470348));
#2317=CARTESIAN_POINT('Origin',(4.00000002980232,0.,-32.0000004768372));
#2318=CARTESIAN_POINT('',(2.00000002980232,0.,-30.0000004470348));
#2319=CARTESIAN_POINT('',(2.00000002980232,0.,-30.0000004470348));
#2320=CARTESIAN_POINT('Origin',(2.00000002980232,0.,-32.0000004768372));
#2321=CARTESIAN_POINT('Origin',(2.00000002980232,0.,-32.0000004768372));
#2322=CARTESIAN_POINT('',(9.00000002980232,0.,-30.0000004470348));
#2323=CARTESIAN_POINT('Origin',(9.00000002980232,0.,-32.0000004768372));
#2324=CARTESIAN_POINT('',(11.0000000298023,0.,-30.0000004470348));
#2325=CARTESIAN_POINT('Origin',(11.0000000298023,0.,-32.0000004768372));
#2326=CARTESIAN_POINT('',(2.00000002980232,0.,-30.0000004470348));
#2327=CARTESIAN_POINT('Origin',(2.00000002980232,0.,-38.0000005662441));
#2328=CARTESIAN_POINT('',(9.00000002980232,0.,-40.0000005960464));
#2329=CARTESIAN_POINT('Origin',(9.00000002980232,0.,-38.0000005662441));
#2330=CARTESIAN_POINT('',(11.0000000298023,0.,-40.0000005960464));
#2331=CARTESIAN_POINT('',(2.00000002980232,0.,-40.0000005960464));
#2332=CARTESIAN_POINT('Origin',(11.0000000298023,0.,-38.0000005662441));
#2333=CARTESIAN_POINT('Origin',(11.0000000298023,3.50000005215406,-35.0000005215406));
#2334=CARTESIAN_POINT('',(11.0000000298023,0.,-47.0000007003546));
#2335=CARTESIAN_POINT('',(11.0000000298023,0.,-23.0000003427267));
#2336=CARTESIAN_POINT('',(11.0000000298023,0.,-47.0000007003546));
#2337=CARTESIAN_POINT('',(11.0000000298023,0.,-23.0000003427267));
#2338=CARTESIAN_POINT('',(11.0000000298023,7.00000010430813,-23.0000003427267));
#2339=CARTESIAN_POINT('',(11.0000000298023,0.,-23.0000003427267));
#2340=CARTESIAN_POINT('Origin',(9.00000002980232,3.50000005215406,-35.0000005215406));
#2341=CARTESIAN_POINT('',(9.00000002980232,0.,-25.000000372529));
#2342=CARTESIAN_POINT('',(9.00000002980232,0.,-23.0000003427267));
#2343=CARTESIAN_POINT('',(9.00000002980232,5.00000007450581,-25.000000372529));
#2344=CARTESIAN_POINT('',(9.00000002980232,5.00000007450581,-25.000000372529));
#2345=CARTESIAN_POINT('',(9.00000002980232,5.00000007450581,-45.0000006705523));
#2346=CARTESIAN_POINT('',(9.00000002980232,5.00000007450581,-45.0000006705523));
#2347=CARTESIAN_POINT('',(9.00000002980232,0.,-45.0000006705523));
#2348=CARTESIAN_POINT('',(9.00000002980232,0.,-45.0000006705523));
#2349=CARTESIAN_POINT('',(9.00000002980232,0.,-23.0000003427267));
#2350=CARTESIAN_POINT('Origin',(4.00000002980232,0.,-15.0000002235174));
#2351=CARTESIAN_POINT('',(4.00000002980232,0.,-45.0000006705523));
#2352=CARTESIAN_POINT('',(4.00000002980232,0.,-66.0000000298023));
#2353=CARTESIAN_POINT('',(4.00000002980232,5.00000007450581,-45.0000006705523));
#2354=CARTESIAN_POINT('',(4.00000002980232,2.5000000372529,-45.0000006705523));
#2355=CARTESIAN_POINT('',(4.00000002980232,5.00000007450581,-25.000000372529));
#2356=CARTESIAN_POINT('',(4.00000002980232,5.00000007450581,-20.0000002980232));
#2357=CARTESIAN_POINT('',(4.00000002980232,0.,-25.000000372529));
#2358=CARTESIAN_POINT('',(4.00000002980232,0.,-25.000000372529));
#2359=CARTESIAN_POINT('',(4.00000002980232,0.,-66.0000000298023));
#2360=CARTESIAN_POINT('Origin',(4.00000002980232,0.,-47.0000007003546));
#2361=CARTESIAN_POINT('',(4.00000002980232,0.,-47.0000007003546));
#2362=CARTESIAN_POINT('',(4.00000002980232,0.,-47.0000007003546));
#2363=CARTESIAN_POINT('',(4.00000002980232,0.,-47.0000007003546));
#2364=CARTESIAN_POINT('Origin',(4.00000002980232,5.00000007450581,-45.0000006705523));
#2365=CARTESIAN_POINT('',(4.00000002980232,0.,-45.0000006705523));
#2366=CARTESIAN_POINT('',(4.00000002980232,5.00000007450581,-45.0000006705523));
#2367=CARTESIAN_POINT('Origin',(4.00000002980232,5.00000007450581,-25.000000372529));
#2368=CARTESIAN_POINT('',(4.00000002980232,5.00000007450581,-25.000000372529));
#2369=CARTESIAN_POINT('Origin',(4.00000002980232,0.,-25.000000372529));
#2370=CARTESIAN_POINT('',(4.00000002980232,0.,-25.000000372529));
#2371=CARTESIAN_POINT('Origin',(4.00000002980232,7.00000010430813,-23.0000003427267));
#2372=CARTESIAN_POINT('',(4.00000002980232,0.,-23.0000003427267));
#2373=CARTESIAN_POINT('',(4.00000002980232,3.50000005215406,-23.0000003427267));
#2374=CARTESIAN_POINT('',(4.00000002980232,0.,-23.0000003427267));
#2375=CARTESIAN_POINT('Origin',(4.00000002980232,0.,-15.0000002235174));
#2376=CARTESIAN_POINT('',(4.00000002980232,0.,-55.0000008195639));
#2377=CARTESIAN_POINT('',(4.00000002980232,0.,-66.0000000298023));
#2378=CARTESIAN_POINT('',(4.00000002980232,20.,-55.0000008195639));
#2379=CARTESIAN_POINT('',(4.00000002980232,0.,-55.0000008195639));
#2380=CARTESIAN_POINT('',(4.00000002980232,20.,-15.0000002235174));
#2381=CARTESIAN_POINT('',(4.00000002980232,20.,-66.0000000298023));
#2382=CARTESIAN_POINT('',(4.00000002980232,0.,-15.0000002235174));
#2383=CARTESIAN_POINT('',(4.00000002980232,0.,-15.0000002235174));
#2384=CARTESIAN_POINT('',(4.00000002980232,0.,-66.0000000298023));
#2385=CARTESIAN_POINT('Origin',(18.9890860766172,22.,-65.0000009685755));
#2386=CARTESIAN_POINT('',(18.9890860766172,22.,-65.0000009685755));
#2387=CARTESIAN_POINT('',(18.9890860766172,22.,-59.0000007301569));
#2388=CARTESIAN_POINT('',(18.9890860766172,22.,-50.0000007450581));
#2389=CARTESIAN_POINT('',(18.9890860766172,21.6,-65.0000009685755));
#2390=CARTESIAN_POINT('',(18.9890860766172,22.,-65.0000009685755));
#2391=CARTESIAN_POINT('',(18.9890860766172,21.6,-59.0000007301569));
#2392=CARTESIAN_POINT('',(18.9890860766172,21.6,-65.0000009685755));
#2393=CARTESIAN_POINT('',(18.9890860766172,22.,-59.0000007301569));
#2394=CARTESIAN_POINT('Origin',(18.1950890272856,22.,-65.0000009685755));
#2395=CARTESIAN_POINT('',(18.1950890272856,22.,-65.0000009685755));
#2396=CARTESIAN_POINT('',(26.5975447744131,22.,-65.0000009685755));
#2397=CARTESIAN_POINT('',(18.1950890272856,21.6,-65.0000009685755));
#2398=CARTESIAN_POINT('',(18.1950890272856,22.,-65.0000009685755));
#2399=CARTESIAN_POINT('',(18.1950890272856,21.6,-65.0000009685755));
#2400=CARTESIAN_POINT('Origin',(18.1950890272856,22.,-59.0000007301569));
#2401=CARTESIAN_POINT('',(18.1950890272856,22.,-59.0000007301569));
#2402=CARTESIAN_POINT('',(18.1950890272856,22.,-47.0000006258488));
#2403=CARTESIAN_POINT('',(18.1950890272856,21.6,-59.0000007301569));
#2404=CARTESIAN_POINT('',(18.1950890272856,22.,-59.0000007301569));
#2405=CARTESIAN_POINT('',(18.1950890272856,21.6,-59.0000007301569));
#2406=CARTESIAN_POINT('Origin',(18.9890860766172,22.,-59.0000007301569));
#2407=CARTESIAN_POINT('',(26.9945432990789,22.,-59.0000007301569));
#2408=CARTESIAN_POINT('',(18.9890860766172,21.6,-59.0000007301569));
#2409=CARTESIAN_POINT('Origin',(11.9945430755615,21.6,-62.0000008493662));
#2410=CARTESIAN_POINT('Ctrl Pts',(14.5320605486631,22.,-59.5770809799433));
#2411=CARTESIAN_POINT('Ctrl Pts',(14.5320605486631,21.6,-59.5770809799433));
#2412=CARTESIAN_POINT('Ctrl Pts',(14.7435872224334,22.,-59.5912188877214));
#2413=CARTESIAN_POINT('Ctrl Pts',(14.7435872224334,21.6,-59.5912188877214));
#2414=CARTESIAN_POINT('Ctrl Pts',(15.1550068497806,22.,-59.6187171348497));
#2415=CARTESIAN_POINT('Ctrl Pts',(15.1550068497806,21.6,-59.6187171348497));
#2416=CARTESIAN_POINT('Ctrl Pts',(15.495992256476,22.,-59.8496164555846));
#2417=CARTESIAN_POINT('Ctrl Pts',(15.495992256476,21.6,-59.8496164555846));
#2418=CARTESIAN_POINT('Ctrl Pts',(15.6616639345884,22.,-59.9618015438318));
#2419=CARTESIAN_POINT('Ctrl Pts',(15.6616639345884,21.6,-59.9618015438318));
#2420=CARTESIAN_POINT('',(14.5320605486631,22.,-59.5770809799433));
#2421=CARTESIAN_POINT('',(15.6616639345884,22.,-59.9618015438318));
#2422=CARTESIAN_POINT('Ctrl Pts',(14.5320605486631,22.,-59.5770809799433));
#2423=CARTESIAN_POINT('Ctrl Pts',(14.7435872224334,22.,-59.5912188877214));
#2424=CARTESIAN_POINT('Ctrl Pts',(15.1550068497806,22.,-59.6187171348497));
#2425=CARTESIAN_POINT('Ctrl Pts',(15.495992256476,22.,-59.8496164555846));
#2426=CARTESIAN_POINT('Ctrl Pts',(15.6616639345884,22.,-59.9618015438318));
#2427=CARTESIAN_POINT('',(14.5320605486631,21.6,-59.5770809799433));
#2428=CARTESIAN_POINT('',(14.5320605486631,22.,-59.5770809799433));
#2429=CARTESIAN_POINT('',(15.6616639345884,21.6,-59.9618015438318));
#2430=CARTESIAN_POINT('Ctrl Pts',(14.5320605486631,21.6,-59.5770809799433));
#2431=CARTESIAN_POINT('Ctrl Pts',(14.7435872224334,21.6,-59.5912188877214));
#2432=CARTESIAN_POINT('Ctrl Pts',(15.1550068497806,21.6,-59.6187171348497));
#2433=CARTESIAN_POINT('Ctrl Pts',(15.495992256476,21.6,-59.8496164555846));
#2434=CARTESIAN_POINT('Ctrl Pts',(15.6616639345884,21.6,-59.9618015438318));
#2435=CARTESIAN_POINT('',(15.6616639345884,22.,-59.9618015438318));
#2436=CARTESIAN_POINT('Ctrl Pts',(13.5129605978727,22.,-59.859482422471));
#2437=CARTESIAN_POINT('Ctrl Pts',(13.5129605978727,21.6,-59.859482422471));
#2438=CARTESIAN_POINT('Ctrl Pts',(13.673069904051,22.,-59.7771154107168));
#2439=CARTESIAN_POINT('Ctrl Pts',(13.673069904051,21.6,-59.7771154107168));
#2440=CARTESIAN_POINT('Ctrl Pts',(13.9932182783392,22.,-59.612417520647));
#2441=CARTESIAN_POINT('Ctrl Pts',(13.9932182783392,21.6,-59.612417520647));
#2442=CARTESIAN_POINT('Ctrl Pts',(14.3524727311013,22.,-59.5888581039268));
#2443=CARTESIAN_POINT('Ctrl Pts',(14.3524727311013,21.6,-59.5888581039268));
#2444=CARTESIAN_POINT('Ctrl Pts',(14.5320605486631,22.,-59.5770809799433));
#2445=CARTESIAN_POINT('Ctrl Pts',(14.5320605486631,21.6,-59.5770809799433));
#2446=CARTESIAN_POINT('',(13.5129605978727,22.,-59.859482422471));
#2447=CARTESIAN_POINT('Ctrl Pts',(13.5129605978727,22.,-59.859482422471));
#2448=CARTESIAN_POINT('Ctrl Pts',(13.673069904051,22.,-59.7771154107168));
#2449=CARTESIAN_POINT('Ctrl Pts',(13.9932182783392,22.,-59.612417520647));
#2450=CARTESIAN_POINT('Ctrl Pts',(14.3524727311013,22.,-59.5888581039268));
#2451=CARTESIAN_POINT('Ctrl Pts',(14.5320605486631,22.,-59.5770809799433));
#2452=CARTESIAN_POINT('',(13.5129605978727,21.6,-59.859482422471));
#2453=CARTESIAN_POINT('',(13.5129605978727,22.,-59.859482422471));
#2454=CARTESIAN_POINT('Ctrl Pts',(13.5129605978727,21.6,-59.859482422471));
#2455=CARTESIAN_POINT('Ctrl Pts',(13.673069904051,21.6,-59.7771154107168));
#2456=CARTESIAN_POINT('Ctrl Pts',(13.9932182783392,21.6,-59.612417520647));
#2457=CARTESIAN_POINT('Ctrl Pts',(14.3524727311013,21.6,-59.5888581039268));
#2458=CARTESIAN_POINT('Ctrl Pts',(14.5320605486631,21.6,-59.5770809799433));
#2459=CARTESIAN_POINT('Ctrl Pts',(12.8192358464003,22.,-60.7128248363733));
#2460=CARTESIAN_POINT('Ctrl Pts',(12.8192358464003,21.6,-60.7128248363733));
#2461=CARTESIAN_POINT('Ctrl Pts',(12.9014331715992,22.,-60.5360504532346));
#2462=CARTESIAN_POINT('Ctrl Pts',(12.9014331715992,21.6,-60.5360504532346));
#2463=CARTESIAN_POINT('Ctrl Pts',(13.0610532482479,22.,-60.1927699326355));
#2464=CARTESIAN_POINT('Ctrl Pts',(13.0610532482479,21.6,-60.1927699326355));
#2465=CARTESIAN_POINT('Ctrl Pts',(13.3653589568992,22.,-59.9683405400854));
#2466=CARTESIAN_POINT('Ctrl Pts',(13.3653589568992,21.6,-59.9683405400854));
#2467=CARTESIAN_POINT('Ctrl Pts',(13.5129605978727,22.,-59.859482422471));
#2468=CARTESIAN_POINT('Ctrl Pts',(13.5129605978727,21.6,-59.859482422471));
#2469=CARTESIAN_POINT('',(12.8192358464003,22.,-60.7128248363733));
#2470=CARTESIAN_POINT('Ctrl Pts',(12.8192358464003,22.,-60.7128248363733));
#2471=CARTESIAN_POINT('Ctrl Pts',(12.9014331715992,22.,-60.5360504532346));
#2472=CARTESIAN_POINT('Ctrl Pts',(13.0610532482479,22.,-60.1927699326355));
#2473=CARTESIAN_POINT('Ctrl Pts',(13.3653589568992,22.,-59.9683405400854));
#2474=CARTESIAN_POINT('Ctrl Pts',(13.5129605978727,22.,-59.859482422471));
#2475=CARTESIAN_POINT('',(12.8192358464003,21.6,-60.7128248363733));
#2476=CARTESIAN_POINT('',(12.8192358464003,22.,-60.7128248363733));
#2477=CARTESIAN_POINT('Ctrl Pts',(12.8192358464003,21.6,-60.7128248363733));
#2478=CARTESIAN_POINT('Ctrl Pts',(12.9014331715992,21.6,-60.5360504532346));
#2479=CARTESIAN_POINT('Ctrl Pts',(13.0610532482479,21.6,-60.1927699326355));
#2480=CARTESIAN_POINT('Ctrl Pts',(13.3653589568992,21.6,-59.9683405400854));
#2481=CARTESIAN_POINT('Ctrl Pts',(13.5129605978727,21.6,-59.859482422471));
#2482=CARTESIAN_POINT('Ctrl Pts',(12.5961803644896,22.,-62.0491141825914));
#2483=CARTESIAN_POINT('Ctrl Pts',(12.5961803644896,21.6,-62.0491141825914));
#2484=CARTESIAN_POINT('Ctrl Pts',(12.6031753259126,22.,-61.8082005586018));
#2485=CARTESIAN_POINT('Ctrl Pts',(12.6031753259126,21.6,-61.8082005586018));
#2486=CARTESIAN_POINT('Ctrl Pts',(12.6164142945271,22.,-61.3522369422309));
#2487=CARTESIAN_POINT('Ctrl Pts',(12.6164142945271,21.6,-61.3522369422309));
#2488=CARTESIAN_POINT('Ctrl Pts',(12.7542345221109,22.,-60.9177470118697));
#2489=CARTESIAN_POINT('Ctrl Pts',(12.7542345221109,21.6,-60.9177470118697));
#2490=CARTESIAN_POINT('Ctrl Pts',(12.8192358464003,22.,-60.7128248363733));
#2491=CARTESIAN_POINT('Ctrl Pts',(12.8192358464003,21.6,-60.7128248363733));
#2492=CARTESIAN_POINT('',(12.5961803644896,22.,-62.0491141825914));
#2493=CARTESIAN_POINT('Ctrl Pts',(12.5961803644896,22.,-62.0491141825914));
#2494=CARTESIAN_POINT('Ctrl Pts',(12.6031753259126,22.,-61.8082005586018));
#2495=CARTESIAN_POINT('Ctrl Pts',(12.6164142945271,22.,-61.3522369422309));
#2496=CARTESIAN_POINT('Ctrl Pts',(12.7542345221109,22.,-60.9177470118697));
#2497=CARTESIAN_POINT('Ctrl Pts',(12.8192358464003,22.,-60.7128248363733));
#2498=CARTESIAN_POINT('',(12.5961803644896,21.6,-62.0491141825914));
#2499=CARTESIAN_POINT('',(12.5961803644896,22.,-62.0491141825914));
#2500=CARTESIAN_POINT('Ctrl Pts',(12.5961803644896,21.6,-62.0491141825914));
#2501=CARTESIAN_POINT('Ctrl Pts',(12.6031753259126,21.6,-61.8082005586018));
#2502=CARTESIAN_POINT('Ctrl Pts',(12.6164142945271,21.6,-61.3522369422309));
#2503=CARTESIAN_POINT('Ctrl Pts',(12.7542345221109,21.6,-60.9177470118697));
#2504=CARTESIAN_POINT('Ctrl Pts',(12.8192358464003,21.6,-60.7128248363733));
#2505=CARTESIAN_POINT('Ctrl Pts',(12.7844475954771,22.,-63.2012287527323));
#2506=CARTESIAN_POINT('Ctrl Pts',(12.7844475954771,21.6,-63.2012287527323));
#2507=CARTESIAN_POINT('Ctrl Pts',(12.7295363644719,22.,-63.0133916525915));
#2508=CARTESIAN_POINT('Ctrl Pts',(12.7295363644719,21.6,-63.0133916525915));
#2509=CARTESIAN_POINT('Ctrl Pts',(12.6195280592236,22.,-62.6370817307231));
#2510=CARTESIAN_POINT('Ctrl Pts',(12.6195280592236,21.6,-62.6370817307231));
#2511=CARTESIAN_POINT('Ctrl Pts',(12.6039716894853,22.,-62.2453239714654));
#2512=CARTESIAN_POINT('Ctrl Pts',(12.6039716894853,21.6,-62.2453239714654));
#2513=CARTESIAN_POINT('Ctrl Pts',(12.5961803644896,22.,-62.0491141825914));
#2514=CARTESIAN_POINT('Ctrl Pts',(12.5961803644896,21.6,-62.0491141825914));
#2515=CARTESIAN_POINT('',(12.7844475954771,22.,-63.2012287527323));
#2516=CARTESIAN_POINT('Ctrl Pts',(12.7844475954771,22.,-63.2012287527323));
#2517=CARTESIAN_POINT('Ctrl Pts',(12.7295363644719,22.,-63.0133916525915));
#2518=CARTESIAN_POINT('Ctrl Pts',(12.6195280592236,22.,-62.6370817307231));
#2519=CARTESIAN_POINT('Ctrl Pts',(12.6039716894853,22.,-62.2453239714654));
#2520=CARTESIAN_POINT('Ctrl Pts',(12.5961803644896,22.,-62.0491141825914));
#2521=CARTESIAN_POINT('',(12.7844475954771,21.6,-63.2012287527323));
#2522=CARTESIAN_POINT('',(12.7844475954771,22.,-63.2012287527323));
#2523=CARTESIAN_POINT('Ctrl Pts',(12.7844475954771,21.6,-63.2012287527323));
#2524=CARTESIAN_POINT('Ctrl Pts',(12.7295363644719,21.6,-63.0133916525915));
#2525=CARTESIAN_POINT('Ctrl Pts',(12.6195280592236,21.6,-62.6370817307231));
#2526=CARTESIAN_POINT('Ctrl Pts',(12.6039716894853,21.6,-62.2453239714654));
#2527=CARTESIAN_POINT('Ctrl Pts',(12.5961803644896,21.6,-62.0491141825914));
#2528=CARTESIAN_POINT('Ctrl Pts',(13.4372442215681,22.,-64.0914062410593));
#2529=CARTESIAN_POINT('Ctrl Pts',(13.4372442215681,21.6,-64.0914062410593));
#2530=CARTESIAN_POINT('Ctrl Pts',(13.293644314768,22.,-63.970635698059));
#2531=CARTESIAN_POINT('Ctrl Pts',(13.293644314768,21.6,-63.970635698059));
#2532=CARTESIAN_POINT('Ctrl Pts',(13.0039119920765,22.,-63.726964718628));
#2533=CARTESIAN_POINT('Ctrl Pts',(13.0039119920765,21.6,-63.726964718628));
#2534=CARTESIAN_POINT('Ctrl Pts',(12.8580274463764,22.,-63.3774923042807));
#2535=CARTESIAN_POINT('Ctrl Pts',(12.8580274463764,21.6,-63.3774923042807));
#2536=CARTESIAN_POINT('Ctrl Pts',(12.7844475954771,22.,-63.2012287527323));
#2537=CARTESIAN_POINT('Ctrl Pts',(12.7844475954771,21.6,-63.2012287527323));
#2538=CARTESIAN_POINT('',(13.4372442215681,22.,-64.0914062410593));
#2539=CARTESIAN_POINT('Ctrl Pts',(13.4372442215681,22.,-64.0914062410593));
#2540=CARTESIAN_POINT('Ctrl Pts',(13.293644314768,22.,-63.970635698059));
#2541=CARTESIAN_POINT('Ctrl Pts',(13.0039119920765,22.,-63.726964718628));
#2542=CARTESIAN_POINT('Ctrl Pts',(12.8580274463764,22.,-63.3774923042807));
#2543=CARTESIAN_POINT('Ctrl Pts',(12.7844475954771,22.,-63.2012287527323));
#2544=CARTESIAN_POINT('',(13.4372442215681,21.6,-64.0914062410593));
#2545=CARTESIAN_POINT('',(13.4372442215681,22.,-64.0914062410593));
#2546=CARTESIAN_POINT('Ctrl Pts',(13.4372442215681,21.6,-64.0914062410593));
#2547=CARTESIAN_POINT('Ctrl Pts',(13.293644314768,21.6,-63.970635698059));
#2548=CARTESIAN_POINT('Ctrl Pts',(13.0039119920765,21.6,-63.726964718628));
#2549=CARTESIAN_POINT('Ctrl Pts',(12.8580274463764,21.6,-63.3774923042807));
#2550=CARTESIAN_POINT('Ctrl Pts',(12.7844475954771,21.6,-63.2012287527323));
#2551=CARTESIAN_POINT('Ctrl Pts',(14.593450948596,22.,-64.4229207187891));
#2552=CARTESIAN_POINT('Ctrl Pts',(14.593450948596,21.6,-64.4229207187891));
#2553=CARTESIAN_POINT('Ctrl Pts',(14.376828298114,22.,-64.4121840408419));
#2554=CARTESIAN_POINT('Ctrl Pts',(14.376828298114,21.6,-64.4121840408419));
#2555=CARTESIAN_POINT('Ctrl Pts',(13.9647973284805,22.,-64.39176215137));
#2556=CARTESIAN_POINT('Ctrl Pts',(13.9647973284805,21.6,-64.39176215137));
#2557=CARTESIAN_POINT('Ctrl Pts',(13.6069538004317,22.,-64.1880283145153));
#2558=CARTESIAN_POINT('Ctrl Pts',(13.6069538004317,21.6,-64.1880283145153));
#2559=CARTESIAN_POINT('Ctrl Pts',(13.4372442215681,22.,-64.0914062410593));
#2560=CARTESIAN_POINT('Ctrl Pts',(13.4372442215681,21.6,-64.0914062410593));
#2561=CARTESIAN_POINT('',(14.593450948596,22.,-64.4229207187891));
#2562=CARTESIAN_POINT('Ctrl Pts',(14.593450948596,22.,-64.4229207187891));
#2563=CARTESIAN_POINT('Ctrl Pts',(14.376828298114,22.,-64.4121840408419));
#2564=CARTESIAN_POINT('Ctrl Pts',(13.9647973284805,22.,-64.39176215137));
#2565=CARTESIAN_POINT('Ctrl Pts',(13.6069538004317,22.,-64.1880283145153));
#2566=CARTESIAN_POINT('Ctrl Pts',(13.4372442215681,22.,-64.0914062410593));
#2567=CARTESIAN_POINT('',(14.593450948596,21.6,-64.4229207187891));
#2568=CARTESIAN_POINT('',(14.593450948596,22.,-64.4229207187891));
#2569=CARTESIAN_POINT('Ctrl Pts',(14.593450948596,21.6,-64.4229207187891));
#2570=CARTESIAN_POINT('Ctrl Pts',(14.376828298114,21.6,-64.4121840408419));
#2571=CARTESIAN_POINT('Ctrl Pts',(13.9647973284805,21.6,-64.39176215137));
#2572=CARTESIAN_POINT('Ctrl Pts',(13.6069538004317,21.6,-64.1880283145153));
#2573=CARTESIAN_POINT('Ctrl Pts',(13.4372442215681,21.6,-64.0914062410593));
#2574=CARTESIAN_POINT('Ctrl Pts',(15.5920874327421,22.,-64.1241482645273));
#2575=CARTESIAN_POINT('Ctrl Pts',(15.5920874327421,21.6,-64.1241482645273));
#2576=CARTESIAN_POINT('Ctrl Pts',(15.4465224277437,22.,-64.2112273144145));
#2577=CARTESIAN_POINT('Ctrl Pts',(15.4465224277437,21.6,-64.2112273144145));
#2578=CARTESIAN_POINT('Ctrl Pts',(15.1395694794821,22.,-64.3948509202046));
#2579=CARTESIAN_POINT('Ctrl Pts',(15.1395694794821,21.6,-64.3948509202046));
#2580=CARTESIAN_POINT('Ctrl Pts',(14.781640679778,22.,-64.4132480057219));
#2581=CARTESIAN_POINT('Ctrl Pts',(14.781640679778,21.6,-64.4132480057219));
#2582=CARTESIAN_POINT('Ctrl Pts',(14.593450948596,22.,-64.4229207187891));
#2583=CARTESIAN_POINT('Ctrl Pts',(14.593450948596,21.6,-64.4229207187891));
#2584=CARTESIAN_POINT('',(15.5920874327421,22.,-64.1241482645273));
#2585=CARTESIAN_POINT('Ctrl Pts',(15.5920874327421,22.,-64.1241482645273));
#2586=CARTESIAN_POINT('Ctrl Pts',(15.4465224277437,22.,-64.2112273144145));
#2587=CARTESIAN_POINT('Ctrl Pts',(15.1395694794821,22.,-64.3948509202046));
#2588=CARTESIAN_POINT('Ctrl Pts',(14.781640679778,22.,-64.4132480057219));
#2589=CARTESIAN_POINT('Ctrl Pts',(14.593450948596,22.,-64.4229207187891));
#2590=CARTESIAN_POINT('',(15.5920874327421,21.6,-64.1241482645273));
#2591=CARTESIAN_POINT('',(15.5920874327421,22.,-64.1241482645273));
#2592=CARTESIAN_POINT('Ctrl Pts',(15.5920874327421,21.6,-64.1241482645273));
#2593=CARTESIAN_POINT('Ctrl Pts',(15.4465224277437,21.6,-64.2112273144145));
#2594=CARTESIAN_POINT('Ctrl Pts',(15.1395694794821,21.6,-64.3948509202046));
#2595=CARTESIAN_POINT('Ctrl Pts',(14.781640679778,21.6,-64.4132480057219));
#2596=CARTESIAN_POINT('Ctrl Pts',(14.593450948596,21.6,-64.4229207187891));
#2597=CARTESIAN_POINT('Ctrl Pts',(16.1978172510862,22.,-63.1705329567194));
#2598=CARTESIAN_POINT('Ctrl Pts',(16.1978172510862,21.6,-63.1705329567194));
#2599=CARTESIAN_POINT('Ctrl Pts',(16.1270534354685,22.,-63.3686294294663));
#2600=CARTESIAN_POINT('Ctrl Pts',(16.1270534354685,21.6,-63.3686294294663));
#2601=CARTESIAN_POINT('Ctrl Pts',(15.9967650331222,22.,-63.7333592383287));
#2602=CARTESIAN_POINT('Ctrl Pts',(15.9967650331222,21.6,-63.7333592383287));
#2603=CARTESIAN_POINT('Ctrl Pts',(15.7189926937484,22.,-64.0015984042891));
#2604=CARTESIAN_POINT('Ctrl Pts',(15.7189926937484,21.6,-64.0015984042891));
#2605=CARTESIAN_POINT('Ctrl Pts',(15.5920874327421,22.,-64.1241482645273));
#2606=CARTESIAN_POINT('Ctrl Pts',(15.5920874327421,21.6,-64.1241482645273));
#2607=CARTESIAN_POINT('',(16.1978172510862,22.,-63.1705329567194));
#2608=CARTESIAN_POINT('Ctrl Pts',(16.1978172510862,22.,-63.1705329567194));
#2609=CARTESIAN_POINT('Ctrl Pts',(16.1270534354685,22.,-63.3686294294663));
#2610=CARTESIAN_POINT('Ctrl Pts',(15.9967650331222,22.,-63.7333592383287));
#2611=CARTESIAN_POINT('Ctrl Pts',(15.7189926937484,22.,-64.0015984042891));
#2612=CARTESIAN_POINT('Ctrl Pts',(15.5920874327421,22.,-64.1241482645273));
#2613=CARTESIAN_POINT('',(16.1978172510862,21.6,-63.1705329567194));
#2614=CARTESIAN_POINT('',(16.1978172510862,22.,-63.1705329567194));
#2615=CARTESIAN_POINT('Ctrl Pts',(16.1978172510862,21.6,-63.1705329567194));
#2616=CARTESIAN_POINT('Ctrl Pts',(16.1270534354685,21.6,-63.3686294294663));
#2617=CARTESIAN_POINT('Ctrl Pts',(15.9967650331222,21.6,-63.7333592383287));
#2618=CARTESIAN_POINT('Ctrl Pts',(15.7189926937484,21.6,-64.0015984042891));
#2619=CARTESIAN_POINT('Ctrl Pts',(15.5920874327421,21.6,-64.1241482645273));
#2620=CARTESIAN_POINT('Origin',(16.9795369356871,22.,-63.3547077327967));
#2621=CARTESIAN_POINT('',(16.9795369356871,22.,-63.3547077327967));
#2622=CARTESIAN_POINT('',(22.351373179322,22.,-64.6203234730481));
#2623=CARTESIAN_POINT('',(16.9795369356871,21.6,-63.3547077327967));
#2624=CARTESIAN_POINT('',(16.9795369356871,22.,-63.3547077327967));
#2625=CARTESIAN_POINT('',(16.9795369356871,21.6,-63.3547077327967));
#2626=CARTESIAN_POINT('Ctrl Pts',(16.1241471022367,22.,-64.6439299732447));
#2627=CARTESIAN_POINT('Ctrl Pts',(16.1241471022367,21.6,-64.6439299732447));
#2628=CARTESIAN_POINT('Ctrl Pts',(16.3144722126326,22.,-64.4713248627635));
#2629=CARTESIAN_POINT('Ctrl Pts',(16.3144722126326,21.6,-64.4713248627635));
#2630=CARTESIAN_POINT('Ctrl Pts',(16.7080452518088,22.,-64.1143949875193));
#2631=CARTESIAN_POINT('Ctrl Pts',(16.7080452518088,21.6,-64.1143949875193));
#2632=CARTESIAN_POINT('Ctrl Pts',(16.8870801933942,22.,-63.6134199251177));
#2633=CARTESIAN_POINT('Ctrl Pts',(16.8870801933942,21.6,-63.6134199251177));
#2634=CARTESIAN_POINT('Ctrl Pts',(16.9795369356871,22.,-63.3547077327967));
#2635=CARTESIAN_POINT('Ctrl Pts',(16.9795369356871,21.6,-63.3547077327967));
#2636=CARTESIAN_POINT('',(16.1241471022367,22.,-64.6439299732447));
#2637=CARTESIAN_POINT('Ctrl Pts',(16.1241471022367,22.,-64.6439299732447));
#2638=CARTESIAN_POINT('Ctrl Pts',(16.3144722126326,22.,-64.4713248627635));
#2639=CARTESIAN_POINT('Ctrl Pts',(16.7080452518088,22.,-64.1143949875193));
#2640=CARTESIAN_POINT('Ctrl Pts',(16.8870801933942,22.,-63.6134199251177));
#2641=CARTESIAN_POINT('Ctrl Pts',(16.9795369356871,22.,-63.3547077327967));
#2642=CARTESIAN_POINT('',(16.1241471022367,21.6,-64.6439299732447));
#2643=CARTESIAN_POINT('',(16.1241471022367,22.,-64.6439299732447));
#2644=CARTESIAN_POINT('Ctrl Pts',(16.1241471022367,21.6,-64.6439299732447));
#2645=CARTESIAN_POINT('Ctrl Pts',(16.3144722126326,21.6,-64.4713248627635));
#2646=CARTESIAN_POINT('Ctrl Pts',(16.7080452518088,21.6,-64.1143949875193));
#2647=CARTESIAN_POINT('Ctrl Pts',(16.8870801933942,21.6,-63.6134199251177));
#2648=CARTESIAN_POINT('Ctrl Pts',(16.9795369356871,21.6,-63.3547077327967));
#2649=CARTESIAN_POINT('Ctrl Pts',(14.6098231524229,22.,-65.1023200899363));
#2650=CARTESIAN_POINT('Ctrl Pts',(14.6098231524229,21.6,-65.1023200899363));
#2651=CARTESIAN_POINT('Ctrl Pts',(14.8931193294454,22.,-65.0867706540041));
#2652=CARTESIAN_POINT('Ctrl Pts',(14.8931193294454,21.6,-65.0867706540041));
#2653=CARTESIAN_POINT('Ctrl Pts',(15.4360916700582,22.,-65.0569682270457));
#2654=CARTESIAN_POINT('Ctrl Pts',(15.4360916700582,21.6,-65.0569682270457));
#2655=CARTESIAN_POINT('Ctrl Pts',(15.90154456323,22.,-64.7775578173152));
#2656=CARTESIAN_POINT('Ctrl Pts',(15.90154456323,21.6,-64.7775578173152));
#2657=CARTESIAN_POINT('Ctrl Pts',(16.1241471022367,22.,-64.6439299732447));
#2658=CARTESIAN_POINT('Ctrl Pts',(16.1241471022367,21.6,-64.6439299732447));
#2659=CARTESIAN_POINT('',(14.6098231524229,22.,-65.1023200899363));
#2660=CARTESIAN_POINT('Ctrl Pts',(14.6098231524229,22.,-65.1023200899363));
#2661=CARTESIAN_POINT('Ctrl Pts',(14.8931193294454,22.,-65.0867706540041));
#2662=CARTESIAN_POINT('Ctrl Pts',(15.4360916700582,22.,-65.0569682270457));
#2663=CARTESIAN_POINT('Ctrl Pts',(15.90154456323,22.,-64.7775578173152));
#2664=CARTESIAN_POINT('Ctrl Pts',(16.1241471022367,22.,-64.6439299732447));
#2665=CARTESIAN_POINT('',(14.6098231524229,21.6,-65.1023200899363));
#2666=CARTESIAN_POINT('',(14.6098231524229,22.,-65.1023200899363));
#2667=CARTESIAN_POINT('Ctrl Pts',(14.6098231524229,21.6,-65.1023200899363));
#2668=CARTESIAN_POINT('Ctrl Pts',(14.8931193294454,21.6,-65.0867706540041));
#2669=CARTESIAN_POINT('Ctrl Pts',(15.4360916700582,21.6,-65.0569682270457));
#2670=CARTESIAN_POINT('Ctrl Pts',(15.90154456323,21.6,-64.7775578173152));
#2671=CARTESIAN_POINT('Ctrl Pts',(16.1241471022367,21.6,-64.6439299732447));
#2672=CARTESIAN_POINT('Ctrl Pts',(13.1548427790403,22.,-64.7401098161936));
#2673=CARTESIAN_POINT('Ctrl Pts',(13.1548427790403,21.6,-64.7401098161936));
#2674=CARTESIAN_POINT('Ctrl Pts',(13.3824713325429,22.,-64.8457489387682));
#2675=CARTESIAN_POINT('Ctrl Pts',(13.3824713325429,21.6,-64.8457489387682));
#2676=CARTESIAN_POINT('Ctrl Pts',(13.8440242571936,22.,-65.0599489819157));
#2677=CARTESIAN_POINT('Ctrl Pts',(13.8440242571936,21.6,-65.0599489819157));
#2678=CARTESIAN_POINT('Ctrl Pts',(14.3522460523873,22.,-65.0880685322529));
#2679=CARTESIAN_POINT('Ctrl Pts',(14.3522460523873,21.6,-65.0880685322529));
#2680=CARTESIAN_POINT('Ctrl Pts',(14.6098231524229,22.,-65.1023200899363));
#2681=CARTESIAN_POINT('Ctrl Pts',(14.6098231524229,21.6,-65.1023200899363));
#2682=CARTESIAN_POINT('',(13.1548427790403,22.,-64.7401098161936));
#2683=CARTESIAN_POINT('Ctrl Pts',(13.1548427790403,22.,-64.7401098161936));
#2684=CARTESIAN_POINT('Ctrl Pts',(13.3824713325429,22.,-64.8457489387682));
#2685=CARTESIAN_POINT('Ctrl Pts',(13.8440242571936,22.,-65.0599489819157));
#2686=CARTESIAN_POINT('Ctrl Pts',(14.3522460523873,22.,-65.0880685322529));
#2687=CARTESIAN_POINT('Ctrl Pts',(14.6098231524229,22.,-65.1023200899363));
#2688=CARTESIAN_POINT('',(13.1548427790403,21.6,-64.7401098161936));
#2689=CARTESIAN_POINT('',(13.1548427790403,22.,-64.7401098161936));
#2690=CARTESIAN_POINT('Ctrl Pts',(13.1548427790403,21.6,-64.7401098161936));
#2691=CARTESIAN_POINT('Ctrl Pts',(13.3824713325429,21.6,-64.8457489387682));
#2692=CARTESIAN_POINT('Ctrl Pts',(13.8440242571936,21.6,-65.0599489819157));
#2693=CARTESIAN_POINT('Ctrl Pts',(14.3522460523873,21.6,-65.0880685322529));
#2694=CARTESIAN_POINT('Ctrl Pts',(14.6098231524229,21.6,-65.1023200899363));
#2695=CARTESIAN_POINT('Ctrl Pts',(12.1357434242964,22.,-63.6800829321146));
#2696=CARTESIAN_POINT('Ctrl Pts',(12.1357434242964,21.6,-63.6800829321146));
#2697=CARTESIAN_POINT('Ctrl Pts',(12.266540547729,22.,-63.8980455387987));
#2698=CARTESIAN_POINT('Ctrl Pts',(12.266540547729,21.6,-63.8980455387987));
#2699=CARTESIAN_POINT('Ctrl Pts',(12.5253801408713,22.,-64.3293803491812));
#2700=CARTESIAN_POINT('Ctrl Pts',(12.5253801408713,21.6,-64.3293803491812));
#2701=CARTESIAN_POINT('Ctrl Pts',(12.9465158532919,22.,-64.6041748107008));
#2702=CARTESIAN_POINT('Ctrl Pts',(12.9465158532919,21.6,-64.6041748107008));
#2703=CARTESIAN_POINT('Ctrl Pts',(13.1548427790403,22.,-64.7401098161936));
#2704=CARTESIAN_POINT('Ctrl Pts',(13.1548427790403,21.6,-64.7401098161936));
#2705=CARTESIAN_POINT('',(12.1357434242964,22.,-63.6800829321146));
#2706=CARTESIAN_POINT('Ctrl Pts',(12.1357434242964,22.,-63.6800829321146));
#2707=CARTESIAN_POINT('Ctrl Pts',(12.266540547729,22.,-63.8980455387987));
#2708=CARTESIAN_POINT('Ctrl Pts',(12.5253801408713,22.,-64.3293803491812));
#2709=CARTESIAN_POINT('Ctrl Pts',(12.9465158532919,22.,-64.6041748107008));
#2710=CARTESIAN_POINT('Ctrl Pts',(13.1548427790403,22.,-64.7401098161936));
#2711=CARTESIAN_POINT('',(12.1357434242964,21.6,-63.6800829321146));
#2712=CARTESIAN_POINT('',(12.1357434242964,22.,-63.6800829321146));
#2713=CARTESIAN_POINT('Ctrl Pts',(12.1357434242964,21.6,-63.6800829321146));
#2714=CARTESIAN_POINT('Ctrl Pts',(12.266540547729,21.6,-63.8980455387987));
#2715=CARTESIAN_POINT('Ctrl Pts',(12.5253801408713,21.6,-64.3293803491812));
#2716=CARTESIAN_POINT('Ctrl Pts',(12.9465158532919,21.6,-64.6041748107008));
#2717=CARTESIAN_POINT('Ctrl Pts',(13.1548427790403,21.6,-64.7401098161936));
#2718=CARTESIAN_POINT('Ctrl Pts',(11.7776262015104,22.,-62.0450214296579));
#2719=CARTESIAN_POINT('Ctrl Pts',(11.7776262015104,21.6,-62.0450214296579));
#2720=CARTESIAN_POINT('Ctrl Pts',(11.7895824976352,22.,-62.3415059579021));
#2721=CARTESIAN_POINT('Ctrl Pts',(11.7895824976352,21.6,-62.3415059579021));
#2722=CARTESIAN_POINT('Ctrl Pts',(11.8124366832553,22.,-62.9082293286944));
#2723=CARTESIAN_POINT('Ctrl Pts',(11.8124366832553,21.6,-62.9082293286944));
#2724=CARTESIAN_POINT('Ctrl Pts',(12.0313539571324,22.,-63.430866395119));
#2725=CARTESIAN_POINT('Ctrl Pts',(12.0313539571324,21.6,-63.430866395119));
#2726=CARTESIAN_POINT('Ctrl Pts',(12.1357434242964,22.,-63.6800829321146));
#2727=CARTESIAN_POINT('Ctrl Pts',(12.1357434242964,21.6,-63.6800829321146));
#2728=CARTESIAN_POINT('',(11.7776262015104,22.,-62.0450214296579));
#2729=CARTESIAN_POINT('Ctrl Pts',(11.7776262015104,22.,-62.0450214296579));
#2730=CARTESIAN_POINT('Ctrl Pts',(11.7895824976352,22.,-62.3415059579021));
#2731=CARTESIAN_POINT('Ctrl Pts',(11.8124366832553,22.,-62.9082293286944));
#2732=CARTESIAN_POINT('Ctrl Pts',(12.0313539571324,22.,-63.430866395119));
#2733=CARTESIAN_POINT('Ctrl Pts',(12.1357434242964,22.,-63.6800829321146));
#2734=CARTESIAN_POINT('',(11.7776262015104,21.6,-62.0450214296579));
#2735=CARTESIAN_POINT('',(11.7776262015104,22.,-62.0450214296579));
#2736=CARTESIAN_POINT('Ctrl Pts',(11.7776262015104,21.6,-62.0450214296579));
#2737=CARTESIAN_POINT('Ctrl Pts',(11.7895824976352,21.6,-62.3415059579021));
#2738=CARTESIAN_POINT('Ctrl Pts',(11.8124366832553,21.6,-62.9082293286944));
#2739=CARTESIAN_POINT('Ctrl Pts',(12.0313539571324,21.6,-63.430866395119));
#2740=CARTESIAN_POINT('Ctrl Pts',(12.1357434242964,21.6,-63.6800829321146));
#2741=CARTESIAN_POINT('Ctrl Pts',(12.0948158949614,22.,-60.4365626722574));
#2742=CARTESIAN_POINT('Ctrl Pts',(12.0948158949614,21.6,-60.4365626722574));
#2743=CARTESIAN_POINT('Ctrl Pts',(12.002307196317,22.,-60.6928053937252));
#2744=CARTESIAN_POINT('Ctrl Pts',(12.002307196317,21.6,-60.6928053937252));
#2745=CARTESIAN_POINT('Ctrl Pts',(11.8146241983691,22.,-61.212674366829));
#2746=CARTESIAN_POINT('Ctrl Pts',(11.8146241983691,21.6,-61.212674366829));
#2747=CARTESIAN_POINT('Ctrl Pts',(11.7900750881429,22.,-61.7649577747624));
#2748=CARTESIAN_POINT('Ctrl Pts',(11.7900750881429,21.6,-61.7649577747624));
#2749=CARTESIAN_POINT('Ctrl Pts',(11.7776262015104,22.,-62.0450214296579));
#2750=CARTESIAN_POINT('Ctrl Pts',(11.7776262015104,21.6,-62.0450214296579));
#2751=CARTESIAN_POINT('',(12.0948158949614,22.,-60.4365626722574));
#2752=CARTESIAN_POINT('Ctrl Pts',(12.0948158949614,22.,-60.4365626722574));
#2753=CARTESIAN_POINT('Ctrl Pts',(12.002307196317,22.,-60.6928053937252));
#2754=CARTESIAN_POINT('Ctrl Pts',(11.8146241983691,22.,-61.212674366829));
#2755=CARTESIAN_POINT('Ctrl Pts',(11.7900750881429,22.,-61.7649577747624));
#2756=CARTESIAN_POINT('Ctrl Pts',(11.7776262015104,22.,-62.0450214296579));
#2757=CARTESIAN_POINT('',(12.0948158949614,21.6,-60.4365626722574));
#2758=CARTESIAN_POINT('',(12.0948158949614,22.,-60.4365626722574));
#2759=CARTESIAN_POINT('Ctrl Pts',(12.0948158949614,21.6,-60.4365626722574));
#2760=CARTESIAN_POINT('Ctrl Pts',(12.002307196317,21.6,-60.6928053937252));
#2761=CARTESIAN_POINT('Ctrl Pts',(11.8146241983691,21.6,-61.212674366829));
#2762=CARTESIAN_POINT('Ctrl Pts',(11.7900750881429,21.6,-61.7649577747624));
#2763=CARTESIAN_POINT('Ctrl Pts',(11.7776262015104,21.6,-62.0450214296579));
#2764=CARTESIAN_POINT('Ctrl Pts',(13.0197816342115,22.,-59.2926339060068));
#2765=CARTESIAN_POINT('Ctrl Pts',(13.0197816342115,21.6,-59.2926339060068));
#2766=CARTESIAN_POINT('Ctrl Pts',(12.8277907229495,22.,-59.4426722001623));
#2767=CARTESIAN_POINT('Ctrl Pts',(12.8277907229495,21.6,-59.4426722001623));
#2768=CARTESIAN_POINT('Ctrl Pts',(12.4316264065149,22.,-59.7522692422952));
#2769=CARTESIAN_POINT('Ctrl Pts',(12.4316264065149,21.6,-59.7522692422952));
#2770=CARTESIAN_POINT('Ctrl Pts',(12.209364334226,22.,-60.203836134004));
#2771=CARTESIAN_POINT('Ctrl Pts',(12.209364334226,21.6,-60.203836134004));
#2772=CARTESIAN_POINT('Ctrl Pts',(12.0948158949614,22.,-60.4365626722574));
#2773=CARTESIAN_POINT('Ctrl Pts',(12.0948158949614,21.6,-60.4365626722574));
#2774=CARTESIAN_POINT('',(13.0197816342115,22.,-59.2926339060068));
#2775=CARTESIAN_POINT('Ctrl Pts',(13.0197816342115,22.,-59.2926339060068));
#2776=CARTESIAN_POINT('Ctrl Pts',(12.8277907229495,22.,-59.4426722001623));
#2777=CARTESIAN_POINT('Ctrl Pts',(12.4316264065149,22.,-59.7522692422952));
#2778=CARTESIAN_POINT('Ctrl Pts',(12.209364334226,22.,-60.203836134004));
#2779=CARTESIAN_POINT('Ctrl Pts',(12.0948158949614,22.,-60.4365626722574));
#2780=CARTESIAN_POINT('',(13.0197816342115,21.6,-59.2926339060068));
#2781=CARTESIAN_POINT('',(13.0197816342115,22.,-59.2926339060068));
#2782=CARTESIAN_POINT('Ctrl Pts',(13.0197816342115,21.6,-59.2926339060068));
#2783=CARTESIAN_POINT('Ctrl Pts',(12.8277907229495,21.6,-59.4426722001623));
#2784=CARTESIAN_POINT('Ctrl Pts',(12.4316264065149,21.6,-59.7522692422952));
#2785=CARTESIAN_POINT('Ctrl Pts',(12.209364334226,21.6,-60.203836134004));
#2786=CARTESIAN_POINT('Ctrl Pts',(12.0948158949614,21.6,-60.4365626722574));
#2787=CARTESIAN_POINT('Ctrl Pts',(14.5975445955992,22.,-58.8976816087961));
#2788=CARTESIAN_POINT('Ctrl Pts',(14.5975445955992,21.6,-58.8976816087961));
#2789=CARTESIAN_POINT('Ctrl Pts',(14.2985901775863,22.,-58.9084428037603));
#2790=CARTESIAN_POINT('Ctrl Pts',(14.2985901775863,21.6,-58.9084428037603));
#2791=CARTESIAN_POINT('Ctrl Pts',(13.7433831374992,22.,-58.9284280953094));
#2792=CARTESIAN_POINT('Ctrl Pts',(13.7433831374992,21.6,-58.9284280953094));
#2793=CARTESIAN_POINT('Ctrl Pts',(13.2482893360737,22.,-59.1776205562153));
#2794=CARTESIAN_POINT('Ctrl Pts',(13.2482893360737,21.6,-59.1776205562153));
#2795=CARTESIAN_POINT('Ctrl Pts',(13.0197816342115,22.,-59.2926339060068));
#2796=CARTESIAN_POINT('Ctrl Pts',(13.0197816342115,21.6,-59.2926339060068));
#2797=CARTESIAN_POINT('',(14.5975445955992,22.,-58.8976816087961));
#2798=CARTESIAN_POINT('Ctrl Pts',(14.5975445955992,22.,-58.8976816087961));
#2799=CARTESIAN_POINT('Ctrl Pts',(14.2985901775863,22.,-58.9084428037603));
#2800=CARTESIAN_POINT('Ctrl Pts',(13.7433831374992,22.,-58.9284280953094));
#2801=CARTESIAN_POINT('Ctrl Pts',(13.2482893360737,22.,-59.1776205562153));
#2802=CARTESIAN_POINT('Ctrl Pts',(13.0197816342115,22.,-59.2926339060068));
#2803=CARTESIAN_POINT('',(14.5975445955992,21.6,-58.8976816087961));
#2804=CARTESIAN_POINT('',(14.5975445955992,22.,-58.8976816087961));
#2805=CARTESIAN_POINT('Ctrl Pts',(14.5975445955992,21.6,-58.8976816087961));
#2806=CARTESIAN_POINT('Ctrl Pts',(14.2985901775863,21.6,-58.9084428037603));
#2807=CARTESIAN_POINT('Ctrl Pts',(13.7433831374992,21.6,-58.9284280953094));
#2808=CARTESIAN_POINT('Ctrl Pts',(13.2482893360737,21.6,-59.1776205562153));
#2809=CARTESIAN_POINT('Ctrl Pts',(13.0197816342115,21.6,-59.2926339060068));
#2810=CARTESIAN_POINT('Ctrl Pts',(16.1834930628538,22.,-59.4113240391016));
#2811=CARTESIAN_POINT('Ctrl Pts',(16.1834930628538,21.6,-59.4113240391016));
#2812=CARTESIAN_POINT('Ctrl Pts',(15.9502680192818,22.,-59.2615593146737));
#2813=CARTESIAN_POINT('Ctrl Pts',(15.9502680192818,21.6,-59.2615593146737));
#2814=CARTESIAN_POINT('Ctrl Pts',(15.4674766691458,22.,-58.9515363754478));
#2815=CARTESIAN_POINT('Ctrl Pts',(15.4674766691458,21.6,-58.9515363754478));
#2816=CARTESIAN_POINT('Ctrl Pts',(14.8939922841983,22.,-58.9160337555664));
#2817=CARTESIAN_POINT('Ctrl Pts',(14.8939922841983,21.6,-58.9160337555664));
#2818=CARTESIAN_POINT('Ctrl Pts',(14.5975445955992,22.,-58.8976816087961));
#2819=CARTESIAN_POINT('Ctrl Pts',(14.5975445955992,21.6,-58.8976816087961));
#2820=CARTESIAN_POINT('',(16.1834930628538,22.,-59.4113240391016));
#2821=CARTESIAN_POINT('Ctrl Pts',(16.1834930628538,22.,-59.4113240391016));
#2822=CARTESIAN_POINT('Ctrl Pts',(15.9502680192818,22.,-59.2615593146737));
#2823=CARTESIAN_POINT('Ctrl Pts',(15.4674766691458,22.,-58.9515363754478));
#2824=CARTESIAN_POINT('Ctrl Pts',(14.8939922841983,22.,-58.9160337555664));
#2825=CARTESIAN_POINT('Ctrl Pts',(14.5975445955992,22.,-58.8976816087961));
#2826=CARTESIAN_POINT('',(16.1834930628538,21.6,-59.4113240391016));
#2827=CARTESIAN_POINT('',(16.1834930628538,22.,-59.4113240391016));
#2828=CARTESIAN_POINT('Ctrl Pts',(16.1834930628538,21.6,-59.4113240391016));
#2829=CARTESIAN_POINT('Ctrl Pts',(15.9502680192818,21.6,-59.2615593146737));
#2830=CARTESIAN_POINT('Ctrl Pts',(15.4674766691458,21.6,-58.9515363754478));
#2831=CARTESIAN_POINT('Ctrl Pts',(14.8939922841983,21.6,-58.9160337555664));
#2832=CARTESIAN_POINT('Ctrl Pts',(14.5975445955992,21.6,-58.8976816087961));
#2833=CARTESIAN_POINT('Ctrl Pts',(17.0818554610014,22.,-60.903138294816));
#2834=CARTESIAN_POINT('Ctrl Pts',(17.0818554610014,21.6,-60.903138294816));
#2835=CARTESIAN_POINT('Ctrl Pts',(16.9883661438711,22.,-60.6016680348113));
#2836=CARTESIAN_POINT('Ctrl Pts',(16.9883661438711,21.6,-60.6016680348113));
#2837=CARTESIAN_POINT('Ctrl Pts',(16.8109084999203,22.,-60.0294293694336));
#2838=CARTESIAN_POINT('Ctrl Pts',(16.8109084999203,21.6,-60.0294293694336));
#2839=CARTESIAN_POINT('Ctrl Pts',(16.3850148333054,22.,-59.6098554636335));
#2840=CARTESIAN_POINT('Ctrl Pts',(16.3850148333054,21.6,-59.6098554636335));
#2841=CARTESIAN_POINT('Ctrl Pts',(16.1834930628538,22.,-59.4113240391016));
#2842=CARTESIAN_POINT('Ctrl Pts',(16.1834930628538,21.6,-59.4113240391016));
#2843=CARTESIAN_POINT('',(17.0818554610014,22.,-60.903138294816));
#2844=CARTESIAN_POINT('Ctrl Pts',(17.0818554610014,22.,-60.903138294816));
#2845=CARTESIAN_POINT('Ctrl Pts',(16.9883661438711,22.,-60.6016680348113));
#2846=CARTESIAN_POINT('Ctrl Pts',(16.8109084999203,22.,-60.0294293694336));
#2847=CARTESIAN_POINT('Ctrl Pts',(16.3850148333054,22.,-59.6098554636335));
#2848=CARTESIAN_POINT('Ctrl Pts',(16.1834930628538,22.,-59.4113240391016));
#2849=CARTESIAN_POINT('',(17.0818554610014,21.6,-60.903138294816));
#2850=CARTESIAN_POINT('',(17.0818554610014,22.,-60.903138294816));
#2851=CARTESIAN_POINT('Ctrl Pts',(17.0818554610014,21.6,-60.903138294816));
#2852=CARTESIAN_POINT('Ctrl Pts',(16.9883661438711,21.6,-60.6016680348113));
#2853=CARTESIAN_POINT('Ctrl Pts',(16.8109084999203,21.6,-60.0294293694336));
#2854=CARTESIAN_POINT('Ctrl Pts',(16.3850148333054,21.6,-59.6098554636335));
#2855=CARTESIAN_POINT('Ctrl Pts',(16.1834930628538,21.6,-59.4113240391016));
#2856=CARTESIAN_POINT('Origin',(16.2878584116697,22.,-61.1036840826273));
#2857=CARTESIAN_POINT('',(16.2878584116697,22.,-61.1036840826273));
#2858=CARTESIAN_POINT('',(28.1817551915366,22.,-58.0995533974161));
#2859=CARTESIAN_POINT('',(16.2878584116697,21.6,-61.1036840826273));
#2860=CARTESIAN_POINT('',(16.2878584116697,22.,-61.1036840826273));
#2861=CARTESIAN_POINT('',(16.2878584116697,21.6,-61.1036840826273));
#2862=CARTESIAN_POINT('Ctrl Pts',(15.6616639345884,22.,-59.9618015438318));
#2863=CARTESIAN_POINT('Ctrl Pts',(15.6616639345884,21.6,-59.9618015438318));
#2864=CARTESIAN_POINT('Ctrl Pts',(15.8048919594,22.,-60.1132081328692));
#2865=CARTESIAN_POINT('Ctrl Pts',(15.8048919594,21.6,-60.1132081328692));
#2866=CARTESIAN_POINT('Ctrl Pts',(16.1123325506571,22.,-60.4382041056555));
#2867=CARTESIAN_POINT('Ctrl Pts',(16.1123325506571,21.6,-60.4382041056555));
#2868=CARTESIAN_POINT('Ctrl Pts',(16.2267466568903,22.,-60.8719880298139));
#2869=CARTESIAN_POINT('Ctrl Pts',(16.2267466568903,21.6,-60.8719880298139));
#2870=CARTESIAN_POINT('Ctrl Pts',(16.2878584116697,22.,-61.1036840826273));
#2871=CARTESIAN_POINT('Ctrl Pts',(16.2878584116697,21.6,-61.1036840826273));
#2872=CARTESIAN_POINT('Ctrl Pts',(15.6616639345884,22.,-59.9618015438318));
#2873=CARTESIAN_POINT('Ctrl Pts',(15.8048919594,22.,-60.1132081328692));
#2874=CARTESIAN_POINT('Ctrl Pts',(16.1123325506571,22.,-60.4382041056555));
#2875=CARTESIAN_POINT('Ctrl Pts',(16.2267466568903,22.,-60.8719880298139));
#2876=CARTESIAN_POINT('Ctrl Pts',(16.2878584116697,22.,-61.1036840826273));
#2877=CARTESIAN_POINT('Ctrl Pts',(15.6616639345884,21.6,-59.9618015438318));
#2878=CARTESIAN_POINT('Ctrl Pts',(15.8048919594,21.6,-60.1132081328692));
#2879=CARTESIAN_POINT('Ctrl Pts',(16.1123325506571,21.6,-60.4382041056555));
#2880=CARTESIAN_POINT('Ctrl Pts',(16.2267466568903,21.6,-60.8719880298139));
#2881=CARTESIAN_POINT('Ctrl Pts',(16.2878584116697,21.6,-61.1036840826273));
#2882=CARTESIAN_POINT('Origin',(11.9945430755615,21.6,-62.0000008493662));
#2883=CARTESIAN_POINT('Origin',(5.76534800231457,22.,-64.1077772527933));
#2884=CARTESIAN_POINT('',(5.76534800231457,22.,-64.1077772527933));
#2885=CARTESIAN_POINT('',(5.76534800231457,22.,-59.0000007301569));
#2886=CARTESIAN_POINT('',(5.76534800231457,22.,-49.553888887167));
#2887=CARTESIAN_POINT('',(5.76534800231457,21.6,-64.1077772527933));
#2888=CARTESIAN_POINT('',(5.76534800231457,22.,-64.1077772527933));
#2889=CARTESIAN_POINT('',(5.76534800231457,21.6,-59.0000007301569));
#2890=CARTESIAN_POINT('',(5.76534800231457,21.6,-64.1077772527933));
#2891=CARTESIAN_POINT('',(5.76534800231457,22.,-59.0000007301569));
#2892=CARTESIAN_POINT('Origin',(7.50068180263042,22.,-59.0000007301569));
#2893=CARTESIAN_POINT('',(7.50068180263042,22.,-59.0000007301569));
#2894=CARTESIAN_POINT('',(12.5785506082462,22.,-44.053816275252));
#2895=CARTESIAN_POINT('',(7.50068180263042,21.6,-59.0000007301569));
#2896=CARTESIAN_POINT('',(7.50068180263042,22.,-59.0000007301569));
#2897=CARTESIAN_POINT('',(7.50068180263042,21.6,-59.0000007301569));
#2898=CARTESIAN_POINT('Origin',(8.21691684424877,22.,-59.0000007301569));
#2899=CARTESIAN_POINT('',(8.21691684424877,22.,-59.0000007301569));
#2900=CARTESIAN_POINT('',(21.6084586828947,22.,-59.0000007301569));
#2901=CARTESIAN_POINT('',(8.21691684424877,21.6,-59.0000007301569));
#2902=CARTESIAN_POINT('',(8.21691684424877,22.,-59.0000007301569));
#2903=CARTESIAN_POINT('',(8.21691684424877,21.6,-59.0000007301569));
#2904=CARTESIAN_POINT('Origin',(9.96043615043163,22.,-64.0218291431665));
#2905=CARTESIAN_POINT('',(9.96043615043163,22.,-64.0218291431665));
#2906=CARTESIAN_POINT('',(6.81116077443542,22.,-54.9510259077301));
#2907=CARTESIAN_POINT('',(9.96043615043163,21.6,-64.0218291431665));
#2908=CARTESIAN_POINT('',(9.96043615043163,22.,-64.0218291431665));
#2909=CARTESIAN_POINT('',(9.96043615043163,21.6,-64.0218291431665));
#2910=CARTESIAN_POINT('Origin',(9.96043615043163,22.,-59.0000007301569));
#2911=CARTESIAN_POINT('',(9.96043615043163,22.,-59.0000007301569));
#2912=CARTESIAN_POINT('',(9.96043615043163,22.,-47.0000006258488));
#2913=CARTESIAN_POINT('',(9.96043615043163,21.6,-59.0000007301569));
#2914=CARTESIAN_POINT('',(9.96043615043163,22.,-59.0000007301569));
#2915=CARTESIAN_POINT('',(9.96043615043163,21.6,-59.0000007301569));
#2916=CARTESIAN_POINT('Origin',(10.725784227252,22.,-59.0000007301569));
#2917=CARTESIAN_POINT('',(10.725784227252,22.,-59.0000007301569));
#2918=CARTESIAN_POINT('',(22.8628923743963,22.,-59.0000007301569));
#2919=CARTESIAN_POINT('',(10.725784227252,21.6,-59.0000007301569));
#2920=CARTESIAN_POINT('',(10.725784227252,22.,-59.0000007301569));
#2921=CARTESIAN_POINT('',(10.725784227252,21.6,-59.0000007301569));
#2922=CARTESIAN_POINT('Origin',(10.725784227252,22.,-65.0000009685755));
#2923=CARTESIAN_POINT('',(10.725784227252,22.,-65.0000009685755));
#2924=CARTESIAN_POINT('',(10.725784227252,22.,-50.0000007450581));
#2925=CARTESIAN_POINT('',(10.725784227252,21.6,-65.0000009685755));
#2926=CARTESIAN_POINT('',(10.725784227252,22.,-65.0000009685755));
#2927=CARTESIAN_POINT('',(10.725784227252,21.6,-65.0000009685755));
#2928=CARTESIAN_POINT('Origin',(9.65757124125957,22.,-65.0000009685755));
#2929=CARTESIAN_POINT('',(9.65757124125957,22.,-65.0000009685755));
#2930=CARTESIAN_POINT('',(22.3287858814001,22.,-65.0000009685755));
#2931=CARTESIAN_POINT('',(9.65757124125957,21.6,-65.0000009685755));
#2932=CARTESIAN_POINT('',(9.65757124125957,22.,-65.0000009685755));
#2933=CARTESIAN_POINT('',(9.65757124125957,21.6,-65.0000009685755));
#2934=CARTESIAN_POINT('Origin',(8.22100929915905,22.,-60.8253756910563));
#2935=CARTESIAN_POINT('',(8.22100929915905,22.,-60.8253756910563));
#2936=CARTESIAN_POINT('',(5.66566513718018,22.,-53.3995877603527));
#2937=CARTESIAN_POINT('',(8.22100929915905,21.6,-60.8253756910563));
#2938=CARTESIAN_POINT('',(8.22100929915905,22.,-60.8253756910563));
#2939=CARTESIAN_POINT('',(8.22100929915905,21.6,-60.8253756910563));
#2940=CARTESIAN_POINT('Ctrl Pts',(7.90177337825298,22.,-59.8635748773813));
#2941=CARTESIAN_POINT('Ctrl Pts',(7.90177337825298,21.6,-59.8635748773813));
#2942=CARTESIAN_POINT('Ctrl Pts',(7.94508505582979,22.,-59.998409266754));
#2943=CARTESIAN_POINT('Ctrl Pts',(7.94508505582979,21.6,-59.998409266754));
#2944=CARTESIAN_POINT('Ctrl Pts',(8.04839801154246,22.,-60.3200347515463));
#2945=CARTESIAN_POINT('Ctrl Pts',(8.04839801154246,21.6,-60.3200347515463));
#2946=CARTESIAN_POINT('Ctrl Pts',(8.1575923046105,22.,-60.6397145790365));
#2947=CARTESIAN_POINT('Ctrl Pts',(8.1575923046105,21.6,-60.6397145790365));
#2948=CARTESIAN_POINT('Ctrl Pts',(8.22100929915905,22.,-60.8253756910563));
#2949=CARTESIAN_POINT('Ctrl Pts',(8.22100929915905,21.6,-60.8253756910563));
#2950=CARTESIAN_POINT('',(7.90177337825298,22.,-59.8635748773813));
#2951=CARTESIAN_POINT('Ctrl Pts',(7.90177337825298,22.,-59.8635748773813));
#2952=CARTESIAN_POINT('Ctrl Pts',(7.94508505582979,22.,-59.998409266754));
#2953=CARTESIAN_POINT('Ctrl Pts',(8.04839801154246,22.,-60.3200347515463));
#2954=CARTESIAN_POINT('Ctrl Pts',(8.1575923046105,22.,-60.6397145790365));
#2955=CARTESIAN_POINT('Ctrl Pts',(8.22100929915905,22.,-60.8253756910563));
#2956=CARTESIAN_POINT('',(7.90177337825298,21.6,-59.8635748773813));
#2957=CARTESIAN_POINT('',(7.90177337825298,22.,-59.8635748773813));
#2958=CARTESIAN_POINT('Ctrl Pts',(7.90177337825298,21.6,-59.8635748773813));
#2959=CARTESIAN_POINT('Ctrl Pts',(7.94508505582979,21.6,-59.998409266754));
#2960=CARTESIAN_POINT('Ctrl Pts',(8.04839801154246,21.6,-60.3200347515463));
#2961=CARTESIAN_POINT('Ctrl Pts',(8.1575923046105,21.6,-60.6397145790365));
#2962=CARTESIAN_POINT('Ctrl Pts',(8.22100929915905,21.6,-60.8253756910563));
#2963=CARTESIAN_POINT('Ctrl Pts',(7.61527948081493,22.,-60.7517061382532));
#2964=CARTESIAN_POINT('Ctrl Pts',(7.61527948081493,21.6,-60.7517061382532));
#2965=CARTESIAN_POINT('Ctrl Pts',(7.67242992173692,22.,-60.5789581661476));
#2966=CARTESIAN_POINT('Ctrl Pts',(7.67242992173692,21.6,-60.5789581661476));
#2967=CARTESIAN_POINT('Ctrl Pts',(7.77013558603455,22.,-60.2836243927181));
#2968=CARTESIAN_POINT('Ctrl Pts',(7.77013558603455,21.6,-60.2836243927181));
#2969=CARTESIAN_POINT('Ctrl Pts',(7.86316086709429,22.,-59.9867854411929));
#2970=CARTESIAN_POINT('Ctrl Pts',(7.86316086709429,21.6,-59.9867854411929));
#2971=CARTESIAN_POINT('Ctrl Pts',(7.90177337825298,22.,-59.8635748773813));
#2972=CARTESIAN_POINT('Ctrl Pts',(7.90177337825298,21.6,-59.8635748773813));
#2973=CARTESIAN_POINT('',(7.61527948081493,22.,-60.7517061382532));
#2974=CARTESIAN_POINT('Ctrl Pts',(7.61527948081493,22.,-60.7517061382532));
#2975=CARTESIAN_POINT('Ctrl Pts',(7.67242992173692,22.,-60.5789581661476));
#2976=CARTESIAN_POINT('Ctrl Pts',(7.77013558603455,22.,-60.2836243927181));
#2977=CARTESIAN_POINT('Ctrl Pts',(7.86316086709429,22.,-59.9867854411929));
#2978=CARTESIAN_POINT('Ctrl Pts',(7.90177337825298,22.,-59.8635748773813));
#2979=CARTESIAN_POINT('',(7.61527948081493,21.6,-60.7517061382532));
#2980=CARTESIAN_POINT('',(7.61527948081493,22.,-60.7517061382532));
#2981=CARTESIAN_POINT('Ctrl Pts',(7.61527948081493,21.6,-60.7517061382532));
#2982=CARTESIAN_POINT('Ctrl Pts',(7.67242992173692,21.6,-60.5789581661476));
#2983=CARTESIAN_POINT('Ctrl Pts',(7.77013558603455,21.6,-60.2836243927181));
#2984=CARTESIAN_POINT('Ctrl Pts',(7.86316086709429,21.6,-59.9867854411929));
#2985=CARTESIAN_POINT('Ctrl Pts',(7.90177337825298,21.6,-59.8635748773813));
#2986=CARTESIAN_POINT('Origin',(6.19508869946003,22.,-65.0000009685755));
#2987=CARTESIAN_POINT('',(6.19508869946003,22.,-65.0000009685755));
#2988=CARTESIAN_POINT('',(12.153227141066,22.,-47.17709360139));
#2989=CARTESIAN_POINT('',(6.19508869946003,21.6,-65.0000009685755));
#2990=CARTESIAN_POINT('',(6.19508869946003,22.,-65.0000009685755));
#2991=CARTESIAN_POINT('',(6.19508869946003,21.6,-65.0000009685755));
#2992=CARTESIAN_POINT('Origin',(5.00000007450581,22.,-65.0000009685755));
#2993=CARTESIAN_POINT('',(5.00000007450581,22.,-65.0000009685755));
#2994=CARTESIAN_POINT('',(20.0000002980232,22.,-65.0000009685755));
#2995=CARTESIAN_POINT('',(5.00000007450581,21.6,-65.0000009685755));
#2996=CARTESIAN_POINT('',(5.00000007450581,22.,-65.0000009685755));
#2997=CARTESIAN_POINT('',(5.00000007450581,21.6,-65.0000009685755));
#2998=CARTESIAN_POINT('Origin',(5.00000007450581,22.,-59.0000007301569));
#2999=CARTESIAN_POINT('',(5.00000007450581,22.,-59.0000007301569));
#3000=CARTESIAN_POINT('',(5.00000007450581,22.,-47.0000006258488));
#3001=CARTESIAN_POINT('',(5.00000007450581,21.6,-59.0000007301569));
#3002=CARTESIAN_POINT('',(5.00000007450581,22.,-59.0000007301569));
#3003=CARTESIAN_POINT('',(5.00000007450581,21.6,-59.0000007301569));
#3004=CARTESIAN_POINT('Origin',(5.76534800231457,22.,-59.0000007301569));
#3005=CARTESIAN_POINT('',(20.3826742619276,22.,-59.0000007301569));
#3006=CARTESIAN_POINT('',(5.76534800231457,21.6,-59.0000007301569));
#3007=CARTESIAN_POINT('Origin',(11.9945430755615,21.6,-62.0000008493662));
#3008=CARTESIAN_POINT('Origin',(4.00000002980232,0.,-66.000001013279));
#3009=CARTESIAN_POINT('',(2.00000002980232,22.,-66.000001013279));
#3010=CARTESIAN_POINT('',(4.00000002980232,22.,-68.000001013279));
#3011=CARTESIAN_POINT('Origin',(4.00000002980232,22.,-66.000001013279));
#3012=CARTESIAN_POINT('',(4.00000002980232,0.,-68.000001013279));
#3013=CARTESIAN_POINT('',(4.00000002980232,0.,-68.000001013279));
#3014=CARTESIAN_POINT('',(2.00000002980232,0.,-66.000001013279));
#3015=CARTESIAN_POINT('Origin',(4.00000002980232,0.,-66.000001013279));
#3016=CARTESIAN_POINT('',(2.00000002980232,0.,-66.000001013279));
#3017=CARTESIAN_POINT('Origin',(68.000001013279,0.,-68.000001013279));
#3018=CARTESIAN_POINT('',(66.000001013279,22.,-68.000001013279));
#3019=CARTESIAN_POINT('',(68.000001013279,22.,-68.000001013279));
#3020=CARTESIAN_POINT('',(66.000001013279,0.,-68.000001013279));
#3021=CARTESIAN_POINT('',(66.000001013279,0.,-68.000001013279));
#3022=CARTESIAN_POINT('',(2.00000002980232,0.,-68.000001013279));
#3023=CARTESIAN_POINT('Origin',(35.0000005215406,22.,-35.0000005215406));
#3024=CARTESIAN_POINT('',(2.00000002980232,22.,-4.00000002980232));
#3025=CARTESIAN_POINT('',(2.00000002980232,22.,-68.000001013279));
#3026=CARTESIAN_POINT('',(4.00000002980232,22.,-2.00000002980232));
#3027=CARTESIAN_POINT('Origin',(4.00000002980232,22.,-4.00000002980232));
#3028=CARTESIAN_POINT('',(66.000001013279,22.,-2.00000002980232));
#3029=CARTESIAN_POINT('',(2.00000002980232,22.,-2.00000002980232));
#3030=CARTESIAN_POINT('',(68.000001013279,22.,-4.00000002980232));
#3031=CARTESIAN_POINT('Origin',(66.000001013279,22.,-4.00000002980232));
#3032=CARTESIAN_POINT('',(68.000001013279,22.,-66.000001013279));
#3033=CARTESIAN_POINT('',(68.000001013279,22.,-2.00000002980232));
#3034=CARTESIAN_POINT('Origin',(66.000001013279,22.,-66.000001013279));
#3035=CARTESIAN_POINT('Origin',(66.000001013279,0.,-66.000001013279));
#3036=CARTESIAN_POINT('',(68.000001013279,0.,-66.000001013279));
#3037=CARTESIAN_POINT('',(68.000001013279,0.,-66.000001013279));
#3038=CARTESIAN_POINT('Origin',(66.000001013279,0.,-66.000001013279));
#3039=CARTESIAN_POINT('Origin',(68.000001013279,0.,-2.00000002980232));
#3040=CARTESIAN_POINT('',(68.000001013279,0.,-4.00000002980232));
#3041=CARTESIAN_POINT('',(68.000001013279,0.,-4.00000002980232));
#3042=CARTESIAN_POINT('',(68.000001013279,0.,-68.000001013279));
#3043=CARTESIAN_POINT('Origin',(66.000001013279,0.,-4.00000002980232));
#3044=CARTESIAN_POINT('',(66.000001013279,0.,-2.00000002980232));
#3045=CARTESIAN_POINT('',(66.000001013279,0.,-2.00000002980232));
#3046=CARTESIAN_POINT('Origin',(66.000001013279,0.,-4.00000002980232));
#3047=CARTESIAN_POINT('Origin',(2.00000002980232,0.,-2.00000002980232));
#3048=CARTESIAN_POINT('',(4.00000002980232,0.,-2.00000002980232));
#3049=CARTESIAN_POINT('',(4.00000002980232,0.,-2.00000002980232));
#3050=CARTESIAN_POINT('',(68.000001013279,0.,-2.00000002980232));
#3051=CARTESIAN_POINT('Origin',(4.00000002980232,0.,-4.00000002980232));
#3052=CARTESIAN_POINT('',(2.00000002980232,0.,-4.00000002980232));
#3053=CARTESIAN_POINT('',(2.00000002980232,0.,-4.00000002980232));
#3054=CARTESIAN_POINT('Origin',(4.00000002980232,0.,-4.00000002980232));
#3055=CARTESIAN_POINT('Origin',(2.00000002980232,0.,-68.000001013279));
#3056=CARTESIAN_POINT('',(2.00000002980232,0.,-2.00000002980232));
#3057=CARTESIAN_POINT('',(2.00000002980232,0.,-2.00000002980232));
#3058=CARTESIAN_POINT('Origin',(35.0000005215406,20.,-35.0000005215406));
#3059=CARTESIAN_POINT('',(8.45000014901161,20.,-10.0000001490116));
#3060=CARTESIAN_POINT('Origin',(10.0000001490116,20.,-10.0000001490116));
#3061=CARTESIAN_POINT('Origin',(35.0000005215406,20.,-35.0000005215406));
#3062=CARTESIAN_POINT('',(8.45000014901161,20.,-60.0000008940697));
#3063=CARTESIAN_POINT('Origin',(10.0000001490116,20.,-60.0000008940697));
#3064=CARTESIAN_POINT('Origin',(35.0000005215406,20.,-35.0000005215406));
#3065=CARTESIAN_POINT('',(58.4500008940697,20.,-60.0000008940697));
#3066=CARTESIAN_POINT('Origin',(60.0000008940697,20.,-60.0000008940697));
#3067=CARTESIAN_POINT('Origin',(35.0000005215406,20.,-35.0000005215406));
#3068=CARTESIAN_POINT('',(55.0000008195639,20.,-66.0000000298023));
#3069=CARTESIAN_POINT('',(55.0000008195639,20.,-60.0000008940697));
#3070=CARTESIAN_POINT('',(55.0000008195639,20.,-60.0000008940697));
#3071=CARTESIAN_POINT('',(60.0000008940697,20.,-55.0000008195639));
#3072=CARTESIAN_POINT('Origin',(60.0000008940697,20.,-60.0000008940697));
#3073=CARTESIAN_POINT('',(66.0000000298023,20.,-55.0000008195639));
#3074=CARTESIAN_POINT('',(60.0000008940697,20.,-55.0000008195639));
#3075=CARTESIAN_POINT('',(66.0000000298023,20.,-15.0000002235174));
#3076=CARTESIAN_POINT('',(66.0000000298023,20.,-4.00000002980232));
#3077=CARTESIAN_POINT('',(60.0000008940697,20.,-15.0000002235174));
#3078=CARTESIAN_POINT('',(60.0000008940697,20.,-15.0000002235174));
#3079=CARTESIAN_POINT('',(55.0000008195639,20.,-10.0000001490116));
#3080=CARTESIAN_POINT('Origin',(60.0000008940697,20.,-10.0000001490116));
#3081=CARTESIAN_POINT('',(55.0000008195639,20.,-4.00000002980232));
#3082=CARTESIAN_POINT('',(55.0000008195639,20.,-10.0000001490116));
#3083=CARTESIAN_POINT('',(15.0000002235174,20.,-4.00000002980232));
#3084=CARTESIAN_POINT('',(4.00000002980232,20.,-4.00000002980232));
#3085=CARTESIAN_POINT('',(15.0000002235174,20.,-10.0000001490116));
#3086=CARTESIAN_POINT('',(15.0000002235174,20.,-10.0000001490116));
#3087=CARTESIAN_POINT('',(10.0000001490116,20.,-15.0000002235174));
#3088=CARTESIAN_POINT('Origin',(10.0000001490116,20.,-10.0000001490116));
#3089=CARTESIAN_POINT('',(10.0000001490116,20.,-15.0000002235174));
#3090=CARTESIAN_POINT('',(10.0000001490116,20.,-55.0000008195639));
#3091=CARTESIAN_POINT('',(10.0000001490116,20.,-55.0000008195639));
#3092=CARTESIAN_POINT('',(15.0000002235174,20.,-60.0000008940697));
#3093=CARTESIAN_POINT('Origin',(10.0000001490116,20.,-60.0000008940697));
#3094=CARTESIAN_POINT('',(15.0000002235174,20.,-66.0000000298023));
#3095=CARTESIAN_POINT('',(15.0000002235174,20.,-60.0000008940697));
#3096=CARTESIAN_POINT('',(66.0000000298023,20.,-66.0000000298023));
#3097=CARTESIAN_POINT('Origin',(35.0000005215406,20.,-35.0000005215406));
#3098=CARTESIAN_POINT('',(58.4500008940697,20.,-10.0000001490116));
#3099=CARTESIAN_POINT('Origin',(60.0000008940697,20.,-10.0000001490116));
#3100=CARTESIAN_POINT('Origin',(60.0000008940697,0.,-10.0000001490116));
#3101=CARTESIAN_POINT('',(58.4500008940697,0.,-10.0000001490116));
#3102=CARTESIAN_POINT('',(58.4500008940697,0.,-10.0000001490116));
#3103=CARTESIAN_POINT('Origin',(60.0000008940697,0.,-10.0000001490116));
#3104=CARTESIAN_POINT('Origin',(55.0000008195639,0.,-66.0000000298023));
#3105=CARTESIAN_POINT('',(55.0000008195639,0.,-66.0000000298023));
#3106=CARTESIAN_POINT('',(55.0000008195639,0.,-60.0000008940697));
#3107=CARTESIAN_POINT('',(55.0000008195639,0.,-60.0000008940697));
#3108=CARTESIAN_POINT('',(55.0000008195639,0.,-60.0000008940697));
#3109=CARTESIAN_POINT('',(55.0000008195639,0.,-66.0000000298023));
#3110=CARTESIAN_POINT('Origin',(15.0000002235174,0.,-66.0000000298023));
#3111=CARTESIAN_POINT('',(15.0000002235174,0.,-66.0000000298023));
#3112=CARTESIAN_POINT('',(66.0000000298023,0.,-66.0000000298023));
#3113=CARTESIAN_POINT('',(15.0000002235174,0.,-66.0000000298023));
#3114=CARTESIAN_POINT('Origin',(15.0000002235174,0.,-60.0000008940697));
#3115=CARTESIAN_POINT('',(15.0000002235174,0.,-60.0000008940697));
#3116=CARTESIAN_POINT('',(15.0000002235174,0.,-60.0000008940697));
#3117=CARTESIAN_POINT('',(15.0000002235174,0.,-60.0000008940697));
#3118=CARTESIAN_POINT('Origin',(10.0000001490116,0.,-60.0000008940697));
#3119=CARTESIAN_POINT('',(10.0000001490116,0.,-55.0000008195639));
#3120=CARTESIAN_POINT('Origin',(10.0000001490116,0.,-60.0000008940697));
#3121=CARTESIAN_POINT('',(10.0000001490116,0.,-55.0000008195639));
#3122=CARTESIAN_POINT('Origin',(4.00000002980232,0.,-55.0000008195639));
#3123=CARTESIAN_POINT('',(10.0000001490116,0.,-55.0000008195639));
#3124=CARTESIAN_POINT('Origin',(10.0000001490116,0.,-15.0000002235174));
#3125=CARTESIAN_POINT('',(10.0000001490116,0.,-15.0000002235174));
#3126=CARTESIAN_POINT('',(10.0000001490116,0.,-15.0000002235174));
#3127=CARTESIAN_POINT('',(10.0000001490116,0.,-15.0000002235174));
#3128=CARTESIAN_POINT('Origin',(10.0000001490116,0.,-10.0000001490116));
#3129=CARTESIAN_POINT('',(15.0000002235174,0.,-10.0000001490116));
#3130=CARTESIAN_POINT('Origin',(10.0000001490116,0.,-10.0000001490116));
#3131=CARTESIAN_POINT('',(15.0000002235174,0.,-10.0000001490116));
#3132=CARTESIAN_POINT('Origin',(15.0000002235174,0.,-4.00000002980232));
#3133=CARTESIAN_POINT('',(15.0000002235174,0.,-4.00000002980232));
#3134=CARTESIAN_POINT('',(15.0000002235174,0.,-10.0000001490116));
#3135=CARTESIAN_POINT('',(15.0000002235174,0.,-4.00000002980232));
#3136=CARTESIAN_POINT('Origin',(55.0000008195639,0.,-4.00000002980232));
#3137=CARTESIAN_POINT('',(55.0000008195639,0.,-4.00000002980232));
#3138=CARTESIAN_POINT('',(4.00000002980232,0.,-4.00000002980232));
#3139=CARTESIAN_POINT('',(55.0000008195639,0.,-4.00000002980232));
#3140=CARTESIAN_POINT('Origin',(55.0000008195639,0.,-10.0000001490116));
#3141=CARTESIAN_POINT('',(55.0000008195639,0.,-10.0000001490116));
#3142=CARTESIAN_POINT('',(55.0000008195639,0.,-10.0000001490116));
#3143=CARTESIAN_POINT('',(55.0000008195639,0.,-10.0000001490116));
#3144=CARTESIAN_POINT('Origin',(60.0000008940697,0.,-10.0000001490116));
#3145=CARTESIAN_POINT('',(60.0000008940697,0.,-15.0000002235174));
#3146=CARTESIAN_POINT('Origin',(60.0000008940697,0.,-10.0000001490116));
#3147=CARTESIAN_POINT('',(60.0000008940697,0.,-15.0000002235174));
#3148=CARTESIAN_POINT('Origin',(66.0000000298023,0.,-15.0000002235174));
#3149=CARTESIAN_POINT('',(66.0000000298023,0.,-15.0000002235174));
#3150=CARTESIAN_POINT('',(60.0000008940697,0.,-15.0000002235174));
#3151=CARTESIAN_POINT('',(66.0000000298023,0.,-15.0000002235174));
#3152=CARTESIAN_POINT('Origin',(66.0000000298023,0.,-55.0000008195639));
#3153=CARTESIAN_POINT('',(66.0000000298023,0.,-55.0000008195639));
#3154=CARTESIAN_POINT('',(66.0000000298023,0.,-4.00000002980232));
#3155=CARTESIAN_POINT('',(66.0000000298023,0.,-55.0000008195639));
#3156=CARTESIAN_POINT('Origin',(60.0000008940697,0.,-55.0000008195639));
#3157=CARTESIAN_POINT('',(60.0000008940697,0.,-55.0000008195639));
#3158=CARTESIAN_POINT('',(60.0000008940697,0.,-55.0000008195639));
#3159=CARTESIAN_POINT('',(60.0000008940697,0.,-55.0000008195639));
#3160=CARTESIAN_POINT('Origin',(60.0000008940697,0.,-60.0000008940697));
#3161=CARTESIAN_POINT('Origin',(60.0000008940697,0.,-60.0000008940697));
#3162=CARTESIAN_POINT('Origin',(60.0000008940697,0.,-60.0000008940697));
#3163=CARTESIAN_POINT('',(58.4500008940697,0.,-60.0000008940697));
#3164=CARTESIAN_POINT('',(58.4500008940697,0.,-60.0000008940697));
#3165=CARTESIAN_POINT('Origin',(60.0000008940697,0.,-60.0000008940697));
#3166=CARTESIAN_POINT('Origin',(10.0000001490116,0.,-60.0000008940697));
#3167=CARTESIAN_POINT('',(8.45000014901161,0.,-60.0000008940697));
#3168=CARTESIAN_POINT('',(8.45000014901161,0.,-60.0000008940697));
#3169=CARTESIAN_POINT('Origin',(10.0000001490116,0.,-60.0000008940697));
#3170=CARTESIAN_POINT('Origin',(10.0000001490116,0.,-10.0000001490116));
#3171=CARTESIAN_POINT('',(8.45000014901161,0.,-10.0000001490116));
#3172=CARTESIAN_POINT('',(8.45000014901161,0.,-10.0000001490116));
#3173=CARTESIAN_POINT('Origin',(10.0000001490116,0.,-10.0000001490116));
#3174=CARTESIAN_POINT('Origin',(35.0000005215406,0.,-35.0000005215406));
#3175=UNCERTAINTY_MEASURE_WITH_UNIT(LENGTH_MEASURE(0.01),#3179,
'DISTANCE_ACCURACY_VALUE',
'Maximum model space distance between geometric entities at asserted c
onnectivities');
#3176=UNCERTAINTY_MEASURE_WITH_UNIT(LENGTH_MEASURE(0.01),#3179,
'DISTANCE_ACCURACY_VALUE',
'Maximum model space distance between geometric entities at asserted c
onnectivities');
#3177=(
GEOMETRIC_REPRESENTATION_CONTEXT(3)
GLOBAL_UNCERTAINTY_ASSIGNED_CONTEXT((#3175))
GLOBAL_UNIT_ASSIGNED_CONTEXT((#3179,#3181,#3182))
REPRESENTATION_CONTEXT('','3D')
);
#3178=(
GEOMETRIC_REPRESENTATION_CONTEXT(3)
GLOBAL_UNCERTAINTY_ASSIGNED_CONTEXT((#3176))
GLOBAL_UNIT_ASSIGNED_CONTEXT((#3179,#3181,#3182))
REPRESENTATION_CONTEXT('','3D')
);
#3179=(
LENGTH_UNIT()
NAMED_UNIT(*)
SI_UNIT(.MILLI.,.METRE.)
);
#3180=(
LENGTH_UNIT()
NAMED_UNIT(*)
SI_UNIT($,.METRE.)
);
#3181=(
NAMED_UNIT(*)
PLANE_ANGLE_UNIT()
SI_UNIT($,.RADIAN.)
);
#3182=(
NAMED_UNIT(*)
SI_UNIT($,.STERADIAN.)
SOLID_ANGLE_UNIT()
);
#3183=SHAPE_DEFINITION_REPRESENTATION(#3184,#3185);
#3184=PRODUCT_DEFINITION_SHAPE('',$,#3187);
#3185=SHAPE_REPRESENTATION('',(#1787),#3177);
#3186=PRODUCT_DEFINITION_CONTEXT('part definition',#3191,'design');
#3187=PRODUCT_DEFINITION('2025-11-17-12-26-24-405',
'Controller module top',#3188,#3186);
#3188=PRODUCT_DEFINITION_FORMATION('',$,#3193);
#3189=PRODUCT_RELATED_PRODUCT_CATEGORY('Controller module top',
'Controller module top',(#3193));
#3190=APPLICATION_PROTOCOL_DEFINITION('international standard',
'automotive_design',2009,#3191);
#3191=APPLICATION_CONTEXT(
'Core Data for Automotive Mechanical Design Process');
#3192=PRODUCT_CONTEXT('part definition',#3191,'mechanical');
#3193=PRODUCT('2025-11-17-12-26-24-405','Controller module top',$,(#3192));
#3194=PRESENTATION_STYLE_ASSIGNMENT((#3195));
#3195=SURFACE_STYLE_USAGE(.BOTH.,#3196);
#3196=SURFACE_SIDE_STYLE('',(#3197));
#3197=SURFACE_STYLE_FILL_AREA(#3198);
#3198=FILL_AREA_STYLE('Steel - Satin',(#3199));
#3199=FILL_AREA_STYLE_COLOUR('Steel - Satin',#3200);
#3200=COLOUR_RGB('Steel - Satin',0.627450980392157,0.627450980392157,0.627450980392157);
ENDSEC;
END-ISO-10303-21;
