ISO-10303-21;
HEADER;
/* Generated by software containing ST-Developer
 * from STEP Tools, Inc. (www.steptools.com) 
 */

FILE_DESCRIPTION(
/* description */ (''),
/* implementation_level */ '2;1');

FILE_NAME(
/* name */ 'Quad button top.step',
/* time_stamp */ '2026-04-27T15:48:57+01:00',
/* author */ (''),
/* organization */ (''),
/* preprocessor_version */ 'ST-DEVELOPER v20.1',
/* originating_system */ 'Autodesk Translation Framework v14.24.0.0',
/* authorisation */ '');

FILE_SCHEMA (('AUTOMOTIVE_DESIGN { 1 0 10303 214 3 1 1 }'));
ENDSEC;

DATA;
#10=MECHANICAL_DESIGN_GEOMETRIC_PRESENTATION_REPRESENTATION('',(#31,#32),
#2850);
#11=ITEM_DEFINED_TRANSFORMATION($,$,#1754,#1882);
#12=ITEM_DEFINED_TRANSFORMATION($,$,#1754,#1883);
#13=ITEM_DEFINED_TRANSFORMATION($,$,#1754,#1884);
#14=ITEM_DEFINED_TRANSFORMATION($,$,#1754,#1885);
#15=(
REPRESENTATION_RELATIONSHIP($,$,#2864,#2863)
REPRESENTATION_RELATIONSHIP_WITH_TRANSFORMATION(#11)
SHAPE_REPRESENTATION_RELATIONSHIP()
);
#16=(
REPRESENTATION_RELATIONSHIP($,$,#2864,#2863)
REPRESENTATION_RELATIONSHIP_WITH_TRANSFORMATION(#12)
SHAPE_REPRESENTATION_RELATIONSHIP()
);
#17=(
REPRESENTATION_RELATIONSHIP($,$,#2864,#2863)
REPRESENTATION_RELATIONSHIP_WITH_TRANSFORMATION(#13)
SHAPE_REPRESENTATION_RELATIONSHIP()
);
#18=(
REPRESENTATION_RELATIONSHIP($,$,#2864,#2863)
REPRESENTATION_RELATIONSHIP_WITH_TRANSFORMATION(#14)
SHAPE_REPRESENTATION_RELATIONSHIP()
);
#19=CONTEXT_DEPENDENT_SHAPE_REPRESENTATION(#15,#2859);
#20=CONTEXT_DEPENDENT_SHAPE_REPRESENTATION(#16,#2860);
#21=CONTEXT_DEPENDENT_SHAPE_REPRESENTATION(#17,#2861);
#22=CONTEXT_DEPENDENT_SHAPE_REPRESENTATION(#18,#2862);
#23=NEXT_ASSEMBLY_USAGE_OCCURRENCE('Button:1','Button:1','Button:1',#2866,
#2867,'Button:1');
#24=NEXT_ASSEMBLY_USAGE_OCCURRENCE('Button:2','Button:2','Button:2',#2866,
#2867,'Button:2');
#25=NEXT_ASSEMBLY_USAGE_OCCURRENCE('Button:3','Button:3','Button:3',#2866,
#2867,'Button:3');
#26=NEXT_ASSEMBLY_USAGE_OCCURRENCE('Button:4','Button:4','Button:4',#2866,
#2867,'Button:4');
#27=SHAPE_REPRESENTATION_RELATIONSHIP('SRR','None',#2864,#29);
#28=SHAPE_REPRESENTATION_RELATIONSHIP('SRR','None',#2863,#30);
#29=ADVANCED_BREP_SHAPE_REPRESENTATION('',(#33),#2849);
#30=ADVANCED_BREP_SHAPE_REPRESENTATION('',(#34),#2848);
#31=STYLED_ITEM('',(#2877),#33);
#32=STYLED_ITEM('',(#2877),#34);
#33=MANIFOLD_SOLID_BREP('Body1',#1739);
#34=MANIFOLD_SOLID_BREP('Body1',#1740);
#35=CYLINDRICAL_SURFACE('',#1790,7.5);
#36=CYLINDRICAL_SURFACE('',#1811,8.);
#37=CYLINDRICAL_SURFACE('',#1819,2.);
#38=CYLINDRICAL_SURFACE('',#1827,2.);
#39=CYLINDRICAL_SURFACE('',#1830,2.);
#40=CYLINDRICAL_SURFACE('',#1833,2.);
#41=CYLINDRICAL_SURFACE('',#1853,1.55);
#42=CYLINDRICAL_SURFACE('',#1858,5.00000007450581);
#43=CYLINDRICAL_SURFACE('',#1863,5.00000007450581);
#44=CYLINDRICAL_SURFACE('',#1868,5.00000007450581);
#45=CYLINDRICAL_SURFACE('',#1873,5.00000007450581);
#46=CYLINDRICAL_SURFACE('',#1875,1.55);
#47=CYLINDRICAL_SURFACE('',#1877,1.55);
#48=CYLINDRICAL_SURFACE('',#1879,1.55);
#49=FACE_BOUND('',#194,.T.);
#50=FACE_BOUND('',#195,.T.);
#51=FACE_BOUND('',#196,.T.);
#52=FACE_BOUND('',#204,.T.);
#53=FACE_BOUND('',#206,.T.);
#54=FACE_BOUND('',#234,.T.);
#55=FACE_BOUND('',#249,.T.);
#56=FACE_BOUND('',#254,.T.);
#57=FACE_BOUND('',#258,.T.);
#58=FACE_BOUND('',#269,.T.);
#59=FACE_BOUND('',#296,.T.);
#60=FACE_BOUND('',#297,.T.);
#61=FACE_BOUND('',#298,.T.);
#62=FACE_BOUND('',#299,.T.);
#63=FACE_BOUND('',#300,.T.);
#64=CIRCLE('',#1758,7.5);
#65=CIRCLE('',#1759,7.5);
#66=CIRCLE('',#1767,7.5);
#67=CIRCLE('',#1768,7.5);
#68=CIRCLE('',#1770,7.5);
#69=CIRCLE('',#1791,7.5);
#70=CIRCLE('',#1812,8.);
#71=CIRCLE('',#1813,8.);
#72=CIRCLE('',#1820,2.);
#73=CIRCLE('',#1821,2.);
#74=CIRCLE('',#1824,2.);
#75=CIRCLE('',#1825,2.);
#76=CIRCLE('',#1826,2.);
#77=CIRCLE('',#1828,2.);
#78=CIRCLE('',#1831,2.);
#79=CIRCLE('',#1834,2.);
#80=CIRCLE('',#1837,1.55);
#81=CIRCLE('',#1839,1.55);
#82=CIRCLE('',#1841,1.55);
#83=CIRCLE('',#1843,5.00000007450581);
#84=CIRCLE('',#1844,5.00000007450581);
#85=CIRCLE('',#1845,5.00000007450581);
#86=CIRCLE('',#1846,5.00000007450581);
#87=CIRCLE('',#1848,1.55);
#88=CIRCLE('',#1854,1.55);
#89=CIRCLE('',#1859,5.00000007450581);
#90=CIRCLE('',#1864,5.00000007450581);
#91=CIRCLE('',#1869,5.00000007450581);
#92=CIRCLE('',#1874,5.00000007450581);
#93=CIRCLE('',#1876,1.55);
#94=CIRCLE('',#1878,1.55);
#95=CIRCLE('',#1880,1.55);
#96=FACE_OUTER_BOUND('',#191,.T.);
#97=FACE_OUTER_BOUND('',#192,.T.);
#98=FACE_OUTER_BOUND('',#193,.T.);
#99=FACE_OUTER_BOUND('',#197,.T.);
#100=FACE_OUTER_BOUND('',#198,.T.);
#101=FACE_OUTER_BOUND('',#199,.T.);
#102=FACE_OUTER_BOUND('',#200,.T.);
#103=FACE_OUTER_BOUND('',#201,.T.);
#104=FACE_OUTER_BOUND('',#202,.T.);
#105=FACE_OUTER_BOUND('',#203,.T.);
#106=FACE_OUTER_BOUND('',#205,.T.);
#107=FACE_OUTER_BOUND('',#207,.T.);
#108=FACE_OUTER_BOUND('',#208,.T.);
#109=FACE_OUTER_BOUND('',#209,.T.);
#110=FACE_OUTER_BOUND('',#210,.T.);
#111=FACE_OUTER_BOUND('',#211,.T.);
#112=FACE_OUTER_BOUND('',#212,.T.);
#113=FACE_OUTER_BOUND('',#213,.T.);
#114=FACE_OUTER_BOUND('',#214,.T.);
#115=FACE_OUTER_BOUND('',#215,.T.);
#116=FACE_OUTER_BOUND('',#216,.T.);
#117=FACE_OUTER_BOUND('',#217,.T.);
#118=FACE_OUTER_BOUND('',#218,.T.);
#119=FACE_OUTER_BOUND('',#219,.T.);
#120=FACE_OUTER_BOUND('',#220,.T.);
#121=FACE_OUTER_BOUND('',#221,.T.);
#122=FACE_OUTER_BOUND('',#222,.T.);
#123=FACE_OUTER_BOUND('',#223,.T.);
#124=FACE_OUTER_BOUND('',#224,.T.);
#125=FACE_OUTER_BOUND('',#225,.T.);
#126=FACE_OUTER_BOUND('',#226,.T.);
#127=FACE_OUTER_BOUND('',#227,.T.);
#128=FACE_OUTER_BOUND('',#228,.T.);
#129=FACE_OUTER_BOUND('',#229,.T.);
#130=FACE_OUTER_BOUND('',#230,.T.);
#131=FACE_OUTER_BOUND('',#231,.T.);
#132=FACE_OUTER_BOUND('',#232,.T.);
#133=FACE_OUTER_BOUND('',#233,.T.);
#134=FACE_OUTER_BOUND('',#235,.T.);
#135=FACE_OUTER_BOUND('',#236,.T.);
#136=FACE_OUTER_BOUND('',#237,.T.);
#137=FACE_OUTER_BOUND('',#238,.T.);
#138=FACE_OUTER_BOUND('',#239,.T.);
#139=FACE_OUTER_BOUND('',#240,.T.);
#140=FACE_OUTER_BOUND('',#241,.T.);
#141=FACE_OUTER_BOUND('',#242,.T.);
#142=FACE_OUTER_BOUND('',#243,.T.);
#143=FACE_OUTER_BOUND('',#244,.T.);
#144=FACE_OUTER_BOUND('',#245,.T.);
#145=FACE_OUTER_BOUND('',#246,.T.);
#146=FACE_OUTER_BOUND('',#247,.T.);
#147=FACE_OUTER_BOUND('',#248,.T.);
#148=FACE_OUTER_BOUND('',#250,.T.);
#149=FACE_OUTER_BOUND('',#251,.T.);
#150=FACE_OUTER_BOUND('',#252,.T.);
#151=FACE_OUTER_BOUND('',#253,.T.);
#152=FACE_OUTER_BOUND('',#255,.T.);
#153=FACE_OUTER_BOUND('',#256,.T.);
#154=FACE_OUTER_BOUND('',#257,.T.);
#155=FACE_OUTER_BOUND('',#259,.T.);
#156=FACE_OUTER_BOUND('',#260,.T.);
#157=FACE_OUTER_BOUND('',#261,.T.);
#158=FACE_OUTER_BOUND('',#262,.T.);
#159=FACE_OUTER_BOUND('',#263,.T.);
#160=FACE_OUTER_BOUND('',#264,.T.);
#161=FACE_OUTER_BOUND('',#265,.T.);
#162=FACE_OUTER_BOUND('',#266,.T.);
#163=FACE_OUTER_BOUND('',#267,.T.);
#164=FACE_OUTER_BOUND('',#268,.T.);
#165=FACE_OUTER_BOUND('',#270,.T.);
#166=FACE_OUTER_BOUND('',#271,.T.);
#167=FACE_OUTER_BOUND('',#272,.T.);
#168=FACE_OUTER_BOUND('',#273,.T.);
#169=FACE_OUTER_BOUND('',#274,.T.);
#170=FACE_OUTER_BOUND('',#275,.T.);
#171=FACE_OUTER_BOUND('',#276,.T.);
#172=FACE_OUTER_BOUND('',#277,.T.);
#173=FACE_OUTER_BOUND('',#278,.T.);
#174=FACE_OUTER_BOUND('',#279,.T.);
#175=FACE_OUTER_BOUND('',#280,.T.);
#176=FACE_OUTER_BOUND('',#281,.T.);
#177=FACE_OUTER_BOUND('',#282,.T.);
#178=FACE_OUTER_BOUND('',#283,.T.);
#179=FACE_OUTER_BOUND('',#284,.T.);
#180=FACE_OUTER_BOUND('',#285,.T.);
#181=FACE_OUTER_BOUND('',#286,.T.);
#182=FACE_OUTER_BOUND('',#287,.T.);
#183=FACE_OUTER_BOUND('',#288,.T.);
#184=FACE_OUTER_BOUND('',#289,.T.);
#185=FACE_OUTER_BOUND('',#290,.T.);
#186=FACE_OUTER_BOUND('',#291,.T.);
#187=FACE_OUTER_BOUND('',#292,.T.);
#188=FACE_OUTER_BOUND('',#293,.T.);
#189=FACE_OUTER_BOUND('',#294,.T.);
#190=FACE_OUTER_BOUND('',#295,.T.);
#191=EDGE_LOOP('',(#1095,#1096,#1097,#1098));
#192=EDGE_LOOP('',(#1099,#1100,#1101,#1102));
#193=EDGE_LOOP('',(#1103,#1104,#1105,#1106));
#194=EDGE_LOOP('',(#1107,#1108,#1109,#1110));
#195=EDGE_LOOP('',(#1111,#1112,#1113,#1114));
#196=EDGE_LOOP('',(#1115,#1116,#1117,#1118));
#197=EDGE_LOOP('',(#1119,#1120,#1121,#1122));
#198=EDGE_LOOP('',(#1123,#1124,#1125,#1126));
#199=EDGE_LOOP('',(#1127,#1128,#1129,#1130));
#200=EDGE_LOOP('',(#1131,#1132,#1133,#1134));
#201=EDGE_LOOP('',(#1135,#1136,#1137,#1138));
#202=EDGE_LOOP('',(#1139,#1140,#1141,#1142));
#203=EDGE_LOOP('',(#1143,#1144,#1145));
#204=EDGE_LOOP('',(#1146,#1147,#1148,#1149));
#205=EDGE_LOOP('',(#1150,#1151));
#206=EDGE_LOOP('',(#1152,#1153,#1154,#1155));
#207=EDGE_LOOP('',(#1156,#1157,#1158,#1159));
#208=EDGE_LOOP('',(#1160,#1161,#1162,#1163));
#209=EDGE_LOOP('',(#1164,#1165,#1166,#1167));
#210=EDGE_LOOP('',(#1168,#1169,#1170,#1171));
#211=EDGE_LOOP('',(#1172,#1173,#1174,#1175));
#212=EDGE_LOOP('',(#1176,#1177,#1178,#1179));
#213=EDGE_LOOP('',(#1180,#1181,#1182,#1183));
#214=EDGE_LOOP('',(#1184,#1185,#1186,#1187));
#215=EDGE_LOOP('',(#1188,#1189,#1190,#1191));
#216=EDGE_LOOP('',(#1192,#1193,#1194,#1195));
#217=EDGE_LOOP('',(#1196,#1197,#1198,#1199));
#218=EDGE_LOOP('',(#1200,#1201,#1202,#1203));
#219=EDGE_LOOP('',(#1204,#1205,#1206,#1207));
#220=EDGE_LOOP('',(#1208,#1209,#1210,#1211));
#221=EDGE_LOOP('',(#1212,#1213,#1214,#1215));
#222=EDGE_LOOP('',(#1216,#1217,#1218,#1219));
#223=EDGE_LOOP('',(#1220,#1221,#1222,#1223));
#224=EDGE_LOOP('',(#1224,#1225,#1226,#1227));
#225=EDGE_LOOP('',(#1228,#1229,#1230,#1231));
#226=EDGE_LOOP('',(#1232,#1233,#1234,#1235,#1236,#1237,#1238,#1239,#1240,
#1241,#1242,#1243));
#227=EDGE_LOOP('',(#1244,#1245,#1246,#1247,#1248,#1249));
#228=EDGE_LOOP('',(#1250,#1251,#1252,#1253));
#229=EDGE_LOOP('',(#1254,#1255,#1256,#1257));
#230=EDGE_LOOP('',(#1258,#1259,#1260,#1261));
#231=EDGE_LOOP('',(#1262,#1263,#1264,#1265));
#232=EDGE_LOOP('',(#1266,#1267,#1268,#1269,#1270,#1271));
#233=EDGE_LOOP('',(#1272,#1273,#1274,#1275));
#234=EDGE_LOOP('',(#1276,#1277,#1278,#1279));
#235=EDGE_LOOP('',(#1280,#1281,#1282,#1283));
#236=EDGE_LOOP('',(#1284,#1285,#1286,#1287));
#237=EDGE_LOOP('',(#1288,#1289,#1290,#1291));
#238=EDGE_LOOP('',(#1292,#1293,#1294,#1295));
#239=EDGE_LOOP('',(#1296,#1297,#1298,#1299));
#240=EDGE_LOOP('',(#1300,#1301,#1302,#1303));
#241=EDGE_LOOP('',(#1304,#1305,#1306,#1307));
#242=EDGE_LOOP('',(#1308,#1309,#1310,#1311));
#243=EDGE_LOOP('',(#1312,#1313,#1314,#1315));
#244=EDGE_LOOP('',(#1316,#1317,#1318,#1319,#1320,#1321,#1322,#1323));
#245=EDGE_LOOP('',(#1324,#1325,#1326,#1327,#1328,#1329,#1330,#1331));
#246=EDGE_LOOP('',(#1332,#1333,#1334,#1335,#1336,#1337,#1338,#1339,#1340,
#1341));
#247=EDGE_LOOP('',(#1342,#1343,#1344,#1345));
#248=EDGE_LOOP('',(#1346));
#249=EDGE_LOOP('',(#1347));
#250=EDGE_LOOP('',(#1348,#1349,#1350,#1351,#1352,#1353,#1354,#1355,#1356,
#1357));
#251=EDGE_LOOP('',(#1358,#1359,#1360,#1361));
#252=EDGE_LOOP('',(#1362,#1363,#1364,#1365));
#253=EDGE_LOOP('',(#1366,#1367,#1368,#1369));
#254=EDGE_LOOP('',(#1370));
#255=EDGE_LOOP('',(#1371,#1372,#1373,#1374));
#256=EDGE_LOOP('',(#1375,#1376,#1377,#1378));
#257=EDGE_LOOP('',(#1379,#1380,#1381,#1382,#1383,#1384,#1385,#1386));
#258=EDGE_LOOP('',(#1387,#1388,#1389,#1390));
#259=EDGE_LOOP('',(#1391,#1392,#1393,#1394));
#260=EDGE_LOOP('',(#1395,#1396,#1397,#1398));
#261=EDGE_LOOP('',(#1399,#1400,#1401,#1402));
#262=EDGE_LOOP('',(#1403,#1404,#1405,#1406));
#263=EDGE_LOOP('',(#1407,#1408,#1409,#1410));
#264=EDGE_LOOP('',(#1411,#1412,#1413,#1414));
#265=EDGE_LOOP('',(#1415));
#266=EDGE_LOOP('',(#1416));
#267=EDGE_LOOP('',(#1417));
#268=EDGE_LOOP('',(#1418,#1419,#1420,#1421,#1422,#1423,#1424,#1425,#1426,
#1427,#1428,#1429,#1430,#1431,#1432,#1433));
#269=EDGE_LOOP('',(#1434,#1435,#1436,#1437));
#270=EDGE_LOOP('',(#1438));
#271=EDGE_LOOP('',(#1439,#1440,#1441,#1442));
#272=EDGE_LOOP('',(#1443,#1444,#1445,#1446));
#273=EDGE_LOOP('',(#1447,#1448,#1449,#1450));
#274=EDGE_LOOP('',(#1451,#1452,#1453,#1454));
#275=EDGE_LOOP('',(#1455,#1456,#1457,#1458));
#276=EDGE_LOOP('',(#1459,#1460,#1461,#1462));
#277=EDGE_LOOP('',(#1463,#1464,#1465,#1466));
#278=EDGE_LOOP('',(#1467,#1468,#1469,#1470));
#279=EDGE_LOOP('',(#1471,#1472,#1473,#1474));
#280=EDGE_LOOP('',(#1475,#1476,#1477,#1478));
#281=EDGE_LOOP('',(#1479,#1480,#1481,#1482));
#282=EDGE_LOOP('',(#1483,#1484,#1485,#1486));
#283=EDGE_LOOP('',(#1487,#1488,#1489,#1490));
#284=EDGE_LOOP('',(#1491,#1492,#1493,#1494));
#285=EDGE_LOOP('',(#1495,#1496,#1497,#1498));
#286=EDGE_LOOP('',(#1499,#1500,#1501,#1502));
#287=EDGE_LOOP('',(#1503,#1504,#1505,#1506));
#288=EDGE_LOOP('',(#1507,#1508,#1509,#1510));
#289=EDGE_LOOP('',(#1511,#1512,#1513,#1514));
#290=EDGE_LOOP('',(#1515,#1516,#1517,#1518));
#291=EDGE_LOOP('',(#1519,#1520,#1521,#1522));
#292=EDGE_LOOP('',(#1523,#1524,#1525,#1526));
#293=EDGE_LOOP('',(#1527,#1528,#1529,#1530));
#294=EDGE_LOOP('',(#1531,#1532,#1533,#1534));
#295=EDGE_LOOP('',(#1535,#1536,#1537,#1538,#1539,#1540,#1541,#1542));
#296=EDGE_LOOP('',(#1543));
#297=EDGE_LOOP('',(#1544));
#298=EDGE_LOOP('',(#1545));
#299=EDGE_LOOP('',(#1546,#1547,#1548,#1549,#1550,#1551,#1552,#1553,#1554,
#1555,#1556,#1557,#1558,#1559,#1560,#1561));
#300=EDGE_LOOP('',(#1562));
#301=LINE('',#2359,#503);
#302=LINE('',#2361,#504);
#303=LINE('',#2363,#505);
#304=LINE('',#2364,#506);
#305=LINE('',#2368,#507);
#306=LINE('',#2370,#508);
#307=LINE('',#2372,#509);
#308=LINE('',#2373,#510);
#309=LINE('',#2379,#511);
#310=LINE('',#2381,#512);
#311=LINE('',#2383,#513);
#312=LINE('',#2384,#514);
#313=LINE('',#2387,#515);
#314=LINE('',#2389,#516);
#315=LINE('',#2391,#517);
#316=LINE('',#2392,#518);
#317=LINE('',#2395,#519);
#318=LINE('',#2397,#520);
#319=LINE('',#2399,#521);
#320=LINE('',#2400,#522);
#321=LINE('',#2403,#523);
#322=LINE('',#2405,#524);
#323=LINE('',#2406,#525);
#324=LINE('',#2409,#526);
#325=LINE('',#2410,#527);
#326=LINE('',#2413,#528);
#327=LINE('',#2415,#529);
#328=LINE('',#2416,#530);
#329=LINE('',#2419,#531);
#330=LINE('',#2420,#532);
#331=LINE('',#2423,#533);
#332=LINE('',#2425,#534);
#333=LINE('',#2426,#535);
#334=LINE('',#2429,#536);
#335=LINE('',#2430,#537);
#336=LINE('',#2437,#538);
#337=LINE('',#2439,#539);
#338=LINE('',#2441,#540);
#339=LINE('',#2442,#541);
#340=LINE('',#2447,#542);
#341=LINE('',#2449,#543);
#342=LINE('',#2451,#544);
#343=LINE('',#2452,#545);
#344=LINE('',#2455,#546);
#345=LINE('',#2457,#547);
#346=LINE('',#2458,#548);
#347=LINE('',#2461,#549);
#348=LINE('',#2462,#550);
#349=LINE('',#2465,#551);
#350=LINE('',#2466,#552);
#351=LINE('',#2468,#553);
#352=LINE('',#2472,#554);
#353=LINE('',#2474,#555);
#354=LINE('',#2475,#556);
#355=LINE('',#2478,#557);
#356=LINE('',#2479,#558);
#357=LINE('',#2482,#559);
#358=LINE('',#2483,#560);
#359=LINE('',#2485,#561);
#360=LINE('',#2489,#562);
#361=LINE('',#2490,#563);
#362=LINE('',#2492,#564);
#363=LINE('',#2496,#565);
#364=LINE('',#2497,#566);
#365=LINE('',#2499,#567);
#366=LINE('',#2503,#568);
#367=LINE('',#2504,#569);
#368=LINE('',#2506,#570);
#369=LINE('',#2510,#571);
#370=LINE('',#2515,#572);
#371=LINE('',#2517,#573);
#372=LINE('',#2519,#574);
#373=LINE('',#2521,#575);
#374=LINE('',#2523,#576);
#375=LINE('',#2524,#577);
#376=LINE('',#2528,#578);
#377=LINE('',#2530,#579);
#378=LINE('',#2532,#580);
#379=LINE('',#2533,#581);
#380=LINE('',#2536,#582);
#381=LINE('',#2538,#583);
#382=LINE('',#2539,#584);
#383=LINE('',#2542,#585);
#384=LINE('',#2544,#586);
#385=LINE('',#2545,#587);
#386=LINE('',#2547,#588);
#387=LINE('',#2548,#589);
#388=LINE('',#2552,#590);
#389=LINE('',#2554,#591);
#390=LINE('',#2556,#592);
#391=LINE('',#2558,#593);
#392=LINE('',#2560,#594);
#393=LINE('',#2561,#595);
#394=LINE('',#2563,#596);
#395=LINE('',#2564,#597);
#396=LINE('',#2568,#598);
#397=LINE('',#2570,#599);
#398=LINE('',#2572,#600);
#399=LINE('',#2573,#601);
#400=LINE('',#2578,#602);
#401=LINE('',#2579,#603);
#402=LINE('',#2580,#604);
#403=LINE('',#2583,#605);
#404=LINE('',#2584,#606);
#405=LINE('',#2587,#607);
#406=LINE('',#2588,#608);
#407=LINE('',#2592,#609);
#408=LINE('',#2594,#610);
#409=LINE('',#2596,#611);
#410=LINE('',#2597,#612);
#411=LINE('',#2601,#613);
#412=LINE('',#2602,#614);
#413=LINE('',#2603,#615);
#414=LINE('',#2606,#616);
#415=LINE('',#2607,#617);
#416=LINE('',#2610,#618);
#417=LINE('',#2611,#619);
#418=LINE('',#2613,#620);
#419=LINE('',#2614,#621);
#420=LINE('',#2616,#622);
#421=LINE('',#2617,#623);
#422=LINE('',#2620,#624);
#423=LINE('',#2622,#625);
#424=LINE('',#2623,#626);
#425=LINE('',#2628,#627);
#426=LINE('',#2633,#628);
#427=LINE('',#2635,#629);
#428=LINE('',#2636,#630);
#429=LINE('',#2638,#631);
#430=LINE('',#2640,#632);
#431=LINE('',#2647,#633);
#432=LINE('',#2650,#634);
#433=LINE('',#2653,#635);
#434=LINE('',#2655,#636);
#435=LINE('',#2656,#637);
#436=LINE('',#2659,#638);
#437=LINE('',#2663,#639);
#438=LINE('',#2667,#640);
#439=LINE('',#2671,#641);
#440=LINE('',#2673,#642);
#441=LINE('',#2675,#643);
#442=LINE('',#2676,#644);
#443=LINE('',#2679,#645);
#444=LINE('',#2683,#646);
#445=LINE('',#2684,#647);
#446=LINE('',#2687,#648);
#447=LINE('',#2691,#649);
#448=LINE('',#2692,#650);
#449=LINE('',#2695,#651);
#450=LINE('',#2698,#652);
#451=LINE('',#2711,#653);
#452=LINE('',#2715,#654);
#453=LINE('',#2717,#655);
#454=LINE('',#2719,#656);
#455=LINE('',#2723,#657);
#456=LINE('',#2725,#658);
#457=LINE('',#2727,#659);
#458=LINE('',#2731,#660);
#459=LINE('',#2733,#661);
#460=LINE('',#2735,#662);
#461=LINE('',#2739,#663);
#462=LINE('',#2740,#664);
#463=LINE('',#2743,#665);
#464=LINE('',#2745,#666);
#465=LINE('',#2747,#667);
#466=LINE('',#2748,#668);
#467=LINE('',#2753,#669);
#468=LINE('',#2754,#670);
#469=LINE('',#2756,#671);
#470=LINE('',#2758,#672);
#471=LINE('',#2762,#673);
#472=LINE('',#2767,#674);
#473=LINE('',#2768,#675);
#474=LINE('',#2769,#676);
#475=LINE('',#2772,#677);
#476=LINE('',#2773,#678);
#477=LINE('',#2776,#679);
#478=LINE('',#2777,#680);
#479=LINE('',#2781,#681);
#480=LINE('',#2784,#682);
#481=LINE('',#2785,#683);
#482=LINE('',#2788,#684);
#483=LINE('',#2789,#685);
#484=LINE('',#2792,#686);
#485=LINE('',#2793,#687);
#486=LINE('',#2797,#688);
#487=LINE('',#2800,#689);
#488=LINE('',#2801,#690);
#489=LINE('',#2804,#691);
#490=LINE('',#2805,#692);
#491=LINE('',#2808,#693);
#492=LINE('',#2809,#694);
#493=LINE('',#2813,#695);
#494=LINE('',#2816,#696);
#495=LINE('',#2817,#697);
#496=LINE('',#2820,#698);
#497=LINE('',#2821,#699);
#498=LINE('',#2824,#700);
#499=LINE('',#2825,#701);
#500=LINE('',#2830,#702);
#501=LINE('',#2834,#703);
#502=LINE('',#2838,#704);
#503=VECTOR('',#1892,10.);
#504=VECTOR('',#1893,10.);
#505=VECTOR('',#1894,10.);
#506=VECTOR('',#1895,10.);
#507=VECTOR('',#1898,10.);
#508=VECTOR('',#1899,10.);
#509=VECTOR('',#1900,10.);
#510=VECTOR('',#1901,10.);
#511=VECTOR('',#1908,10.);
#512=VECTOR('',#1909,10.);
#513=VECTOR('',#1910,10.);
#514=VECTOR('',#1911,10.);
#515=VECTOR('',#1912,10.);
#516=VECTOR('',#1913,10.);
#517=VECTOR('',#1914,10.);
#518=VECTOR('',#1915,10.);
#519=VECTOR('',#1916,10.);
#520=VECTOR('',#1917,10.);
#521=VECTOR('',#1918,10.);
#522=VECTOR('',#1919,10.);
#523=VECTOR('',#1922,10.);
#524=VECTOR('',#1923,10.);
#525=VECTOR('',#1924,10.);
#526=VECTOR('',#1927,10.);
#527=VECTOR('',#1928,10.);
#528=VECTOR('',#1931,10.);
#529=VECTOR('',#1932,10.);
#530=VECTOR('',#1933,10.);
#531=VECTOR('',#1936,10.);
#532=VECTOR('',#1937,10.);
#533=VECTOR('',#1940,10.);
#534=VECTOR('',#1941,10.);
#535=VECTOR('',#1942,10.);
#536=VECTOR('',#1945,10.);
#537=VECTOR('',#1946,10.);
#538=VECTOR('',#1953,10.);
#539=VECTOR('',#1954,10.);
#540=VECTOR('',#1955,10.);
#541=VECTOR('',#1956,10.);
#542=VECTOR('',#1961,10.);
#543=VECTOR('',#1962,10.);
#544=VECTOR('',#1963,10.);
#545=VECTOR('',#1964,10.);
#546=VECTOR('',#1967,10.);
#547=VECTOR('',#1968,10.);
#548=VECTOR('',#1969,10.);
#549=VECTOR('',#1972,10.);
#550=VECTOR('',#1973,10.);
#551=VECTOR('',#1976,10.);
#552=VECTOR('',#1977,10.);
#553=VECTOR('',#1980,10.);
#554=VECTOR('',#1985,10.);
#555=VECTOR('',#1986,10.);
#556=VECTOR('',#1987,10.);
#557=VECTOR('',#1990,10.);
#558=VECTOR('',#1991,10.);
#559=VECTOR('',#1994,10.);
#560=VECTOR('',#1995,10.);
#561=VECTOR('',#1998,10.);
#562=VECTOR('',#2003,10.);
#563=VECTOR('',#2004,10.);
#564=VECTOR('',#2007,10.);
#565=VECTOR('',#2012,10.);
#566=VECTOR('',#2013,10.);
#567=VECTOR('',#2016,10.);
#568=VECTOR('',#2021,10.);
#569=VECTOR('',#2022,10.);
#570=VECTOR('',#2025,10.);
#571=VECTOR('',#2030,7.5);
#572=VECTOR('',#2035,10.);
#573=VECTOR('',#2036,10.);
#574=VECTOR('',#2037,10.);
#575=VECTOR('',#2038,10.);
#576=VECTOR('',#2039,10.);
#577=VECTOR('',#2040,10.);
#578=VECTOR('',#2043,10.);
#579=VECTOR('',#2044,10.);
#580=VECTOR('',#2045,10.);
#581=VECTOR('',#2046,10.);
#582=VECTOR('',#2049,10.);
#583=VECTOR('',#2050,10.);
#584=VECTOR('',#2051,10.);
#585=VECTOR('',#2054,10.);
#586=VECTOR('',#2055,10.);
#587=VECTOR('',#2056,10.);
#588=VECTOR('',#2059,10.);
#589=VECTOR('',#2060,10.);
#590=VECTOR('',#2063,10.);
#591=VECTOR('',#2064,10.);
#592=VECTOR('',#2065,10.);
#593=VECTOR('',#2066,10.);
#594=VECTOR('',#2067,10.);
#595=VECTOR('',#2068,10.);
#596=VECTOR('',#2071,10.);
#597=VECTOR('',#2072,10.);
#598=VECTOR('',#2075,10.);
#599=VECTOR('',#2076,10.);
#600=VECTOR('',#2077,10.);
#601=VECTOR('',#2078,10.);
#602=VECTOR('',#2083,10.);
#603=VECTOR('',#2084,10.);
#604=VECTOR('',#2085,10.);
#605=VECTOR('',#2088,10.);
#606=VECTOR('',#2089,10.);
#607=VECTOR('',#2092,10.);
#608=VECTOR('',#2093,10.);
#609=VECTOR('',#2096,10.);
#610=VECTOR('',#2097,10.);
#611=VECTOR('',#2098,10.);
#612=VECTOR('',#2099,10.);
#613=VECTOR('',#2102,10.);
#614=VECTOR('',#2103,10.);
#615=VECTOR('',#2104,10.);
#616=VECTOR('',#2107,10.);
#617=VECTOR('',#2108,10.);
#618=VECTOR('',#2111,10.);
#619=VECTOR('',#2112,10.);
#620=VECTOR('',#2115,10.);
#621=VECTOR('',#2116,10.);
#622=VECTOR('',#2119,10.);
#623=VECTOR('',#2120,10.);
#624=VECTOR('',#2123,10.);
#625=VECTOR('',#2124,10.);
#626=VECTOR('',#2125,10.);
#627=VECTOR('',#2130,8.);
#628=VECTOR('',#2137,10.);
#629=VECTOR('',#2138,10.);
#630=VECTOR('',#2139,10.);
#631=VECTOR('',#2142,10.);
#632=VECTOR('',#2145,10.);
#633=VECTOR('',#2152,10.);
#634=VECTOR('',#2155,10.);
#635=VECTOR('',#2158,10.);
#636=VECTOR('',#2159,10.);
#637=VECTOR('',#2160,10.);
#638=VECTOR('',#2163,10.);
#639=VECTOR('',#2166,10.);
#640=VECTOR('',#2169,10.);
#641=VECTOR('',#2172,10.);
#642=VECTOR('',#2173,10.);
#643=VECTOR('',#2174,10.);
#644=VECTOR('',#2175,10.);
#645=VECTOR('',#2178,10.);
#646=VECTOR('',#2183,10.);
#647=VECTOR('',#2184,10.);
#648=VECTOR('',#2187,10.);
#649=VECTOR('',#2192,10.);
#650=VECTOR('',#2193,10.);
#651=VECTOR('',#2196,10.);
#652=VECTOR('',#2201,10.);
#653=VECTOR('',#2216,10.);
#654=VECTOR('',#2219,10.);
#655=VECTOR('',#2220,10.);
#656=VECTOR('',#2221,10.);
#657=VECTOR('',#2224,10.);
#658=VECTOR('',#2225,10.);
#659=VECTOR('',#2226,10.);
#660=VECTOR('',#2229,10.);
#661=VECTOR('',#2230,10.);
#662=VECTOR('',#2231,10.);
#663=VECTOR('',#2234,10.);
#664=VECTOR('',#2235,10.);
#665=VECTOR('',#2236,10.);
#666=VECTOR('',#2237,10.);
#667=VECTOR('',#2238,10.);
#668=VECTOR('',#2239,10.);
#669=VECTOR('',#2246,10.);
#670=VECTOR('',#2247,10.);
#671=VECTOR('',#2250,10.);
#672=VECTOR('',#2253,10.);
#673=VECTOR('',#2258,1.55);
#674=VECTOR('',#2263,10.);
#675=VECTOR('',#2264,10.);
#676=VECTOR('',#2265,10.);
#677=VECTOR('',#2268,10.);
#678=VECTOR('',#2269,10.);
#679=VECTOR('',#2272,10.);
#680=VECTOR('',#2273,10.);
#681=VECTOR('',#2278,10.);
#682=VECTOR('',#2281,10.);
#683=VECTOR('',#2282,10.);
#684=VECTOR('',#2285,10.);
#685=VECTOR('',#2286,10.);
#686=VECTOR('',#2289,10.);
#687=VECTOR('',#2290,10.);
#688=VECTOR('',#2295,10.);
#689=VECTOR('',#2298,10.);
#690=VECTOR('',#2299,10.);
#691=VECTOR('',#2302,10.);
#692=VECTOR('',#2303,10.);
#693=VECTOR('',#2306,10.);
#694=VECTOR('',#2307,10.);
#695=VECTOR('',#2312,10.);
#696=VECTOR('',#2315,10.);
#697=VECTOR('',#2316,10.);
#698=VECTOR('',#2319,10.);
#699=VECTOR('',#2320,10.);
#700=VECTOR('',#2323,10.);
#701=VECTOR('',#2324,10.);
#702=VECTOR('',#2331,1.55);
#703=VECTOR('',#2336,1.55);
#704=VECTOR('',#2341,1.55);
#705=VERTEX_POINT('',#2357);
#706=VERTEX_POINT('',#2358);
#707=VERTEX_POINT('',#2360);
#708=VERTEX_POINT('',#2362);
#709=VERTEX_POINT('',#2366);
#710=VERTEX_POINT('',#2367);
#711=VERTEX_POINT('',#2369);
#712=VERTEX_POINT('',#2371);
#713=VERTEX_POINT('',#2377);
#714=VERTEX_POINT('',#2378);
#715=VERTEX_POINT('',#2380);
#716=VERTEX_POINT('',#2382);
#717=VERTEX_POINT('',#2385);
#718=VERTEX_POINT('',#2386);
#719=VERTEX_POINT('',#2388);
#720=VERTEX_POINT('',#2390);
#721=VERTEX_POINT('',#2393);
#722=VERTEX_POINT('',#2394);
#723=VERTEX_POINT('',#2396);
#724=VERTEX_POINT('',#2398);
#725=VERTEX_POINT('',#2402);
#726=VERTEX_POINT('',#2404);
#727=VERTEX_POINT('',#2408);
#728=VERTEX_POINT('',#2412);
#729=VERTEX_POINT('',#2414);
#730=VERTEX_POINT('',#2418);
#731=VERTEX_POINT('',#2422);
#732=VERTEX_POINT('',#2424);
#733=VERTEX_POINT('',#2428);
#734=VERTEX_POINT('',#2432);
#735=VERTEX_POINT('',#2435);
#736=VERTEX_POINT('',#2436);
#737=VERTEX_POINT('',#2438);
#738=VERTEX_POINT('',#2440);
#739=VERTEX_POINT('',#2445);
#740=VERTEX_POINT('',#2446);
#741=VERTEX_POINT('',#2448);
#742=VERTEX_POINT('',#2450);
#743=VERTEX_POINT('',#2454);
#744=VERTEX_POINT('',#2456);
#745=VERTEX_POINT('',#2460);
#746=VERTEX_POINT('',#2464);
#747=VERTEX_POINT('',#2471);
#748=VERTEX_POINT('',#2473);
#749=VERTEX_POINT('',#2477);
#750=VERTEX_POINT('',#2481);
#751=VERTEX_POINT('',#2488);
#752=VERTEX_POINT('',#2495);
#753=VERTEX_POINT('',#2502);
#754=VERTEX_POINT('',#2509);
#755=VERTEX_POINT('',#2513);
#756=VERTEX_POINT('',#2514);
#757=VERTEX_POINT('',#2516);
#758=VERTEX_POINT('',#2518);
#759=VERTEX_POINT('',#2520);
#760=VERTEX_POINT('',#2522);
#761=VERTEX_POINT('',#2526);
#762=VERTEX_POINT('',#2527);
#763=VERTEX_POINT('',#2529);
#764=VERTEX_POINT('',#2531);
#765=VERTEX_POINT('',#2535);
#766=VERTEX_POINT('',#2537);
#767=VERTEX_POINT('',#2541);
#768=VERTEX_POINT('',#2543);
#769=VERTEX_POINT('',#2550);
#770=VERTEX_POINT('',#2551);
#771=VERTEX_POINT('',#2553);
#772=VERTEX_POINT('',#2555);
#773=VERTEX_POINT('',#2557);
#774=VERTEX_POINT('',#2559);
#775=VERTEX_POINT('',#2566);
#776=VERTEX_POINT('',#2567);
#777=VERTEX_POINT('',#2569);
#778=VERTEX_POINT('',#2571);
#779=VERTEX_POINT('',#2576);
#780=VERTEX_POINT('',#2577);
#781=VERTEX_POINT('',#2582);
#782=VERTEX_POINT('',#2586);
#783=VERTEX_POINT('',#2590);
#784=VERTEX_POINT('',#2591);
#785=VERTEX_POINT('',#2593);
#786=VERTEX_POINT('',#2595);
#787=VERTEX_POINT('',#2599);
#788=VERTEX_POINT('',#2600);
#789=VERTEX_POINT('',#2605);
#790=VERTEX_POINT('',#2609);
#791=VERTEX_POINT('',#2619);
#792=VERTEX_POINT('',#2621);
#793=VERTEX_POINT('',#2625);
#794=VERTEX_POINT('',#2627);
#795=VERTEX_POINT('',#2632);
#796=VERTEX_POINT('',#2634);
#797=VERTEX_POINT('',#2643);
#798=VERTEX_POINT('',#2644);
#799=VERTEX_POINT('',#2646);
#800=VERTEX_POINT('',#2648);
#801=VERTEX_POINT('',#2652);
#802=VERTEX_POINT('',#2654);
#803=VERTEX_POINT('',#2658);
#804=VERTEX_POINT('',#2660);
#805=VERTEX_POINT('',#2662);
#806=VERTEX_POINT('',#2664);
#807=VERTEX_POINT('',#2666);
#808=VERTEX_POINT('',#2669);
#809=VERTEX_POINT('',#2670);
#810=VERTEX_POINT('',#2672);
#811=VERTEX_POINT('',#2674);
#812=VERTEX_POINT('',#2678);
#813=VERTEX_POINT('',#2682);
#814=VERTEX_POINT('',#2686);
#815=VERTEX_POINT('',#2690);
#816=VERTEX_POINT('',#2694);
#817=VERTEX_POINT('',#2700);
#818=VERTEX_POINT('',#2703);
#819=VERTEX_POINT('',#2706);
#820=VERTEX_POINT('',#2709);
#821=VERTEX_POINT('',#2710);
#822=VERTEX_POINT('',#2712);
#823=VERTEX_POINT('',#2714);
#824=VERTEX_POINT('',#2716);
#825=VERTEX_POINT('',#2718);
#826=VERTEX_POINT('',#2720);
#827=VERTEX_POINT('',#2722);
#828=VERTEX_POINT('',#2724);
#829=VERTEX_POINT('',#2726);
#830=VERTEX_POINT('',#2728);
#831=VERTEX_POINT('',#2730);
#832=VERTEX_POINT('',#2732);
#833=VERTEX_POINT('',#2734);
#834=VERTEX_POINT('',#2736);
#835=VERTEX_POINT('',#2738);
#836=VERTEX_POINT('',#2741);
#837=VERTEX_POINT('',#2742);
#838=VERTEX_POINT('',#2744);
#839=VERTEX_POINT('',#2746);
#840=VERTEX_POINT('',#2750);
#841=VERTEX_POINT('',#2761);
#842=VERTEX_POINT('',#2765);
#843=VERTEX_POINT('',#2766);
#844=VERTEX_POINT('',#2771);
#845=VERTEX_POINT('',#2775);
#846=VERTEX_POINT('',#2779);
#847=VERTEX_POINT('',#2783);
#848=VERTEX_POINT('',#2787);
#849=VERTEX_POINT('',#2791);
#850=VERTEX_POINT('',#2795);
#851=VERTEX_POINT('',#2799);
#852=VERTEX_POINT('',#2803);
#853=VERTEX_POINT('',#2807);
#854=VERTEX_POINT('',#2811);
#855=VERTEX_POINT('',#2815);
#856=VERTEX_POINT('',#2819);
#857=VERTEX_POINT('',#2823);
#858=VERTEX_POINT('',#2829);
#859=VERTEX_POINT('',#2833);
#860=VERTEX_POINT('',#2837);
#861=EDGE_CURVE('',#705,#706,#301,.T.);
#862=EDGE_CURVE('',#705,#707,#302,.T.);
#863=EDGE_CURVE('',#708,#707,#303,.T.);
#864=EDGE_CURVE('',#706,#708,#304,.T.);
#865=EDGE_CURVE('',#709,#710,#305,.T.);
#866=EDGE_CURVE('',#709,#711,#306,.T.);
#867=EDGE_CURVE('',#712,#711,#307,.T.);
#868=EDGE_CURVE('',#710,#712,#308,.T.);
#869=EDGE_CURVE('',#707,#712,#64,.T.);
#870=EDGE_CURVE('',#711,#708,#65,.T.);
#871=EDGE_CURVE('',#713,#714,#309,.T.);
#872=EDGE_CURVE('',#715,#713,#310,.T.);
#873=EDGE_CURVE('',#716,#715,#311,.T.);
#874=EDGE_CURVE('',#714,#716,#312,.T.);
#875=EDGE_CURVE('',#717,#718,#313,.T.);
#876=EDGE_CURVE('',#719,#717,#314,.T.);
#877=EDGE_CURVE('',#720,#719,#315,.T.);
#878=EDGE_CURVE('',#718,#720,#316,.T.);
#879=EDGE_CURVE('',#721,#722,#317,.T.);
#880=EDGE_CURVE('',#723,#721,#318,.T.);
#881=EDGE_CURVE('',#724,#723,#319,.T.);
#882=EDGE_CURVE('',#722,#724,#320,.T.);
#883=EDGE_CURVE('',#723,#725,#321,.T.);
#884=EDGE_CURVE('',#726,#725,#322,.T.);
#885=EDGE_CURVE('',#724,#726,#323,.T.);
#886=EDGE_CURVE('',#721,#727,#324,.T.);
#887=EDGE_CURVE('',#725,#727,#325,.T.);
#888=EDGE_CURVE('',#719,#728,#326,.T.);
#889=EDGE_CURVE('',#729,#728,#327,.T.);
#890=EDGE_CURVE('',#720,#729,#328,.T.);
#891=EDGE_CURVE('',#717,#730,#329,.T.);
#892=EDGE_CURVE('',#728,#730,#330,.T.);
#893=EDGE_CURVE('',#715,#731,#331,.T.);
#894=EDGE_CURVE('',#732,#731,#332,.T.);
#895=EDGE_CURVE('',#716,#732,#333,.T.);
#896=EDGE_CURVE('',#713,#733,#334,.T.);
#897=EDGE_CURVE('',#731,#733,#335,.T.);
#898=EDGE_CURVE('',#706,#734,#66,.T.);
#899=EDGE_CURVE('',#734,#705,#67,.T.);
#900=EDGE_CURVE('',#735,#736,#336,.T.);
#901=EDGE_CURVE('',#736,#737,#337,.T.);
#902=EDGE_CURVE('',#737,#738,#338,.T.);
#903=EDGE_CURVE('',#738,#735,#339,.T.);
#904=EDGE_CURVE('',#710,#709,#68,.T.);
#905=EDGE_CURVE('',#739,#740,#340,.T.);
#906=EDGE_CURVE('',#740,#741,#341,.T.);
#907=EDGE_CURVE('',#741,#742,#342,.T.);
#908=EDGE_CURVE('',#742,#739,#343,.T.);
#909=EDGE_CURVE('',#739,#743,#344,.T.);
#910=EDGE_CURVE('',#744,#743,#345,.T.);
#911=EDGE_CURVE('',#740,#744,#346,.T.);
#912=EDGE_CURVE('',#745,#744,#347,.T.);
#913=EDGE_CURVE('',#741,#745,#348,.T.);
#914=EDGE_CURVE('',#746,#745,#349,.T.);
#915=EDGE_CURVE('',#742,#746,#350,.T.);
#916=EDGE_CURVE('',#743,#746,#351,.T.);
#917=EDGE_CURVE('',#735,#747,#352,.T.);
#918=EDGE_CURVE('',#748,#747,#353,.T.);
#919=EDGE_CURVE('',#736,#748,#354,.T.);
#920=EDGE_CURVE('',#749,#748,#355,.T.);
#921=EDGE_CURVE('',#737,#749,#356,.T.);
#922=EDGE_CURVE('',#750,#749,#357,.T.);
#923=EDGE_CURVE('',#738,#750,#358,.T.);
#924=EDGE_CURVE('',#747,#750,#359,.T.);
#925=EDGE_CURVE('',#751,#726,#360,.T.);
#926=EDGE_CURVE('',#722,#751,#361,.T.);
#927=EDGE_CURVE('',#727,#751,#362,.T.);
#928=EDGE_CURVE('',#752,#729,#363,.T.);
#929=EDGE_CURVE('',#718,#752,#364,.T.);
#930=EDGE_CURVE('',#730,#752,#365,.T.);
#931=EDGE_CURVE('',#753,#732,#366,.T.);
#932=EDGE_CURVE('',#714,#753,#367,.T.);
#933=EDGE_CURVE('',#733,#753,#368,.T.);
#934=EDGE_CURVE('',#734,#754,#369,.T.);
#935=EDGE_CURVE('',#754,#754,#69,.T.);
#936=EDGE_CURVE('',#755,#756,#370,.T.);
#937=EDGE_CURVE('',#755,#757,#371,.T.);
#938=EDGE_CURVE('',#757,#758,#372,.T.);
#939=EDGE_CURVE('',#759,#758,#373,.T.);
#940=EDGE_CURVE('',#760,#759,#374,.T.);
#941=EDGE_CURVE('',#756,#760,#375,.T.);
#942=EDGE_CURVE('',#761,#762,#376,.T.);
#943=EDGE_CURVE('',#761,#763,#377,.T.);
#944=EDGE_CURVE('',#763,#764,#378,.T.);
#945=EDGE_CURVE('',#762,#764,#379,.T.);
#946=EDGE_CURVE('',#765,#761,#380,.T.);
#947=EDGE_CURVE('',#765,#766,#381,.T.);
#948=EDGE_CURVE('',#766,#763,#382,.T.);
#949=EDGE_CURVE('',#767,#765,#383,.T.);
#950=EDGE_CURVE('',#767,#768,#384,.T.);
#951=EDGE_CURVE('',#768,#766,#385,.T.);
#952=EDGE_CURVE('',#762,#767,#386,.T.);
#953=EDGE_CURVE('',#764,#768,#387,.T.);
#954=EDGE_CURVE('',#769,#770,#388,.T.);
#955=EDGE_CURVE('',#771,#769,#389,.T.);
#956=EDGE_CURVE('',#772,#771,#390,.T.);
#957=EDGE_CURVE('',#772,#773,#391,.T.);
#958=EDGE_CURVE('',#773,#774,#392,.T.);
#959=EDGE_CURVE('',#770,#774,#393,.T.);
#960=EDGE_CURVE('',#774,#757,#394,.T.);
#961=EDGE_CURVE('',#758,#773,#395,.T.);
#962=EDGE_CURVE('',#775,#776,#396,.T.);
#963=EDGE_CURVE('',#776,#777,#397,.T.);
#964=EDGE_CURVE('',#777,#778,#398,.T.);
#965=EDGE_CURVE('',#778,#775,#399,.T.);
#966=EDGE_CURVE('',#779,#780,#400,.T.);
#967=EDGE_CURVE('',#779,#771,#401,.T.);
#968=EDGE_CURVE('',#780,#769,#402,.T.);
#969=EDGE_CURVE('',#781,#779,#403,.T.);
#970=EDGE_CURVE('',#781,#772,#404,.T.);
#971=EDGE_CURVE('',#780,#782,#405,.T.);
#972=EDGE_CURVE('',#782,#770,#406,.T.);
#973=EDGE_CURVE('',#783,#784,#407,.T.);
#974=EDGE_CURVE('',#784,#785,#408,.T.);
#975=EDGE_CURVE('',#785,#786,#409,.T.);
#976=EDGE_CURVE('',#786,#783,#410,.T.);
#977=EDGE_CURVE('',#787,#788,#411,.T.);
#978=EDGE_CURVE('',#787,#760,#412,.T.);
#979=EDGE_CURVE('',#788,#759,#413,.T.);
#980=EDGE_CURVE('',#789,#787,#414,.T.);
#981=EDGE_CURVE('',#789,#756,#415,.T.);
#982=EDGE_CURVE('',#790,#789,#416,.T.);
#983=EDGE_CURVE('',#790,#755,#417,.T.);
#984=EDGE_CURVE('',#784,#790,#418,.T.);
#985=EDGE_CURVE('',#782,#783,#419,.T.);
#986=EDGE_CURVE('',#788,#775,#420,.T.);
#987=EDGE_CURVE('',#776,#781,#421,.T.);
#988=EDGE_CURVE('',#791,#778,#422,.T.);
#989=EDGE_CURVE('',#791,#792,#423,.T.);
#990=EDGE_CURVE('',#792,#785,#424,.T.);
#991=EDGE_CURVE('',#793,#793,#70,.T.);
#992=EDGE_CURVE('',#793,#794,#425,.T.);
#993=EDGE_CURVE('',#794,#794,#71,.T.);
#994=EDGE_CURVE('',#795,#786,#426,.T.);
#995=EDGE_CURVE('',#795,#796,#427,.T.);
#996=EDGE_CURVE('',#796,#777,#428,.T.);
#997=EDGE_CURVE('',#792,#795,#429,.T.);
#998=EDGE_CURVE('',#796,#791,#430,.T.);
#999=EDGE_CURVE('',#797,#798,#72,.T.);
#1000=EDGE_CURVE('',#798,#799,#431,.T.);
#1001=EDGE_CURVE('',#799,#800,#73,.T.);
#1002=EDGE_CURVE('',#800,#797,#432,.T.);
#1003=EDGE_CURVE('',#801,#798,#433,.T.);
#1004=EDGE_CURVE('',#802,#801,#434,.T.);
#1005=EDGE_CURVE('',#799,#802,#435,.T.);
#1006=EDGE_CURVE('',#797,#803,#436,.T.);
#1007=EDGE_CURVE('',#804,#803,#74,.T.);
#1008=EDGE_CURVE('',#804,#805,#437,.T.);
#1009=EDGE_CURVE('',#806,#805,#75,.T.);
#1010=EDGE_CURVE('',#806,#807,#438,.T.);
#1011=EDGE_CURVE('',#801,#807,#76,.T.);
#1012=EDGE_CURVE('',#808,#809,#439,.T.);
#1013=EDGE_CURVE('',#809,#810,#440,.T.);
#1014=EDGE_CURVE('',#810,#811,#441,.T.);
#1015=EDGE_CURVE('',#811,#808,#442,.T.);
#1016=EDGE_CURVE('',#807,#812,#443,.T.);
#1017=EDGE_CURVE('',#812,#802,#77,.T.);
#1018=EDGE_CURVE('',#813,#806,#444,.T.);
#1019=EDGE_CURVE('',#812,#813,#445,.T.);
#1020=EDGE_CURVE('',#805,#814,#446,.T.);
#1021=EDGE_CURVE('',#814,#813,#78,.T.);
#1022=EDGE_CURVE('',#815,#804,#447,.T.);
#1023=EDGE_CURVE('',#814,#815,#448,.T.);
#1024=EDGE_CURVE('',#803,#816,#449,.T.);
#1025=EDGE_CURVE('',#816,#815,#79,.T.);
#1026=EDGE_CURVE('',#816,#800,#450,.T.);
#1027=EDGE_CURVE('',#817,#817,#80,.T.);
#1028=EDGE_CURVE('',#818,#818,#81,.T.);
#1029=EDGE_CURVE('',#819,#819,#82,.T.);
#1030=EDGE_CURVE('',#820,#821,#451,.T.);
#1031=EDGE_CURVE('',#821,#822,#83,.T.);
#1032=EDGE_CURVE('',#822,#823,#452,.T.);
#1033=EDGE_CURVE('',#823,#824,#453,.T.);
#1034=EDGE_CURVE('',#824,#825,#454,.T.);
#1035=EDGE_CURVE('',#825,#826,#84,.T.);
#1036=EDGE_CURVE('',#826,#827,#455,.T.);
#1037=EDGE_CURVE('',#827,#828,#456,.T.);
#1038=EDGE_CURVE('',#828,#829,#457,.T.);
#1039=EDGE_CURVE('',#829,#830,#85,.T.);
#1040=EDGE_CURVE('',#830,#831,#458,.T.);
#1041=EDGE_CURVE('',#831,#832,#459,.T.);
#1042=EDGE_CURVE('',#832,#833,#460,.T.);
#1043=EDGE_CURVE('',#833,#834,#86,.T.);
#1044=EDGE_CURVE('',#834,#835,#461,.T.);
#1045=EDGE_CURVE('',#835,#820,#462,.T.);
#1046=EDGE_CURVE('',#836,#837,#463,.T.);
#1047=EDGE_CURVE('',#838,#836,#464,.T.);
#1048=EDGE_CURVE('',#839,#838,#465,.T.);
#1049=EDGE_CURVE('',#837,#839,#466,.T.);
#1050=EDGE_CURVE('',#840,#840,#87,.T.);
#1051=EDGE_CURVE('',#836,#808,#467,.T.);
#1052=EDGE_CURVE('',#838,#811,#468,.T.);
#1053=EDGE_CURVE('',#839,#810,#469,.T.);
#1054=EDGE_CURVE('',#837,#809,#470,.T.);
#1055=EDGE_CURVE('',#840,#841,#471,.T.);
#1056=EDGE_CURVE('',#841,#841,#88,.T.);
#1057=EDGE_CURVE('',#842,#843,#472,.T.);
#1058=EDGE_CURVE('',#843,#821,#473,.T.);
#1059=EDGE_CURVE('',#842,#820,#474,.T.);
#1060=EDGE_CURVE('',#844,#842,#475,.T.);
#1061=EDGE_CURVE('',#844,#835,#476,.T.);
#1062=EDGE_CURVE('',#845,#844,#477,.T.);
#1063=EDGE_CURVE('',#845,#834,#478,.T.);
#1064=EDGE_CURVE('',#846,#845,#89,.T.);
#1065=EDGE_CURVE('',#846,#833,#479,.T.);
#1066=EDGE_CURVE('',#847,#846,#480,.T.);
#1067=EDGE_CURVE('',#847,#832,#481,.T.);
#1068=EDGE_CURVE('',#848,#847,#482,.T.);
#1069=EDGE_CURVE('',#848,#831,#483,.T.);
#1070=EDGE_CURVE('',#849,#848,#484,.T.);
#1071=EDGE_CURVE('',#849,#830,#485,.T.);
#1072=EDGE_CURVE('',#850,#849,#90,.T.);
#1073=EDGE_CURVE('',#850,#829,#486,.T.);
#1074=EDGE_CURVE('',#851,#850,#487,.T.);
#1075=EDGE_CURVE('',#851,#828,#488,.T.);
#1076=EDGE_CURVE('',#852,#851,#489,.T.);
#1077=EDGE_CURVE('',#852,#827,#490,.T.);
#1078=EDGE_CURVE('',#853,#852,#491,.T.);
#1079=EDGE_CURVE('',#853,#826,#492,.T.);
#1080=EDGE_CURVE('',#854,#853,#91,.T.);
#1081=EDGE_CURVE('',#854,#825,#493,.T.);
#1082=EDGE_CURVE('',#855,#854,#494,.T.);
#1083=EDGE_CURVE('',#855,#824,#495,.T.);
#1084=EDGE_CURVE('',#856,#855,#496,.T.);
#1085=EDGE_CURVE('',#856,#823,#497,.T.);
#1086=EDGE_CURVE('',#857,#856,#498,.T.);
#1087=EDGE_CURVE('',#857,#822,#499,.T.);
#1088=EDGE_CURVE('',#843,#857,#92,.T.);
#1089=EDGE_CURVE('',#819,#858,#500,.T.);
#1090=EDGE_CURVE('',#858,#858,#93,.T.);
#1091=EDGE_CURVE('',#818,#859,#501,.T.);
#1092=EDGE_CURVE('',#859,#859,#94,.T.);
#1093=EDGE_CURVE('',#817,#860,#502,.T.);
#1094=EDGE_CURVE('',#860,#860,#95,.T.);
#1095=ORIENTED_EDGE('',*,*,#861,.F.);
#1096=ORIENTED_EDGE('',*,*,#862,.T.);
#1097=ORIENTED_EDGE('',*,*,#863,.F.);
#1098=ORIENTED_EDGE('',*,*,#864,.F.);
#1099=ORIENTED_EDGE('',*,*,#865,.F.);
#1100=ORIENTED_EDGE('',*,*,#866,.T.);
#1101=ORIENTED_EDGE('',*,*,#867,.F.);
#1102=ORIENTED_EDGE('',*,*,#868,.F.);
#1103=ORIENTED_EDGE('',*,*,#869,.T.);
#1104=ORIENTED_EDGE('',*,*,#867,.T.);
#1105=ORIENTED_EDGE('',*,*,#870,.T.);
#1106=ORIENTED_EDGE('',*,*,#863,.T.);
#1107=ORIENTED_EDGE('',*,*,#871,.F.);
#1108=ORIENTED_EDGE('',*,*,#872,.F.);
#1109=ORIENTED_EDGE('',*,*,#873,.F.);
#1110=ORIENTED_EDGE('',*,*,#874,.F.);
#1111=ORIENTED_EDGE('',*,*,#875,.F.);
#1112=ORIENTED_EDGE('',*,*,#876,.F.);
#1113=ORIENTED_EDGE('',*,*,#877,.F.);
#1114=ORIENTED_EDGE('',*,*,#878,.F.);
#1115=ORIENTED_EDGE('',*,*,#879,.F.);
#1116=ORIENTED_EDGE('',*,*,#880,.F.);
#1117=ORIENTED_EDGE('',*,*,#881,.F.);
#1118=ORIENTED_EDGE('',*,*,#882,.F.);
#1119=ORIENTED_EDGE('',*,*,#881,.T.);
#1120=ORIENTED_EDGE('',*,*,#883,.T.);
#1121=ORIENTED_EDGE('',*,*,#884,.F.);
#1122=ORIENTED_EDGE('',*,*,#885,.F.);
#1123=ORIENTED_EDGE('',*,*,#880,.T.);
#1124=ORIENTED_EDGE('',*,*,#886,.T.);
#1125=ORIENTED_EDGE('',*,*,#887,.F.);
#1126=ORIENTED_EDGE('',*,*,#883,.F.);
#1127=ORIENTED_EDGE('',*,*,#877,.T.);
#1128=ORIENTED_EDGE('',*,*,#888,.T.);
#1129=ORIENTED_EDGE('',*,*,#889,.F.);
#1130=ORIENTED_EDGE('',*,*,#890,.F.);
#1131=ORIENTED_EDGE('',*,*,#876,.T.);
#1132=ORIENTED_EDGE('',*,*,#891,.T.);
#1133=ORIENTED_EDGE('',*,*,#892,.F.);
#1134=ORIENTED_EDGE('',*,*,#888,.F.);
#1135=ORIENTED_EDGE('',*,*,#873,.T.);
#1136=ORIENTED_EDGE('',*,*,#893,.T.);
#1137=ORIENTED_EDGE('',*,*,#894,.F.);
#1138=ORIENTED_EDGE('',*,*,#895,.F.);
#1139=ORIENTED_EDGE('',*,*,#872,.T.);
#1140=ORIENTED_EDGE('',*,*,#896,.T.);
#1141=ORIENTED_EDGE('',*,*,#897,.F.);
#1142=ORIENTED_EDGE('',*,*,#893,.F.);
#1143=ORIENTED_EDGE('',*,*,#861,.T.);
#1144=ORIENTED_EDGE('',*,*,#898,.T.);
#1145=ORIENTED_EDGE('',*,*,#899,.T.);
#1146=ORIENTED_EDGE('',*,*,#900,.T.);
#1147=ORIENTED_EDGE('',*,*,#901,.T.);
#1148=ORIENTED_EDGE('',*,*,#902,.T.);
#1149=ORIENTED_EDGE('',*,*,#903,.T.);
#1150=ORIENTED_EDGE('',*,*,#865,.T.);
#1151=ORIENTED_EDGE('',*,*,#904,.T.);
#1152=ORIENTED_EDGE('',*,*,#905,.T.);
#1153=ORIENTED_EDGE('',*,*,#906,.T.);
#1154=ORIENTED_EDGE('',*,*,#907,.T.);
#1155=ORIENTED_EDGE('',*,*,#908,.T.);
#1156=ORIENTED_EDGE('',*,*,#905,.F.);
#1157=ORIENTED_EDGE('',*,*,#909,.T.);
#1158=ORIENTED_EDGE('',*,*,#910,.F.);
#1159=ORIENTED_EDGE('',*,*,#911,.F.);
#1160=ORIENTED_EDGE('',*,*,#906,.F.);
#1161=ORIENTED_EDGE('',*,*,#911,.T.);
#1162=ORIENTED_EDGE('',*,*,#912,.F.);
#1163=ORIENTED_EDGE('',*,*,#913,.F.);
#1164=ORIENTED_EDGE('',*,*,#907,.F.);
#1165=ORIENTED_EDGE('',*,*,#913,.T.);
#1166=ORIENTED_EDGE('',*,*,#914,.F.);
#1167=ORIENTED_EDGE('',*,*,#915,.F.);
#1168=ORIENTED_EDGE('',*,*,#908,.F.);
#1169=ORIENTED_EDGE('',*,*,#915,.T.);
#1170=ORIENTED_EDGE('',*,*,#916,.F.);
#1171=ORIENTED_EDGE('',*,*,#909,.F.);
#1172=ORIENTED_EDGE('',*,*,#916,.T.);
#1173=ORIENTED_EDGE('',*,*,#914,.T.);
#1174=ORIENTED_EDGE('',*,*,#912,.T.);
#1175=ORIENTED_EDGE('',*,*,#910,.T.);
#1176=ORIENTED_EDGE('',*,*,#900,.F.);
#1177=ORIENTED_EDGE('',*,*,#917,.T.);
#1178=ORIENTED_EDGE('',*,*,#918,.F.);
#1179=ORIENTED_EDGE('',*,*,#919,.F.);
#1180=ORIENTED_EDGE('',*,*,#901,.F.);
#1181=ORIENTED_EDGE('',*,*,#919,.T.);
#1182=ORIENTED_EDGE('',*,*,#920,.F.);
#1183=ORIENTED_EDGE('',*,*,#921,.F.);
#1184=ORIENTED_EDGE('',*,*,#902,.F.);
#1185=ORIENTED_EDGE('',*,*,#921,.T.);
#1186=ORIENTED_EDGE('',*,*,#922,.F.);
#1187=ORIENTED_EDGE('',*,*,#923,.F.);
#1188=ORIENTED_EDGE('',*,*,#903,.F.);
#1189=ORIENTED_EDGE('',*,*,#923,.T.);
#1190=ORIENTED_EDGE('',*,*,#924,.F.);
#1191=ORIENTED_EDGE('',*,*,#917,.F.);
#1192=ORIENTED_EDGE('',*,*,#924,.T.);
#1193=ORIENTED_EDGE('',*,*,#922,.T.);
#1194=ORIENTED_EDGE('',*,*,#920,.T.);
#1195=ORIENTED_EDGE('',*,*,#918,.T.);
#1196=ORIENTED_EDGE('',*,*,#882,.T.);
#1197=ORIENTED_EDGE('',*,*,#885,.T.);
#1198=ORIENTED_EDGE('',*,*,#925,.F.);
#1199=ORIENTED_EDGE('',*,*,#926,.F.);
#1200=ORIENTED_EDGE('',*,*,#879,.T.);
#1201=ORIENTED_EDGE('',*,*,#926,.T.);
#1202=ORIENTED_EDGE('',*,*,#927,.F.);
#1203=ORIENTED_EDGE('',*,*,#886,.F.);
#1204=ORIENTED_EDGE('',*,*,#927,.T.);
#1205=ORIENTED_EDGE('',*,*,#925,.T.);
#1206=ORIENTED_EDGE('',*,*,#884,.T.);
#1207=ORIENTED_EDGE('',*,*,#887,.T.);
#1208=ORIENTED_EDGE('',*,*,#878,.T.);
#1209=ORIENTED_EDGE('',*,*,#890,.T.);
#1210=ORIENTED_EDGE('',*,*,#928,.F.);
#1211=ORIENTED_EDGE('',*,*,#929,.F.);
#1212=ORIENTED_EDGE('',*,*,#875,.T.);
#1213=ORIENTED_EDGE('',*,*,#929,.T.);
#1214=ORIENTED_EDGE('',*,*,#930,.F.);
#1215=ORIENTED_EDGE('',*,*,#891,.F.);
#1216=ORIENTED_EDGE('',*,*,#930,.T.);
#1217=ORIENTED_EDGE('',*,*,#928,.T.);
#1218=ORIENTED_EDGE('',*,*,#889,.T.);
#1219=ORIENTED_EDGE('',*,*,#892,.T.);
#1220=ORIENTED_EDGE('',*,*,#874,.T.);
#1221=ORIENTED_EDGE('',*,*,#895,.T.);
#1222=ORIENTED_EDGE('',*,*,#931,.F.);
#1223=ORIENTED_EDGE('',*,*,#932,.F.);
#1224=ORIENTED_EDGE('',*,*,#871,.T.);
#1225=ORIENTED_EDGE('',*,*,#932,.T.);
#1226=ORIENTED_EDGE('',*,*,#933,.F.);
#1227=ORIENTED_EDGE('',*,*,#896,.F.);
#1228=ORIENTED_EDGE('',*,*,#933,.T.);
#1229=ORIENTED_EDGE('',*,*,#931,.T.);
#1230=ORIENTED_EDGE('',*,*,#894,.T.);
#1231=ORIENTED_EDGE('',*,*,#897,.T.);
#1232=ORIENTED_EDGE('',*,*,#898,.F.);
#1233=ORIENTED_EDGE('',*,*,#864,.T.);
#1234=ORIENTED_EDGE('',*,*,#870,.F.);
#1235=ORIENTED_EDGE('',*,*,#866,.F.);
#1236=ORIENTED_EDGE('',*,*,#904,.F.);
#1237=ORIENTED_EDGE('',*,*,#868,.T.);
#1238=ORIENTED_EDGE('',*,*,#869,.F.);
#1239=ORIENTED_EDGE('',*,*,#862,.F.);
#1240=ORIENTED_EDGE('',*,*,#899,.F.);
#1241=ORIENTED_EDGE('',*,*,#934,.T.);
#1242=ORIENTED_EDGE('',*,*,#935,.F.);
#1243=ORIENTED_EDGE('',*,*,#934,.F.);
#1244=ORIENTED_EDGE('',*,*,#936,.F.);
#1245=ORIENTED_EDGE('',*,*,#937,.T.);
#1246=ORIENTED_EDGE('',*,*,#938,.T.);
#1247=ORIENTED_EDGE('',*,*,#939,.F.);
#1248=ORIENTED_EDGE('',*,*,#940,.F.);
#1249=ORIENTED_EDGE('',*,*,#941,.F.);
#1250=ORIENTED_EDGE('',*,*,#942,.F.);
#1251=ORIENTED_EDGE('',*,*,#943,.T.);
#1252=ORIENTED_EDGE('',*,*,#944,.T.);
#1253=ORIENTED_EDGE('',*,*,#945,.F.);
#1254=ORIENTED_EDGE('',*,*,#946,.F.);
#1255=ORIENTED_EDGE('',*,*,#947,.T.);
#1256=ORIENTED_EDGE('',*,*,#948,.T.);
#1257=ORIENTED_EDGE('',*,*,#943,.F.);
#1258=ORIENTED_EDGE('',*,*,#949,.F.);
#1259=ORIENTED_EDGE('',*,*,#950,.T.);
#1260=ORIENTED_EDGE('',*,*,#951,.T.);
#1261=ORIENTED_EDGE('',*,*,#947,.F.);
#1262=ORIENTED_EDGE('',*,*,#952,.F.);
#1263=ORIENTED_EDGE('',*,*,#945,.T.);
#1264=ORIENTED_EDGE('',*,*,#953,.T.);
#1265=ORIENTED_EDGE('',*,*,#950,.F.);
#1266=ORIENTED_EDGE('',*,*,#954,.F.);
#1267=ORIENTED_EDGE('',*,*,#955,.F.);
#1268=ORIENTED_EDGE('',*,*,#956,.F.);
#1269=ORIENTED_EDGE('',*,*,#957,.T.);
#1270=ORIENTED_EDGE('',*,*,#958,.T.);
#1271=ORIENTED_EDGE('',*,*,#959,.F.);
#1272=ORIENTED_EDGE('',*,*,#938,.F.);
#1273=ORIENTED_EDGE('',*,*,#960,.F.);
#1274=ORIENTED_EDGE('',*,*,#958,.F.);
#1275=ORIENTED_EDGE('',*,*,#961,.F.);
#1276=ORIENTED_EDGE('',*,*,#953,.F.);
#1277=ORIENTED_EDGE('',*,*,#944,.F.);
#1278=ORIENTED_EDGE('',*,*,#948,.F.);
#1279=ORIENTED_EDGE('',*,*,#951,.F.);
#1280=ORIENTED_EDGE('',*,*,#962,.T.);
#1281=ORIENTED_EDGE('',*,*,#963,.T.);
#1282=ORIENTED_EDGE('',*,*,#964,.T.);
#1283=ORIENTED_EDGE('',*,*,#965,.T.);
#1284=ORIENTED_EDGE('',*,*,#942,.T.);
#1285=ORIENTED_EDGE('',*,*,#952,.T.);
#1286=ORIENTED_EDGE('',*,*,#949,.T.);
#1287=ORIENTED_EDGE('',*,*,#946,.T.);
#1288=ORIENTED_EDGE('',*,*,#966,.F.);
#1289=ORIENTED_EDGE('',*,*,#967,.T.);
#1290=ORIENTED_EDGE('',*,*,#955,.T.);
#1291=ORIENTED_EDGE('',*,*,#968,.F.);
#1292=ORIENTED_EDGE('',*,*,#969,.F.);
#1293=ORIENTED_EDGE('',*,*,#970,.T.);
#1294=ORIENTED_EDGE('',*,*,#956,.T.);
#1295=ORIENTED_EDGE('',*,*,#967,.F.);
#1296=ORIENTED_EDGE('',*,*,#971,.F.);
#1297=ORIENTED_EDGE('',*,*,#968,.T.);
#1298=ORIENTED_EDGE('',*,*,#954,.T.);
#1299=ORIENTED_EDGE('',*,*,#972,.F.);
#1300=ORIENTED_EDGE('',*,*,#973,.T.);
#1301=ORIENTED_EDGE('',*,*,#974,.T.);
#1302=ORIENTED_EDGE('',*,*,#975,.T.);
#1303=ORIENTED_EDGE('',*,*,#976,.T.);
#1304=ORIENTED_EDGE('',*,*,#977,.F.);
#1305=ORIENTED_EDGE('',*,*,#978,.T.);
#1306=ORIENTED_EDGE('',*,*,#940,.T.);
#1307=ORIENTED_EDGE('',*,*,#979,.F.);
#1308=ORIENTED_EDGE('',*,*,#980,.F.);
#1309=ORIENTED_EDGE('',*,*,#981,.T.);
#1310=ORIENTED_EDGE('',*,*,#941,.T.);
#1311=ORIENTED_EDGE('',*,*,#978,.F.);
#1312=ORIENTED_EDGE('',*,*,#982,.F.);
#1313=ORIENTED_EDGE('',*,*,#983,.T.);
#1314=ORIENTED_EDGE('',*,*,#936,.T.);
#1315=ORIENTED_EDGE('',*,*,#981,.F.);
#1316=ORIENTED_EDGE('',*,*,#984,.F.);
#1317=ORIENTED_EDGE('',*,*,#973,.F.);
#1318=ORIENTED_EDGE('',*,*,#985,.F.);
#1319=ORIENTED_EDGE('',*,*,#972,.T.);
#1320=ORIENTED_EDGE('',*,*,#959,.T.);
#1321=ORIENTED_EDGE('',*,*,#960,.T.);
#1322=ORIENTED_EDGE('',*,*,#937,.F.);
#1323=ORIENTED_EDGE('',*,*,#983,.F.);
#1324=ORIENTED_EDGE('',*,*,#986,.F.);
#1325=ORIENTED_EDGE('',*,*,#979,.T.);
#1326=ORIENTED_EDGE('',*,*,#939,.T.);
#1327=ORIENTED_EDGE('',*,*,#961,.T.);
#1328=ORIENTED_EDGE('',*,*,#957,.F.);
#1329=ORIENTED_EDGE('',*,*,#970,.F.);
#1330=ORIENTED_EDGE('',*,*,#987,.F.);
#1331=ORIENTED_EDGE('',*,*,#962,.F.);
#1332=ORIENTED_EDGE('',*,*,#984,.T.);
#1333=ORIENTED_EDGE('',*,*,#982,.T.);
#1334=ORIENTED_EDGE('',*,*,#980,.T.);
#1335=ORIENTED_EDGE('',*,*,#977,.T.);
#1336=ORIENTED_EDGE('',*,*,#986,.T.);
#1337=ORIENTED_EDGE('',*,*,#965,.F.);
#1338=ORIENTED_EDGE('',*,*,#988,.F.);
#1339=ORIENTED_EDGE('',*,*,#989,.T.);
#1340=ORIENTED_EDGE('',*,*,#990,.T.);
#1341=ORIENTED_EDGE('',*,*,#974,.F.);
#1342=ORIENTED_EDGE('',*,*,#991,.F.);
#1343=ORIENTED_EDGE('',*,*,#992,.T.);
#1344=ORIENTED_EDGE('',*,*,#993,.F.);
#1345=ORIENTED_EDGE('',*,*,#992,.F.);
#1346=ORIENTED_EDGE('',*,*,#991,.T.);
#1347=ORIENTED_EDGE('',*,*,#935,.T.);
#1348=ORIENTED_EDGE('',*,*,#985,.T.);
#1349=ORIENTED_EDGE('',*,*,#976,.F.);
#1350=ORIENTED_EDGE('',*,*,#994,.F.);
#1351=ORIENTED_EDGE('',*,*,#995,.T.);
#1352=ORIENTED_EDGE('',*,*,#996,.T.);
#1353=ORIENTED_EDGE('',*,*,#963,.F.);
#1354=ORIENTED_EDGE('',*,*,#987,.T.);
#1355=ORIENTED_EDGE('',*,*,#969,.T.);
#1356=ORIENTED_EDGE('',*,*,#966,.T.);
#1357=ORIENTED_EDGE('',*,*,#971,.T.);
#1358=ORIENTED_EDGE('',*,*,#997,.T.);
#1359=ORIENTED_EDGE('',*,*,#994,.T.);
#1360=ORIENTED_EDGE('',*,*,#975,.F.);
#1361=ORIENTED_EDGE('',*,*,#990,.F.);
#1362=ORIENTED_EDGE('',*,*,#998,.T.);
#1363=ORIENTED_EDGE('',*,*,#988,.T.);
#1364=ORIENTED_EDGE('',*,*,#964,.F.);
#1365=ORIENTED_EDGE('',*,*,#996,.F.);
#1366=ORIENTED_EDGE('',*,*,#998,.F.);
#1367=ORIENTED_EDGE('',*,*,#995,.F.);
#1368=ORIENTED_EDGE('',*,*,#997,.F.);
#1369=ORIENTED_EDGE('',*,*,#989,.F.);
#1370=ORIENTED_EDGE('',*,*,#993,.T.);
#1371=ORIENTED_EDGE('',*,*,#999,.T.);
#1372=ORIENTED_EDGE('',*,*,#1000,.T.);
#1373=ORIENTED_EDGE('',*,*,#1001,.T.);
#1374=ORIENTED_EDGE('',*,*,#1002,.T.);
#1375=ORIENTED_EDGE('',*,*,#1000,.F.);
#1376=ORIENTED_EDGE('',*,*,#1003,.F.);
#1377=ORIENTED_EDGE('',*,*,#1004,.F.);
#1378=ORIENTED_EDGE('',*,*,#1005,.F.);
#1379=ORIENTED_EDGE('',*,*,#999,.F.);
#1380=ORIENTED_EDGE('',*,*,#1006,.T.);
#1381=ORIENTED_EDGE('',*,*,#1007,.F.);
#1382=ORIENTED_EDGE('',*,*,#1008,.T.);
#1383=ORIENTED_EDGE('',*,*,#1009,.F.);
#1384=ORIENTED_EDGE('',*,*,#1010,.T.);
#1385=ORIENTED_EDGE('',*,*,#1011,.F.);
#1386=ORIENTED_EDGE('',*,*,#1003,.T.);
#1387=ORIENTED_EDGE('',*,*,#1012,.T.);
#1388=ORIENTED_EDGE('',*,*,#1013,.T.);
#1389=ORIENTED_EDGE('',*,*,#1014,.T.);
#1390=ORIENTED_EDGE('',*,*,#1015,.T.);
#1391=ORIENTED_EDGE('',*,*,#1011,.T.);
#1392=ORIENTED_EDGE('',*,*,#1016,.T.);
#1393=ORIENTED_EDGE('',*,*,#1017,.T.);
#1394=ORIENTED_EDGE('',*,*,#1004,.T.);
#1395=ORIENTED_EDGE('',*,*,#1016,.F.);
#1396=ORIENTED_EDGE('',*,*,#1010,.F.);
#1397=ORIENTED_EDGE('',*,*,#1018,.F.);
#1398=ORIENTED_EDGE('',*,*,#1019,.F.);
#1399=ORIENTED_EDGE('',*,*,#1009,.T.);
#1400=ORIENTED_EDGE('',*,*,#1020,.T.);
#1401=ORIENTED_EDGE('',*,*,#1021,.T.);
#1402=ORIENTED_EDGE('',*,*,#1018,.T.);
#1403=ORIENTED_EDGE('',*,*,#1020,.F.);
#1404=ORIENTED_EDGE('',*,*,#1008,.F.);
#1405=ORIENTED_EDGE('',*,*,#1022,.F.);
#1406=ORIENTED_EDGE('',*,*,#1023,.F.);
#1407=ORIENTED_EDGE('',*,*,#1007,.T.);
#1408=ORIENTED_EDGE('',*,*,#1024,.T.);
#1409=ORIENTED_EDGE('',*,*,#1025,.T.);
#1410=ORIENTED_EDGE('',*,*,#1022,.T.);
#1411=ORIENTED_EDGE('',*,*,#1002,.F.);
#1412=ORIENTED_EDGE('',*,*,#1026,.F.);
#1413=ORIENTED_EDGE('',*,*,#1024,.F.);
#1414=ORIENTED_EDGE('',*,*,#1006,.F.);
#1415=ORIENTED_EDGE('',*,*,#1027,.T.);
#1416=ORIENTED_EDGE('',*,*,#1028,.T.);
#1417=ORIENTED_EDGE('',*,*,#1029,.T.);
#1418=ORIENTED_EDGE('',*,*,#1030,.T.);
#1419=ORIENTED_EDGE('',*,*,#1031,.T.);
#1420=ORIENTED_EDGE('',*,*,#1032,.T.);
#1421=ORIENTED_EDGE('',*,*,#1033,.T.);
#1422=ORIENTED_EDGE('',*,*,#1034,.T.);
#1423=ORIENTED_EDGE('',*,*,#1035,.T.);
#1424=ORIENTED_EDGE('',*,*,#1036,.T.);
#1425=ORIENTED_EDGE('',*,*,#1037,.T.);
#1426=ORIENTED_EDGE('',*,*,#1038,.T.);
#1427=ORIENTED_EDGE('',*,*,#1039,.T.);
#1428=ORIENTED_EDGE('',*,*,#1040,.T.);
#1429=ORIENTED_EDGE('',*,*,#1041,.T.);
#1430=ORIENTED_EDGE('',*,*,#1042,.T.);
#1431=ORIENTED_EDGE('',*,*,#1043,.T.);
#1432=ORIENTED_EDGE('',*,*,#1044,.T.);
#1433=ORIENTED_EDGE('',*,*,#1045,.T.);
#1434=ORIENTED_EDGE('',*,*,#1046,.F.);
#1435=ORIENTED_EDGE('',*,*,#1047,.F.);
#1436=ORIENTED_EDGE('',*,*,#1048,.F.);
#1437=ORIENTED_EDGE('',*,*,#1049,.F.);
#1438=ORIENTED_EDGE('',*,*,#1050,.T.);
#1439=ORIENTED_EDGE('',*,*,#1047,.T.);
#1440=ORIENTED_EDGE('',*,*,#1051,.T.);
#1441=ORIENTED_EDGE('',*,*,#1015,.F.);
#1442=ORIENTED_EDGE('',*,*,#1052,.F.);
#1443=ORIENTED_EDGE('',*,*,#1048,.T.);
#1444=ORIENTED_EDGE('',*,*,#1052,.T.);
#1445=ORIENTED_EDGE('',*,*,#1014,.F.);
#1446=ORIENTED_EDGE('',*,*,#1053,.F.);
#1447=ORIENTED_EDGE('',*,*,#1049,.T.);
#1448=ORIENTED_EDGE('',*,*,#1053,.T.);
#1449=ORIENTED_EDGE('',*,*,#1013,.F.);
#1450=ORIENTED_EDGE('',*,*,#1054,.F.);
#1451=ORIENTED_EDGE('',*,*,#1046,.T.);
#1452=ORIENTED_EDGE('',*,*,#1054,.T.);
#1453=ORIENTED_EDGE('',*,*,#1012,.F.);
#1454=ORIENTED_EDGE('',*,*,#1051,.F.);
#1455=ORIENTED_EDGE('',*,*,#1050,.F.);
#1456=ORIENTED_EDGE('',*,*,#1055,.T.);
#1457=ORIENTED_EDGE('',*,*,#1056,.T.);
#1458=ORIENTED_EDGE('',*,*,#1055,.F.);
#1459=ORIENTED_EDGE('',*,*,#1057,.T.);
#1460=ORIENTED_EDGE('',*,*,#1058,.T.);
#1461=ORIENTED_EDGE('',*,*,#1030,.F.);
#1462=ORIENTED_EDGE('',*,*,#1059,.F.);
#1463=ORIENTED_EDGE('',*,*,#1060,.T.);
#1464=ORIENTED_EDGE('',*,*,#1059,.T.);
#1465=ORIENTED_EDGE('',*,*,#1045,.F.);
#1466=ORIENTED_EDGE('',*,*,#1061,.F.);
#1467=ORIENTED_EDGE('',*,*,#1062,.T.);
#1468=ORIENTED_EDGE('',*,*,#1061,.T.);
#1469=ORIENTED_EDGE('',*,*,#1044,.F.);
#1470=ORIENTED_EDGE('',*,*,#1063,.F.);
#1471=ORIENTED_EDGE('',*,*,#1064,.T.);
#1472=ORIENTED_EDGE('',*,*,#1063,.T.);
#1473=ORIENTED_EDGE('',*,*,#1043,.F.);
#1474=ORIENTED_EDGE('',*,*,#1065,.F.);
#1475=ORIENTED_EDGE('',*,*,#1066,.T.);
#1476=ORIENTED_EDGE('',*,*,#1065,.T.);
#1477=ORIENTED_EDGE('',*,*,#1042,.F.);
#1478=ORIENTED_EDGE('',*,*,#1067,.F.);
#1479=ORIENTED_EDGE('',*,*,#1068,.T.);
#1480=ORIENTED_EDGE('',*,*,#1067,.T.);
#1481=ORIENTED_EDGE('',*,*,#1041,.F.);
#1482=ORIENTED_EDGE('',*,*,#1069,.F.);
#1483=ORIENTED_EDGE('',*,*,#1070,.T.);
#1484=ORIENTED_EDGE('',*,*,#1069,.T.);
#1485=ORIENTED_EDGE('',*,*,#1040,.F.);
#1486=ORIENTED_EDGE('',*,*,#1071,.F.);
#1487=ORIENTED_EDGE('',*,*,#1072,.T.);
#1488=ORIENTED_EDGE('',*,*,#1071,.T.);
#1489=ORIENTED_EDGE('',*,*,#1039,.F.);
#1490=ORIENTED_EDGE('',*,*,#1073,.F.);
#1491=ORIENTED_EDGE('',*,*,#1074,.T.);
#1492=ORIENTED_EDGE('',*,*,#1073,.T.);
#1493=ORIENTED_EDGE('',*,*,#1038,.F.);
#1494=ORIENTED_EDGE('',*,*,#1075,.F.);
#1495=ORIENTED_EDGE('',*,*,#1076,.T.);
#1496=ORIENTED_EDGE('',*,*,#1075,.T.);
#1497=ORIENTED_EDGE('',*,*,#1037,.F.);
#1498=ORIENTED_EDGE('',*,*,#1077,.F.);
#1499=ORIENTED_EDGE('',*,*,#1078,.T.);
#1500=ORIENTED_EDGE('',*,*,#1077,.T.);
#1501=ORIENTED_EDGE('',*,*,#1036,.F.);
#1502=ORIENTED_EDGE('',*,*,#1079,.F.);
#1503=ORIENTED_EDGE('',*,*,#1080,.T.);
#1504=ORIENTED_EDGE('',*,*,#1079,.T.);
#1505=ORIENTED_EDGE('',*,*,#1035,.F.);
#1506=ORIENTED_EDGE('',*,*,#1081,.F.);
#1507=ORIENTED_EDGE('',*,*,#1082,.T.);
#1508=ORIENTED_EDGE('',*,*,#1081,.T.);
#1509=ORIENTED_EDGE('',*,*,#1034,.F.);
#1510=ORIENTED_EDGE('',*,*,#1083,.F.);
#1511=ORIENTED_EDGE('',*,*,#1084,.T.);
#1512=ORIENTED_EDGE('',*,*,#1083,.T.);
#1513=ORIENTED_EDGE('',*,*,#1033,.F.);
#1514=ORIENTED_EDGE('',*,*,#1085,.F.);
#1515=ORIENTED_EDGE('',*,*,#1086,.T.);
#1516=ORIENTED_EDGE('',*,*,#1085,.T.);
#1517=ORIENTED_EDGE('',*,*,#1032,.F.);
#1518=ORIENTED_EDGE('',*,*,#1087,.F.);
#1519=ORIENTED_EDGE('',*,*,#1088,.T.);
#1520=ORIENTED_EDGE('',*,*,#1087,.T.);
#1521=ORIENTED_EDGE('',*,*,#1031,.F.);
#1522=ORIENTED_EDGE('',*,*,#1058,.F.);
#1523=ORIENTED_EDGE('',*,*,#1029,.F.);
#1524=ORIENTED_EDGE('',*,*,#1089,.T.);
#1525=ORIENTED_EDGE('',*,*,#1090,.T.);
#1526=ORIENTED_EDGE('',*,*,#1089,.F.);
#1527=ORIENTED_EDGE('',*,*,#1028,.F.);
#1528=ORIENTED_EDGE('',*,*,#1091,.T.);
#1529=ORIENTED_EDGE('',*,*,#1092,.T.);
#1530=ORIENTED_EDGE('',*,*,#1091,.F.);
#1531=ORIENTED_EDGE('',*,*,#1027,.F.);
#1532=ORIENTED_EDGE('',*,*,#1093,.T.);
#1533=ORIENTED_EDGE('',*,*,#1094,.T.);
#1534=ORIENTED_EDGE('',*,*,#1093,.F.);
#1535=ORIENTED_EDGE('',*,*,#1001,.F.);
#1536=ORIENTED_EDGE('',*,*,#1005,.T.);
#1537=ORIENTED_EDGE('',*,*,#1017,.F.);
#1538=ORIENTED_EDGE('',*,*,#1019,.T.);
#1539=ORIENTED_EDGE('',*,*,#1021,.F.);
#1540=ORIENTED_EDGE('',*,*,#1023,.T.);
#1541=ORIENTED_EDGE('',*,*,#1025,.F.);
#1542=ORIENTED_EDGE('',*,*,#1026,.T.);
#1543=ORIENTED_EDGE('',*,*,#1094,.F.);
#1544=ORIENTED_EDGE('',*,*,#1092,.F.);
#1545=ORIENTED_EDGE('',*,*,#1090,.F.);
#1546=ORIENTED_EDGE('',*,*,#1088,.F.);
#1547=ORIENTED_EDGE('',*,*,#1057,.F.);
#1548=ORIENTED_EDGE('',*,*,#1060,.F.);
#1549=ORIENTED_EDGE('',*,*,#1062,.F.);
#1550=ORIENTED_EDGE('',*,*,#1064,.F.);
#1551=ORIENTED_EDGE('',*,*,#1066,.F.);
#1552=ORIENTED_EDGE('',*,*,#1068,.F.);
#1553=ORIENTED_EDGE('',*,*,#1070,.F.);
#1554=ORIENTED_EDGE('',*,*,#1072,.F.);
#1555=ORIENTED_EDGE('',*,*,#1074,.F.);
#1556=ORIENTED_EDGE('',*,*,#1076,.F.);
#1557=ORIENTED_EDGE('',*,*,#1078,.F.);
#1558=ORIENTED_EDGE('',*,*,#1080,.F.);
#1559=ORIENTED_EDGE('',*,*,#1082,.F.);
#1560=ORIENTED_EDGE('',*,*,#1084,.F.);
#1561=ORIENTED_EDGE('',*,*,#1086,.F.);
#1562=ORIENTED_EDGE('',*,*,#1056,.F.);
#1563=PLANE('',#1755);
#1564=PLANE('',#1756);
#1565=PLANE('',#1757);
#1566=PLANE('',#1760);
#1567=PLANE('',#1761);
#1568=PLANE('',#1762);
#1569=PLANE('',#1763);
#1570=PLANE('',#1764);
#1571=PLANE('',#1765);
#1572=PLANE('',#1766);
#1573=PLANE('',#1769);
#1574=PLANE('',#1771);
#1575=PLANE('',#1772);
#1576=PLANE('',#1773);
#1577=PLANE('',#1774);
#1578=PLANE('',#1775);
#1579=PLANE('',#1776);
#1580=PLANE('',#1777);
#1581=PLANE('',#1778);
#1582=PLANE('',#1779);
#1583=PLANE('',#1780);
#1584=PLANE('',#1781);
#1585=PLANE('',#1782);
#1586=PLANE('',#1783);
#1587=PLANE('',#1784);
#1588=PLANE('',#1785);
#1589=PLANE('',#1786);
#1590=PLANE('',#1787);
#1591=PLANE('',#1788);
#1592=PLANE('',#1789);
#1593=PLANE('',#1792);
#1594=PLANE('',#1793);
#1595=PLANE('',#1794);
#1596=PLANE('',#1795);
#1597=PLANE('',#1796);
#1598=PLANE('',#1797);
#1599=PLANE('',#1798);
#1600=PLANE('',#1799);
#1601=PLANE('',#1800);
#1602=PLANE('',#1801);
#1603=PLANE('',#1802);
#1604=PLANE('',#1803);
#1605=PLANE('',#1804);
#1606=PLANE('',#1805);
#1607=PLANE('',#1806);
#1608=PLANE('',#1807);
#1609=PLANE('',#1808);
#1610=PLANE('',#1809);
#1611=PLANE('',#1810);
#1612=PLANE('',#1814);
#1613=PLANE('',#1815);
#1614=PLANE('',#1816);
#1615=PLANE('',#1817);
#1616=PLANE('',#1818);
#1617=PLANE('',#1822);
#1618=PLANE('',#1823);
#1619=PLANE('',#1829);
#1620=PLANE('',#1832);
#1621=PLANE('',#1835);
#1622=PLANE('',#1836);
#1623=PLANE('',#1838);
#1624=PLANE('',#1840);
#1625=PLANE('',#1842);
#1626=PLANE('',#1847);
#1627=PLANE('',#1849);
#1628=PLANE('',#1850);
#1629=PLANE('',#1851);
#1630=PLANE('',#1852);
#1631=PLANE('',#1855);
#1632=PLANE('',#1856);
#1633=PLANE('',#1857);
#1634=PLANE('',#1860);
#1635=PLANE('',#1861);
#1636=PLANE('',#1862);
#1637=PLANE('',#1865);
#1638=PLANE('',#1866);
#1639=PLANE('',#1867);
#1640=PLANE('',#1870);
#1641=PLANE('',#1871);
#1642=PLANE('',#1872);
#1643=PLANE('',#1881);
#1644=ADVANCED_FACE('',(#96),#1563,.T.);
#1645=ADVANCED_FACE('',(#97),#1564,.T.);
#1646=ADVANCED_FACE('',(#98,#49,#50,#51),#1565,.T.);
#1647=ADVANCED_FACE('',(#99),#1566,.T.);
#1648=ADVANCED_FACE('',(#100),#1567,.T.);
#1649=ADVANCED_FACE('',(#101),#1568,.T.);
#1650=ADVANCED_FACE('',(#102),#1569,.T.);
#1651=ADVANCED_FACE('',(#103),#1570,.T.);
#1652=ADVANCED_FACE('',(#104),#1571,.T.);
#1653=ADVANCED_FACE('',(#105,#52),#1572,.T.);
#1654=ADVANCED_FACE('',(#106,#53),#1573,.T.);
#1655=ADVANCED_FACE('',(#107),#1574,.T.);
#1656=ADVANCED_FACE('',(#108),#1575,.T.);
#1657=ADVANCED_FACE('',(#109),#1576,.T.);
#1658=ADVANCED_FACE('',(#110),#1577,.T.);
#1659=ADVANCED_FACE('',(#111),#1578,.T.);
#1660=ADVANCED_FACE('',(#112),#1579,.T.);
#1661=ADVANCED_FACE('',(#113),#1580,.T.);
#1662=ADVANCED_FACE('',(#114),#1581,.T.);
#1663=ADVANCED_FACE('',(#115),#1582,.T.);
#1664=ADVANCED_FACE('',(#116),#1583,.T.);
#1665=ADVANCED_FACE('',(#117),#1584,.T.);
#1666=ADVANCED_FACE('',(#118),#1585,.T.);
#1667=ADVANCED_FACE('',(#119),#1586,.T.);
#1668=ADVANCED_FACE('',(#120),#1587,.T.);
#1669=ADVANCED_FACE('',(#121),#1588,.T.);
#1670=ADVANCED_FACE('',(#122),#1589,.T.);
#1671=ADVANCED_FACE('',(#123),#1590,.T.);
#1672=ADVANCED_FACE('',(#124),#1591,.T.);
#1673=ADVANCED_FACE('',(#125),#1592,.T.);
#1674=ADVANCED_FACE('',(#126),#35,.T.);
#1675=ADVANCED_FACE('',(#127),#1593,.F.);
#1676=ADVANCED_FACE('',(#128),#1594,.F.);
#1677=ADVANCED_FACE('',(#129),#1595,.F.);
#1678=ADVANCED_FACE('',(#130),#1596,.F.);
#1679=ADVANCED_FACE('',(#131),#1597,.F.);
#1680=ADVANCED_FACE('',(#132),#1598,.F.);
#1681=ADVANCED_FACE('',(#133,#54),#1599,.F.);
#1682=ADVANCED_FACE('',(#134),#1600,.T.);
#1683=ADVANCED_FACE('',(#135),#1601,.T.);
#1684=ADVANCED_FACE('',(#136),#1602,.F.);
#1685=ADVANCED_FACE('',(#137),#1603,.F.);
#1686=ADVANCED_FACE('',(#138),#1604,.F.);
#1687=ADVANCED_FACE('',(#139),#1605,.T.);
#1688=ADVANCED_FACE('',(#140),#1606,.F.);
#1689=ADVANCED_FACE('',(#141),#1607,.F.);
#1690=ADVANCED_FACE('',(#142),#1608,.F.);
#1691=ADVANCED_FACE('',(#143),#1609,.F.);
#1692=ADVANCED_FACE('',(#144),#1610,.F.);
#1693=ADVANCED_FACE('',(#145),#1611,.T.);
#1694=ADVANCED_FACE('',(#146),#36,.T.);
#1695=ADVANCED_FACE('',(#147,#55),#1612,.F.);
#1696=ADVANCED_FACE('',(#148),#1613,.T.);
#1697=ADVANCED_FACE('',(#149),#1614,.T.);
#1698=ADVANCED_FACE('',(#150),#1615,.T.);
#1699=ADVANCED_FACE('',(#151,#56),#1616,.F.);
#1700=ADVANCED_FACE('',(#152),#37,.T.);
#1701=ADVANCED_FACE('',(#153),#1617,.T.);
#1702=ADVANCED_FACE('',(#154,#57),#1618,.T.);
#1703=ADVANCED_FACE('',(#155),#38,.T.);
#1704=ADVANCED_FACE('',(#156),#1619,.T.);
#1705=ADVANCED_FACE('',(#157),#39,.T.);
#1706=ADVANCED_FACE('',(#158),#1620,.T.);
#1707=ADVANCED_FACE('',(#159),#40,.T.);
#1708=ADVANCED_FACE('',(#160),#1621,.T.);
#1709=ADVANCED_FACE('',(#161),#1622,.F.);
#1710=ADVANCED_FACE('',(#162),#1623,.F.);
#1711=ADVANCED_FACE('',(#163),#1624,.F.);
#1712=ADVANCED_FACE('',(#164,#58),#1625,.F.);
#1713=ADVANCED_FACE('',(#165),#1626,.F.);
#1714=ADVANCED_FACE('',(#166),#1627,.T.);
#1715=ADVANCED_FACE('',(#167),#1628,.T.);
#1716=ADVANCED_FACE('',(#168),#1629,.T.);
#1717=ADVANCED_FACE('',(#169),#1630,.T.);
#1718=ADVANCED_FACE('',(#170),#41,.F.);
#1719=ADVANCED_FACE('',(#171),#1631,.T.);
#1720=ADVANCED_FACE('',(#172),#1632,.T.);
#1721=ADVANCED_FACE('',(#173),#1633,.T.);
#1722=ADVANCED_FACE('',(#174),#42,.T.);
#1723=ADVANCED_FACE('',(#175),#1634,.T.);
#1724=ADVANCED_FACE('',(#176),#1635,.T.);
#1725=ADVANCED_FACE('',(#177),#1636,.T.);
#1726=ADVANCED_FACE('',(#178),#43,.T.);
#1727=ADVANCED_FACE('',(#179),#1637,.T.);
#1728=ADVANCED_FACE('',(#180),#1638,.T.);
#1729=ADVANCED_FACE('',(#181),#1639,.T.);
#1730=ADVANCED_FACE('',(#182),#44,.T.);
#1731=ADVANCED_FACE('',(#183),#1640,.T.);
#1732=ADVANCED_FACE('',(#184),#1641,.T.);
#1733=ADVANCED_FACE('',(#185),#1642,.T.);
#1734=ADVANCED_FACE('',(#186),#45,.T.);
#1735=ADVANCED_FACE('',(#187),#46,.F.);
#1736=ADVANCED_FACE('',(#188),#47,.F.);
#1737=ADVANCED_FACE('',(#189),#48,.F.);
#1738=ADVANCED_FACE('',(#190,#59,#60,#61,#62,#63),#1643,.F.);
#1739=CLOSED_SHELL('',(#1644,#1645,#1646,#1647,#1648,#1649,#1650,#1651,
#1652,#1653,#1654,#1655,#1656,#1657,#1658,#1659,#1660,#1661,#1662,#1663,
#1664,#1665,#1666,#1667,#1668,#1669,#1670,#1671,#1672,#1673,#1674,#1675,
#1676,#1677,#1678,#1679,#1680,#1681,#1682,#1683,#1684,#1685,#1686,#1687,
#1688,#1689,#1690,#1691,#1692,#1693,#1694,#1695,#1696,#1697,#1698,#1699));
#1740=CLOSED_SHELL('',(#1700,#1701,#1702,#1703,#1704,#1705,#1706,#1707,
#1708,#1709,#1710,#1711,#1712,#1713,#1714,#1715,#1716,#1717,#1718,#1719,
#1720,#1721,#1722,#1723,#1724,#1725,#1726,#1727,#1728,#1729,#1730,#1731,
#1732,#1733,#1734,#1735,#1736,#1737,#1738));
#1741=DERIVED_UNIT_ELEMENT(#1743,1.);
#1742=DERIVED_UNIT_ELEMENT(#2852,-3.);
#1743=(
MASS_UNIT()
NAMED_UNIT(*)
SI_UNIT(.KILO.,.GRAM.)
);
#1744=DERIVED_UNIT((#1741,#1742));
#1745=MEASURE_REPRESENTATION_ITEM('density measure',
POSITIVE_RATIO_MEASURE(7850.),#1744);
#1746=PROPERTY_DEFINITION_REPRESENTATION(#1751,#1748);
#1747=PROPERTY_DEFINITION_REPRESENTATION(#1752,#1749);
#1748=REPRESENTATION('material name',(#1750),#2849);
#1749=REPRESENTATION('density',(#1745),#2849);
#1750=DESCRIPTIVE_REPRESENTATION_ITEM('Steel','Steel');
#1751=PROPERTY_DEFINITION('material property','material name',#2867);
#1752=PROPERTY_DEFINITION('material property','density of part',#2867);
#1753=AXIS2_PLACEMENT_3D('',#2354,#1886,#1887);
#1754=AXIS2_PLACEMENT_3D('',#2355,#1888,#1889);
#1755=AXIS2_PLACEMENT_3D('',#2356,#1890,#1891);
#1756=AXIS2_PLACEMENT_3D('',#2365,#1896,#1897);
#1757=AXIS2_PLACEMENT_3D('',#2374,#1902,#1903);
#1758=AXIS2_PLACEMENT_3D('',#2375,#1904,#1905);
#1759=AXIS2_PLACEMENT_3D('',#2376,#1906,#1907);
#1760=AXIS2_PLACEMENT_3D('',#2401,#1920,#1921);
#1761=AXIS2_PLACEMENT_3D('',#2407,#1925,#1926);
#1762=AXIS2_PLACEMENT_3D('',#2411,#1929,#1930);
#1763=AXIS2_PLACEMENT_3D('',#2417,#1934,#1935);
#1764=AXIS2_PLACEMENT_3D('',#2421,#1938,#1939);
#1765=AXIS2_PLACEMENT_3D('',#2427,#1943,#1944);
#1766=AXIS2_PLACEMENT_3D('',#2431,#1947,#1948);
#1767=AXIS2_PLACEMENT_3D('',#2433,#1949,#1950);
#1768=AXIS2_PLACEMENT_3D('',#2434,#1951,#1952);
#1769=AXIS2_PLACEMENT_3D('',#2443,#1957,#1958);
#1770=AXIS2_PLACEMENT_3D('',#2444,#1959,#1960);
#1771=AXIS2_PLACEMENT_3D('',#2453,#1965,#1966);
#1772=AXIS2_PLACEMENT_3D('',#2459,#1970,#1971);
#1773=AXIS2_PLACEMENT_3D('',#2463,#1974,#1975);
#1774=AXIS2_PLACEMENT_3D('',#2467,#1978,#1979);
#1775=AXIS2_PLACEMENT_3D('',#2469,#1981,#1982);
#1776=AXIS2_PLACEMENT_3D('',#2470,#1983,#1984);
#1777=AXIS2_PLACEMENT_3D('',#2476,#1988,#1989);
#1778=AXIS2_PLACEMENT_3D('',#2480,#1992,#1993);
#1779=AXIS2_PLACEMENT_3D('',#2484,#1996,#1997);
#1780=AXIS2_PLACEMENT_3D('',#2486,#1999,#2000);
#1781=AXIS2_PLACEMENT_3D('',#2487,#2001,#2002);
#1782=AXIS2_PLACEMENT_3D('',#2491,#2005,#2006);
#1783=AXIS2_PLACEMENT_3D('',#2493,#2008,#2009);
#1784=AXIS2_PLACEMENT_3D('',#2494,#2010,#2011);
#1785=AXIS2_PLACEMENT_3D('',#2498,#2014,#2015);
#1786=AXIS2_PLACEMENT_3D('',#2500,#2017,#2018);
#1787=AXIS2_PLACEMENT_3D('',#2501,#2019,#2020);
#1788=AXIS2_PLACEMENT_3D('',#2505,#2023,#2024);
#1789=AXIS2_PLACEMENT_3D('',#2507,#2026,#2027);
#1790=AXIS2_PLACEMENT_3D('',#2508,#2028,#2029);
#1791=AXIS2_PLACEMENT_3D('',#2511,#2031,#2032);
#1792=AXIS2_PLACEMENT_3D('',#2512,#2033,#2034);
#1793=AXIS2_PLACEMENT_3D('',#2525,#2041,#2042);
#1794=AXIS2_PLACEMENT_3D('',#2534,#2047,#2048);
#1795=AXIS2_PLACEMENT_3D('',#2540,#2052,#2053);
#1796=AXIS2_PLACEMENT_3D('',#2546,#2057,#2058);
#1797=AXIS2_PLACEMENT_3D('',#2549,#2061,#2062);
#1798=AXIS2_PLACEMENT_3D('',#2562,#2069,#2070);
#1799=AXIS2_PLACEMENT_3D('',#2565,#2073,#2074);
#1800=AXIS2_PLACEMENT_3D('',#2574,#2079,#2080);
#1801=AXIS2_PLACEMENT_3D('',#2575,#2081,#2082);
#1802=AXIS2_PLACEMENT_3D('',#2581,#2086,#2087);
#1803=AXIS2_PLACEMENT_3D('',#2585,#2090,#2091);
#1804=AXIS2_PLACEMENT_3D('',#2589,#2094,#2095);
#1805=AXIS2_PLACEMENT_3D('',#2598,#2100,#2101);
#1806=AXIS2_PLACEMENT_3D('',#2604,#2105,#2106);
#1807=AXIS2_PLACEMENT_3D('',#2608,#2109,#2110);
#1808=AXIS2_PLACEMENT_3D('',#2612,#2113,#2114);
#1809=AXIS2_PLACEMENT_3D('',#2615,#2117,#2118);
#1810=AXIS2_PLACEMENT_3D('',#2618,#2121,#2122);
#1811=AXIS2_PLACEMENT_3D('',#2624,#2126,#2127);
#1812=AXIS2_PLACEMENT_3D('',#2626,#2128,#2129);
#1813=AXIS2_PLACEMENT_3D('',#2629,#2131,#2132);
#1814=AXIS2_PLACEMENT_3D('',#2630,#2133,#2134);
#1815=AXIS2_PLACEMENT_3D('',#2631,#2135,#2136);
#1816=AXIS2_PLACEMENT_3D('',#2637,#2140,#2141);
#1817=AXIS2_PLACEMENT_3D('',#2639,#2143,#2144);
#1818=AXIS2_PLACEMENT_3D('',#2641,#2146,#2147);
#1819=AXIS2_PLACEMENT_3D('',#2642,#2148,#2149);
#1820=AXIS2_PLACEMENT_3D('',#2645,#2150,#2151);
#1821=AXIS2_PLACEMENT_3D('',#2649,#2153,#2154);
#1822=AXIS2_PLACEMENT_3D('',#2651,#2156,#2157);
#1823=AXIS2_PLACEMENT_3D('',#2657,#2161,#2162);
#1824=AXIS2_PLACEMENT_3D('',#2661,#2164,#2165);
#1825=AXIS2_PLACEMENT_3D('',#2665,#2167,#2168);
#1826=AXIS2_PLACEMENT_3D('',#2668,#2170,#2171);
#1827=AXIS2_PLACEMENT_3D('',#2677,#2176,#2177);
#1828=AXIS2_PLACEMENT_3D('',#2680,#2179,#2180);
#1829=AXIS2_PLACEMENT_3D('',#2681,#2181,#2182);
#1830=AXIS2_PLACEMENT_3D('',#2685,#2185,#2186);
#1831=AXIS2_PLACEMENT_3D('',#2688,#2188,#2189);
#1832=AXIS2_PLACEMENT_3D('',#2689,#2190,#2191);
#1833=AXIS2_PLACEMENT_3D('',#2693,#2194,#2195);
#1834=AXIS2_PLACEMENT_3D('',#2696,#2197,#2198);
#1835=AXIS2_PLACEMENT_3D('',#2697,#2199,#2200);
#1836=AXIS2_PLACEMENT_3D('',#2699,#2202,#2203);
#1837=AXIS2_PLACEMENT_3D('',#2701,#2204,#2205);
#1838=AXIS2_PLACEMENT_3D('',#2702,#2206,#2207);
#1839=AXIS2_PLACEMENT_3D('',#2704,#2208,#2209);
#1840=AXIS2_PLACEMENT_3D('',#2705,#2210,#2211);
#1841=AXIS2_PLACEMENT_3D('',#2707,#2212,#2213);
#1842=AXIS2_PLACEMENT_3D('',#2708,#2214,#2215);
#1843=AXIS2_PLACEMENT_3D('',#2713,#2217,#2218);
#1844=AXIS2_PLACEMENT_3D('',#2721,#2222,#2223);
#1845=AXIS2_PLACEMENT_3D('',#2729,#2227,#2228);
#1846=AXIS2_PLACEMENT_3D('',#2737,#2232,#2233);
#1847=AXIS2_PLACEMENT_3D('',#2749,#2240,#2241);
#1848=AXIS2_PLACEMENT_3D('',#2751,#2242,#2243);
#1849=AXIS2_PLACEMENT_3D('',#2752,#2244,#2245);
#1850=AXIS2_PLACEMENT_3D('',#2755,#2248,#2249);
#1851=AXIS2_PLACEMENT_3D('',#2757,#2251,#2252);
#1852=AXIS2_PLACEMENT_3D('',#2759,#2254,#2255);
#1853=AXIS2_PLACEMENT_3D('',#2760,#2256,#2257);
#1854=AXIS2_PLACEMENT_3D('',#2763,#2259,#2260);
#1855=AXIS2_PLACEMENT_3D('',#2764,#2261,#2262);
#1856=AXIS2_PLACEMENT_3D('',#2770,#2266,#2267);
#1857=AXIS2_PLACEMENT_3D('',#2774,#2270,#2271);
#1858=AXIS2_PLACEMENT_3D('',#2778,#2274,#2275);
#1859=AXIS2_PLACEMENT_3D('',#2780,#2276,#2277);
#1860=AXIS2_PLACEMENT_3D('',#2782,#2279,#2280);
#1861=AXIS2_PLACEMENT_3D('',#2786,#2283,#2284);
#1862=AXIS2_PLACEMENT_3D('',#2790,#2287,#2288);
#1863=AXIS2_PLACEMENT_3D('',#2794,#2291,#2292);
#1864=AXIS2_PLACEMENT_3D('',#2796,#2293,#2294);
#1865=AXIS2_PLACEMENT_3D('',#2798,#2296,#2297);
#1866=AXIS2_PLACEMENT_3D('',#2802,#2300,#2301);
#1867=AXIS2_PLACEMENT_3D('',#2806,#2304,#2305);
#1868=AXIS2_PLACEMENT_3D('',#2810,#2308,#2309);
#1869=AXIS2_PLACEMENT_3D('',#2812,#2310,#2311);
#1870=AXIS2_PLACEMENT_3D('',#2814,#2313,#2314);
#1871=AXIS2_PLACEMENT_3D('',#2818,#2317,#2318);
#1872=AXIS2_PLACEMENT_3D('',#2822,#2321,#2322);
#1873=AXIS2_PLACEMENT_3D('',#2826,#2325,#2326);
#1874=AXIS2_PLACEMENT_3D('',#2827,#2327,#2328);
#1875=AXIS2_PLACEMENT_3D('',#2828,#2329,#2330);
#1876=AXIS2_PLACEMENT_3D('',#2831,#2332,#2333);
#1877=AXIS2_PLACEMENT_3D('',#2832,#2334,#2335);
#1878=AXIS2_PLACEMENT_3D('',#2835,#2337,#2338);
#1879=AXIS2_PLACEMENT_3D('',#2836,#2339,#2340);
#1880=AXIS2_PLACEMENT_3D('',#2839,#2342,#2343);
#1881=AXIS2_PLACEMENT_3D('',#2840,#2344,#2345);
#1882=AXIS2_PLACEMENT_3D('',#2841,#2346,#2347);
#1883=AXIS2_PLACEMENT_3D('',#2842,#2348,#2349);
#1884=AXIS2_PLACEMENT_3D('',#2843,#2350,#2351);
#1885=AXIS2_PLACEMENT_3D('',#2844,#2352,#2353);
#1886=DIRECTION('axis',(0.,0.,1.));
#1887=DIRECTION('refdir',(1.,0.,0.));
#1888=DIRECTION('axis',(0.,0.,1.));
#1889=DIRECTION('refdir',(1.,0.,0.));
#1890=DIRECTION('center_axis',(-1.,0.,0.));
#1891=DIRECTION('ref_axis',(0.,0.,-1.));
#1892=DIRECTION('',(0.,0.,1.));
#1893=DIRECTION('',(0.,-1.,0.));
#1894=DIRECTION('',(0.,0.,-1.));
#1895=DIRECTION('',(0.,-1.,0.));
#1896=DIRECTION('center_axis',(1.,0.,0.));
#1897=DIRECTION('ref_axis',(0.,0.,1.));
#1898=DIRECTION('',(0.,0.,-1.));
#1899=DIRECTION('',(0.,-1.,0.));
#1900=DIRECTION('',(0.,0.,1.));
#1901=DIRECTION('',(0.,-1.,0.));
#1902=DIRECTION('center_axis',(0.,-1.,0.));
#1903=DIRECTION('ref_axis',(1.,0.,0.));
#1904=DIRECTION('center_axis',(0.,-1.,0.));
#1905=DIRECTION('ref_axis',(1.,0.,0.));
#1906=DIRECTION('center_axis',(0.,-1.,0.));
#1907=DIRECTION('ref_axis',(1.,0.,0.));
#1908=DIRECTION('',(0.,0.,-1.));
#1909=DIRECTION('',(-1.,0.,0.));
#1910=DIRECTION('',(0.,0.,1.));
#1911=DIRECTION('',(1.,0.,0.));
#1912=DIRECTION('',(0.,0.,1.));
#1913=DIRECTION('',(1.,0.,0.));
#1914=DIRECTION('',(0.,0.,-1.));
#1915=DIRECTION('',(-1.,0.,0.));
#1916=DIRECTION('',(1.,0.,0.));
#1917=DIRECTION('',(0.,0.,-1.));
#1918=DIRECTION('',(-1.,0.,0.));
#1919=DIRECTION('',(0.,0.,1.));
#1920=DIRECTION('center_axis',(0.,0.,1.));
#1921=DIRECTION('ref_axis',(-1.,0.,0.));
#1922=DIRECTION('',(0.,-1.,0.));
#1923=DIRECTION('',(-1.,0.,0.));
#1924=DIRECTION('',(0.,-1.,0.));
#1925=DIRECTION('center_axis',(-1.,0.,0.));
#1926=DIRECTION('ref_axis',(0.,0.,-1.));
#1927=DIRECTION('',(0.,-1.,0.));
#1928=DIRECTION('',(0.,0.,-1.));
#1929=DIRECTION('center_axis',(-1.,0.,0.));
#1930=DIRECTION('ref_axis',(0.,0.,-1.));
#1931=DIRECTION('',(0.,-1.,0.));
#1932=DIRECTION('',(0.,0.,-1.));
#1933=DIRECTION('',(0.,-1.,0.));
#1934=DIRECTION('center_axis',(0.,0.,-1.));
#1935=DIRECTION('ref_axis',(1.,0.,0.));
#1936=DIRECTION('',(0.,-1.,0.));
#1937=DIRECTION('',(1.,0.,0.));
#1938=DIRECTION('center_axis',(1.,0.,0.));
#1939=DIRECTION('ref_axis',(0.,0.,1.));
#1940=DIRECTION('',(0.,-1.,0.));
#1941=DIRECTION('',(0.,0.,1.));
#1942=DIRECTION('',(0.,-1.,0.));
#1943=DIRECTION('center_axis',(0.,0.,1.));
#1944=DIRECTION('ref_axis',(-1.,0.,0.));
#1945=DIRECTION('',(0.,-1.,0.));
#1946=DIRECTION('',(-1.,0.,0.));
#1947=DIRECTION('center_axis',(0.,-1.,0.));
#1948=DIRECTION('ref_axis',(1.,0.,0.));
#1949=DIRECTION('center_axis',(0.,-1.,0.));
#1950=DIRECTION('ref_axis',(1.,0.,0.));
#1951=DIRECTION('center_axis',(0.,-1.,0.));
#1952=DIRECTION('ref_axis',(1.,0.,0.));
#1953=DIRECTION('',(-1.,0.,0.));
#1954=DIRECTION('',(0.,0.,1.));
#1955=DIRECTION('',(1.,0.,0.));
#1956=DIRECTION('',(0.,0.,-1.));
#1957=DIRECTION('center_axis',(0.,-1.,0.));
#1958=DIRECTION('ref_axis',(1.,0.,0.));
#1959=DIRECTION('center_axis',(0.,-1.,0.));
#1960=DIRECTION('ref_axis',(1.,0.,0.));
#1961=DIRECTION('',(-1.,0.,0.));
#1962=DIRECTION('',(0.,0.,1.));
#1963=DIRECTION('',(1.,0.,2.77555756156289E-15));
#1964=DIRECTION('',(0.,0.,-1.));
#1965=DIRECTION('center_axis',(0.,0.,-1.));
#1966=DIRECTION('ref_axis',(1.,0.,0.));
#1967=DIRECTION('',(0.,-1.,0.));
#1968=DIRECTION('',(1.,0.,0.));
#1969=DIRECTION('',(0.,-1.,0.));
#1970=DIRECTION('center_axis',(-1.,0.,0.));
#1971=DIRECTION('ref_axis',(0.,0.,-1.));
#1972=DIRECTION('',(0.,0.,-1.));
#1973=DIRECTION('',(0.,-1.,0.));
#1974=DIRECTION('center_axis',(-2.77555756156289E-15,0.,1.));
#1975=DIRECTION('ref_axis',(-1.,0.,-2.77555756156289E-15));
#1976=DIRECTION('',(-1.,0.,-2.77555756156289E-15));
#1977=DIRECTION('',(0.,-1.,0.));
#1978=DIRECTION('center_axis',(1.,0.,0.));
#1979=DIRECTION('ref_axis',(0.,0.,1.));
#1980=DIRECTION('',(0.,0.,1.));
#1981=DIRECTION('center_axis',(0.,-1.,0.));
#1982=DIRECTION('ref_axis',(0.,0.,-1.));
#1983=DIRECTION('center_axis',(0.,0.,-1.));
#1984=DIRECTION('ref_axis',(1.,0.,0.));
#1985=DIRECTION('',(0.,-1.,0.));
#1986=DIRECTION('',(1.,0.,0.));
#1987=DIRECTION('',(0.,-1.,0.));
#1988=DIRECTION('center_axis',(-1.,0.,0.));
#1989=DIRECTION('ref_axis',(0.,0.,-1.));
#1990=DIRECTION('',(0.,0.,-1.));
#1991=DIRECTION('',(0.,-1.,0.));
#1992=DIRECTION('center_axis',(0.,0.,1.));
#1993=DIRECTION('ref_axis',(-1.,0.,0.));
#1994=DIRECTION('',(-1.,0.,0.));
#1995=DIRECTION('',(0.,-1.,0.));
#1996=DIRECTION('center_axis',(1.,0.,0.));
#1997=DIRECTION('ref_axis',(0.,0.,1.));
#1998=DIRECTION('',(0.,0.,1.));
#1999=DIRECTION('center_axis',(0.,-1.,0.));
#2000=DIRECTION('ref_axis',(0.,0.,-1.));
#2001=DIRECTION('center_axis',(1.,0.,0.));
#2002=DIRECTION('ref_axis',(0.,0.,1.));
#2003=DIRECTION('',(0.,0.,1.));
#2004=DIRECTION('',(0.,-1.,0.));
#2005=DIRECTION('center_axis',(0.,0.,-1.));
#2006=DIRECTION('ref_axis',(1.,0.,0.));
#2007=DIRECTION('',(1.,0.,0.));
#2008=DIRECTION('center_axis',(0.,-1.,0.));
#2009=DIRECTION('ref_axis',(0.,0.,-1.));
#2010=DIRECTION('center_axis',(0.,0.,1.));
#2011=DIRECTION('ref_axis',(-1.,0.,0.));
#2012=DIRECTION('',(-1.,0.,0.));
#2013=DIRECTION('',(0.,-1.,0.));
#2014=DIRECTION('center_axis',(1.,0.,0.));
#2015=DIRECTION('ref_axis',(0.,0.,1.));
#2016=DIRECTION('',(0.,0.,1.));
#2017=DIRECTION('center_axis',(0.,-1.,0.));
#2018=DIRECTION('ref_axis',(0.,0.,-1.));
#2019=DIRECTION('center_axis',(0.,0.,-1.));
#2020=DIRECTION('ref_axis',(1.,0.,0.));
#2021=DIRECTION('',(1.,0.,0.));
#2022=DIRECTION('',(0.,-1.,0.));
#2023=DIRECTION('center_axis',(-1.,0.,0.));
#2024=DIRECTION('ref_axis',(0.,0.,-1.));
#2025=DIRECTION('',(0.,0.,-1.));
#2026=DIRECTION('center_axis',(0.,-1.,0.));
#2027=DIRECTION('ref_axis',(0.,0.,-1.));
#2028=DIRECTION('center_axis',(0.,-1.,0.));
#2029=DIRECTION('ref_axis',(1.,0.,0.));
#2030=DIRECTION('',(0.,1.,0.));
#2031=DIRECTION('center_axis',(0.,1.,0.));
#2032=DIRECTION('ref_axis',(1.,0.,0.));
#2033=DIRECTION('center_axis',(0.,0.,1.));
#2034=DIRECTION('ref_axis',(-1.,0.,0.));
#2035=DIRECTION('',(-0.707106781186547,-0.707106781186547,0.));
#2036=DIRECTION('',(0.,-1.,0.));
#2037=DIRECTION('',(-1.,0.,0.));
#2038=DIRECTION('',(0.,-1.,0.));
#2039=DIRECTION('',(-0.707106781186547,0.707106781186547,0.));
#2040=DIRECTION('',(-1.,0.,0.));
#2041=DIRECTION('center_axis',(1.,0.,0.));
#2042=DIRECTION('ref_axis',(0.,0.,1.));
#2043=DIRECTION('',(0.,0.,1.));
#2044=DIRECTION('',(0.,-1.,0.));
#2045=DIRECTION('',(0.,0.,1.));
#2046=DIRECTION('',(0.,-1.,0.));
#2047=DIRECTION('center_axis',(0.,0.,1.));
#2048=DIRECTION('ref_axis',(-1.,0.,0.));
#2049=DIRECTION('',(-1.,0.,0.));
#2050=DIRECTION('',(0.,-1.,0.));
#2051=DIRECTION('',(-1.,0.,0.));
#2052=DIRECTION('center_axis',(-1.,0.,0.));
#2053=DIRECTION('ref_axis',(0.,0.,-1.));
#2054=DIRECTION('',(0.,0.,-1.));
#2055=DIRECTION('',(0.,-1.,0.));
#2056=DIRECTION('',(0.,0.,-1.));
#2057=DIRECTION('center_axis',(0.,0.,-1.));
#2058=DIRECTION('ref_axis',(1.,0.,0.));
#2059=DIRECTION('',(1.,0.,0.));
#2060=DIRECTION('',(1.,0.,0.));
#2061=DIRECTION('center_axis',(0.,0.,-1.));
#2062=DIRECTION('ref_axis',(1.,0.,0.));
#2063=DIRECTION('',(0.707106781186547,0.707106781186547,0.));
#2064=DIRECTION('',(1.,0.,0.));
#2065=DIRECTION('',(0.707106781186547,-0.707106781186547,0.));
#2066=DIRECTION('',(0.,-1.,0.));
#2067=DIRECTION('',(1.,0.,0.));
#2068=DIRECTION('',(0.,-1.,0.));
#2069=DIRECTION('center_axis',(0.,-1.,0.));
#2070=DIRECTION('ref_axis',(0.,0.,-1.));
#2071=DIRECTION('',(0.,0.,1.));
#2072=DIRECTION('',(0.,0.,-1.));
#2073=DIRECTION('center_axis',(0.,1.,0.));
#2074=DIRECTION('ref_axis',(0.,0.,1.));
#2075=DIRECTION('',(0.,0.,-1.));
#2076=DIRECTION('',(-1.,0.,0.));
#2077=DIRECTION('',(0.,0.,1.));
#2078=DIRECTION('',(1.,0.,0.));
#2079=DIRECTION('center_axis',(0.,1.,0.));
#2080=DIRECTION('ref_axis',(0.,0.,1.));
#2081=DIRECTION('center_axis',(0.,-1.,0.));
#2082=DIRECTION('ref_axis',(1.,0.,0.));
#2083=DIRECTION('',(1.,0.,0.));
#2084=DIRECTION('',(0.,0.,1.));
#2085=DIRECTION('',(0.,0.,1.));
#2086=DIRECTION('center_axis',(-0.707106781186548,-0.707106781186548,0.));
#2087=DIRECTION('ref_axis',(0.707106781186548,-0.707106781186548,0.));
#2088=DIRECTION('',(0.707106781186548,-0.707106781186548,0.));
#2089=DIRECTION('',(0.,0.,1.));
#2090=DIRECTION('center_axis',(0.707106781186548,-0.707106781186548,0.));
#2091=DIRECTION('ref_axis',(0.707106781186548,0.707106781186548,0.));
#2092=DIRECTION('',(0.707106781186548,0.707106781186548,0.));
#2093=DIRECTION('',(0.,0.,1.));
#2094=DIRECTION('center_axis',(0.,1.,0.));
#2095=DIRECTION('ref_axis',(0.,0.,1.));
#2096=DIRECTION('',(0.,0.,1.));
#2097=DIRECTION('',(1.,0.,0.));
#2098=DIRECTION('',(0.,0.,-1.));
#2099=DIRECTION('',(-1.,0.,0.));
#2100=DIRECTION('center_axis',(-0.707106781186548,-0.707106781186548,0.));
#2101=DIRECTION('ref_axis',(-0.707106781186548,0.707106781186548,0.));
#2102=DIRECTION('',(-0.707106781186548,0.707106781186548,0.));
#2103=DIRECTION('',(0.,0.,-1.));
#2104=DIRECTION('',(0.,0.,-1.));
#2105=DIRECTION('center_axis',(0.,-1.,0.));
#2106=DIRECTION('ref_axis',(-1.,0.,0.));
#2107=DIRECTION('',(-1.,0.,0.));
#2108=DIRECTION('',(0.,0.,-1.));
#2109=DIRECTION('center_axis',(0.707106781186548,-0.707106781186548,0.));
#2110=DIRECTION('ref_axis',(-0.707106781186548,-0.707106781186548,0.));
#2111=DIRECTION('',(-0.707106781186548,-0.707106781186548,0.));
#2112=DIRECTION('',(0.,0.,-1.));
#2113=DIRECTION('center_axis',(1.,0.,0.));
#2114=DIRECTION('ref_axis',(0.,-1.,0.));
#2115=DIRECTION('',(0.,-1.,0.));
#2116=DIRECTION('',(0.,1.,0.));
#2117=DIRECTION('center_axis',(-1.,0.,0.));
#2118=DIRECTION('ref_axis',(0.,1.,0.));
#2119=DIRECTION('',(0.,1.,0.));
#2120=DIRECTION('',(0.,-1.,0.));
#2121=DIRECTION('center_axis',(0.,0.,1.));
#2122=DIRECTION('ref_axis',(1.,0.,0.));
#2123=DIRECTION('',(0.,1.,0.));
#2124=DIRECTION('',(1.,0.,0.));
#2125=DIRECTION('',(0.,1.,0.));
#2126=DIRECTION('center_axis',(0.,-1.,0.));
#2127=DIRECTION('ref_axis',(1.,0.,0.));
#2128=DIRECTION('center_axis',(0.,-1.,0.));
#2129=DIRECTION('ref_axis',(1.,0.,0.));
#2130=DIRECTION('',(0.,1.,0.));
#2131=DIRECTION('center_axis',(0.,1.,0.));
#2132=DIRECTION('ref_axis',(1.,0.,0.));
#2133=DIRECTION('center_axis',(0.,1.,0.));
#2134=DIRECTION('ref_axis',(1.,0.,0.));
#2135=DIRECTION('center_axis',(0.,0.,-1.));
#2136=DIRECTION('ref_axis',(-1.,0.,0.));
#2137=DIRECTION('',(0.,1.,0.));
#2138=DIRECTION('',(-1.,0.,0.));
#2139=DIRECTION('',(0.,1.,0.));
#2140=DIRECTION('center_axis',(1.,0.,0.));
#2141=DIRECTION('ref_axis',(0.,0.,-1.));
#2142=DIRECTION('',(0.,0.,-1.));
#2143=DIRECTION('center_axis',(-1.,0.,0.));
#2144=DIRECTION('ref_axis',(0.,0.,1.));
#2145=DIRECTION('',(0.,0.,1.));
#2146=DIRECTION('center_axis',(0.,1.,0.));
#2147=DIRECTION('ref_axis',(1.,0.,0.));
#2148=DIRECTION('center_axis',(0.,1.,0.));
#2149=DIRECTION('ref_axis',(-0.707106781186549,0.,-0.707106781186546));
#2150=DIRECTION('center_axis',(0.,-1.,0.));
#2151=DIRECTION('ref_axis',(-0.707106781186549,0.,-0.707106781186546));
#2152=DIRECTION('',(0.,-1.,0.));
#2153=DIRECTION('center_axis',(0.,1.,0.));
#2154=DIRECTION('ref_axis',(-0.707106781186549,0.,-0.707106781186546));
#2155=DIRECTION('',(0.,1.,0.));
#2156=DIRECTION('center_axis',(0.,0.,-1.));
#2157=DIRECTION('ref_axis',(-1.,0.,0.));
#2158=DIRECTION('',(-1.,0.,0.));
#2159=DIRECTION('',(0.,1.,0.));
#2160=DIRECTION('',(1.,0.,0.));
#2161=DIRECTION('center_axis',(0.,1.,0.));
#2162=DIRECTION('ref_axis',(0.,0.,1.));
#2163=DIRECTION('',(0.,0.,1.));
#2164=DIRECTION('center_axis',(0.,-1.,0.));
#2165=DIRECTION('ref_axis',(-0.707106781186547,0.,0.707106781186548));
#2166=DIRECTION('',(1.,0.,0.));
#2167=DIRECTION('center_axis',(0.,-1.,0.));
#2168=DIRECTION('ref_axis',(0.707106781186549,0.,0.707106781186546));
#2169=DIRECTION('',(0.,0.,-1.));
#2170=DIRECTION('center_axis',(0.,-1.,0.));
#2171=DIRECTION('ref_axis',(0.707106781186544,0.,-0.707106781186551));
#2172=DIRECTION('',(-5.07530525542929E-16,0.,1.));
#2173=DIRECTION('',(-1.,0.,0.));
#2174=DIRECTION('',(3.80647894157197E-16,0.,-1.));
#2175=DIRECTION('',(1.,0.,5.07530525542929E-16));
#2176=DIRECTION('center_axis',(0.,1.,0.));
#2177=DIRECTION('ref_axis',(0.707106781186544,0.,-0.707106781186551));
#2178=DIRECTION('',(0.,-1.,0.));
#2179=DIRECTION('center_axis',(0.,1.,0.));
#2180=DIRECTION('ref_axis',(0.707106781186544,0.,-0.707106781186551));
#2181=DIRECTION('center_axis',(1.,0.,0.));
#2182=DIRECTION('ref_axis',(0.,0.,-1.));
#2183=DIRECTION('',(0.,1.,0.));
#2184=DIRECTION('',(0.,0.,1.));
#2185=DIRECTION('center_axis',(0.,1.,0.));
#2186=DIRECTION('ref_axis',(0.707106781186549,0.,0.707106781186546));
#2187=DIRECTION('',(0.,-1.,0.));
#2188=DIRECTION('center_axis',(0.,1.,0.));
#2189=DIRECTION('ref_axis',(0.707106781186549,0.,0.707106781186546));
#2190=DIRECTION('center_axis',(0.,0.,1.));
#2191=DIRECTION('ref_axis',(1.,0.,0.));
#2192=DIRECTION('',(0.,1.,0.));
#2193=DIRECTION('',(-1.,0.,0.));
#2194=DIRECTION('center_axis',(0.,1.,0.));
#2195=DIRECTION('ref_axis',(-0.707106781186547,0.,0.707106781186548));
#2196=DIRECTION('',(0.,-1.,0.));
#2197=DIRECTION('center_axis',(0.,1.,0.));
#2198=DIRECTION('ref_axis',(-0.707106781186547,0.,0.707106781186548));
#2199=DIRECTION('center_axis',(-1.,0.,0.));
#2200=DIRECTION('ref_axis',(0.,0.,1.));
#2201=DIRECTION('',(0.,0.,-1.));
#2202=DIRECTION('center_axis',(0.,1.,0.));
#2203=DIRECTION('ref_axis',(-1.,0.,0.));
#2204=DIRECTION('center_axis',(0.,-1.,0.));
#2205=DIRECTION('ref_axis',(1.,0.,0.));
#2206=DIRECTION('center_axis',(0.,1.,0.));
#2207=DIRECTION('ref_axis',(-1.,0.,0.));
#2208=DIRECTION('center_axis',(0.,-1.,0.));
#2209=DIRECTION('ref_axis',(1.,0.,0.));
#2210=DIRECTION('center_axis',(0.,1.,0.));
#2211=DIRECTION('ref_axis',(-1.,0.,0.));
#2212=DIRECTION('center_axis',(0.,-1.,0.));
#2213=DIRECTION('ref_axis',(1.,0.,0.));
#2214=DIRECTION('center_axis',(0.,1.,0.));
#2215=DIRECTION('ref_axis',(-1.,0.,0.));
#2216=DIRECTION('',(0.,0.,1.));
#2217=DIRECTION('center_axis',(0.,1.,0.));
#2218=DIRECTION('ref_axis',(-1.,0.,0.));
#2219=DIRECTION('',(1.,0.,0.));
#2220=DIRECTION('',(0.,0.,1.));
#2221=DIRECTION('',(-1.,0.,3.70074394848921E-16));
#2222=DIRECTION('center_axis',(0.,1.,0.));
#2223=DIRECTION('ref_axis',(0.,0.,-1.));
#2224=DIRECTION('',(0.,0.,1.));
#2225=DIRECTION('',(-1.,0.,0.));
#2226=DIRECTION('',(0.,0.,-1.));
#2227=DIRECTION('center_axis',(0.,1.,0.));
#2228=DIRECTION('ref_axis',(1.,0.,0.));
#2229=DIRECTION('',(-1.,0.,0.));
#2230=DIRECTION('',(0.,0.,-1.));
#2231=DIRECTION('',(1.,0.,0.));
#2232=DIRECTION('center_axis',(0.,1.,0.));
#2233=DIRECTION('ref_axis',(0.,0.,1.));
#2234=DIRECTION('',(-3.70074394848921E-16,0.,-1.));
#2235=DIRECTION('',(1.,0.,0.));
#2236=DIRECTION('',(-5.07530525542929E-16,0.,1.));
#2237=DIRECTION('',(1.,0.,5.07530525542929E-16));
#2238=DIRECTION('',(3.80647894157197E-16,0.,-1.));
#2239=DIRECTION('',(-1.,0.,0.));
#2240=DIRECTION('center_axis',(0.,1.,0.));
#2241=DIRECTION('ref_axis',(-1.,0.,0.));
#2242=DIRECTION('center_axis',(0.,-1.,0.));
#2243=DIRECTION('ref_axis',(1.,0.,0.));
#2244=DIRECTION('center_axis',(-5.07530525542929E-16,0.,1.));
#2245=DIRECTION('ref_axis',(1.,0.,5.07530525542929E-16));
#2246=DIRECTION('',(0.,1.,0.));
#2247=DIRECTION('',(0.,1.,0.));
#2248=DIRECTION('center_axis',(1.,0.,3.80647894157197E-16));
#2249=DIRECTION('ref_axis',(3.80647894157197E-16,0.,-1.));
#2250=DIRECTION('',(0.,1.,0.));
#2251=DIRECTION('center_axis',(0.,0.,-1.));
#2252=DIRECTION('ref_axis',(-1.,0.,0.));
#2253=DIRECTION('',(0.,1.,0.));
#2254=DIRECTION('center_axis',(-1.,0.,-5.07530525542929E-16));
#2255=DIRECTION('ref_axis',(-5.07530525542929E-16,0.,1.));
#2256=DIRECTION('center_axis',(0.,1.,0.));
#2257=DIRECTION('ref_axis',(1.,0.,0.));
#2258=DIRECTION('',(0.,-1.,0.));
#2259=DIRECTION('center_axis',(0.,-1.,0.));
#2260=DIRECTION('ref_axis',(1.,0.,0.));
#2261=DIRECTION('center_axis',(-1.,0.,0.));
#2262=DIRECTION('ref_axis',(0.,0.,1.));
#2263=DIRECTION('',(0.,0.,1.));
#2264=DIRECTION('',(0.,1.,0.));
#2265=DIRECTION('',(0.,1.,0.));
#2266=DIRECTION('center_axis',(0.,0.,1.));
#2267=DIRECTION('ref_axis',(1.,0.,0.));
#2268=DIRECTION('',(1.,0.,0.));
#2269=DIRECTION('',(0.,1.,0.));
#2270=DIRECTION('center_axis',(1.,0.,-3.70074394848921E-16));
#2271=DIRECTION('ref_axis',(-3.70074394848921E-16,0.,-1.));
#2272=DIRECTION('',(-3.70074394848921E-16,0.,-1.));
#2273=DIRECTION('',(0.,1.,0.));
#2274=DIRECTION('center_axis',(0.,1.,0.));
#2275=DIRECTION('ref_axis',(0.,0.,1.));
#2276=DIRECTION('center_axis',(0.,1.,0.));
#2277=DIRECTION('ref_axis',(0.,0.,1.));
#2278=DIRECTION('',(0.,1.,0.));
#2279=DIRECTION('center_axis',(0.,0.,1.));
#2280=DIRECTION('ref_axis',(1.,0.,0.));
#2281=DIRECTION('',(1.,0.,0.));
#2282=DIRECTION('',(0.,1.,0.));
#2283=DIRECTION('center_axis',(1.,0.,0.));
#2284=DIRECTION('ref_axis',(0.,0.,-1.));
#2285=DIRECTION('',(0.,0.,-1.));
#2286=DIRECTION('',(0.,1.,0.));
#2287=DIRECTION('center_axis',(0.,0.,-1.));
#2288=DIRECTION('ref_axis',(-1.,0.,0.));
#2289=DIRECTION('',(-1.,0.,0.));
#2290=DIRECTION('',(0.,1.,0.));
#2291=DIRECTION('center_axis',(0.,1.,0.));
#2292=DIRECTION('ref_axis',(1.,0.,0.));
#2293=DIRECTION('center_axis',(0.,1.,0.));
#2294=DIRECTION('ref_axis',(1.,0.,0.));
#2295=DIRECTION('',(0.,1.,0.));
#2296=DIRECTION('center_axis',(1.,0.,0.));
#2297=DIRECTION('ref_axis',(0.,0.,-1.));
#2298=DIRECTION('',(0.,0.,-1.));
#2299=DIRECTION('',(0.,1.,0.));
#2300=DIRECTION('center_axis',(0.,0.,-1.));
#2301=DIRECTION('ref_axis',(-1.,0.,0.));
#2302=DIRECTION('',(-1.,0.,0.));
#2303=DIRECTION('',(0.,1.,0.));
#2304=DIRECTION('center_axis',(-1.,0.,0.));
#2305=DIRECTION('ref_axis',(0.,0.,1.));
#2306=DIRECTION('',(0.,0.,1.));
#2307=DIRECTION('',(0.,1.,0.));
#2308=DIRECTION('center_axis',(0.,1.,0.));
#2309=DIRECTION('ref_axis',(0.,0.,-1.));
#2310=DIRECTION('center_axis',(0.,1.,0.));
#2311=DIRECTION('ref_axis',(0.,0.,-1.));
#2312=DIRECTION('',(0.,1.,0.));
#2313=DIRECTION('center_axis',(-3.70074394848921E-16,0.,-1.));
#2314=DIRECTION('ref_axis',(-1.,0.,3.70074394848921E-16));
#2315=DIRECTION('',(-1.,0.,3.70074394848921E-16));
#2316=DIRECTION('',(0.,1.,0.));
#2317=DIRECTION('center_axis',(-1.,0.,0.));
#2318=DIRECTION('ref_axis',(0.,0.,1.));
#2319=DIRECTION('',(0.,0.,1.));
#2320=DIRECTION('',(0.,1.,0.));
#2321=DIRECTION('center_axis',(0.,0.,1.));
#2322=DIRECTION('ref_axis',(1.,0.,0.));
#2323=DIRECTION('',(1.,0.,0.));
#2324=DIRECTION('',(0.,1.,0.));
#2325=DIRECTION('center_axis',(0.,1.,0.));
#2326=DIRECTION('ref_axis',(-1.,0.,0.));
#2327=DIRECTION('center_axis',(0.,1.,0.));
#2328=DIRECTION('ref_axis',(-1.,0.,0.));
#2329=DIRECTION('center_axis',(0.,1.,0.));
#2330=DIRECTION('ref_axis',(1.,0.,0.));
#2331=DIRECTION('',(0.,-1.,0.));
#2332=DIRECTION('center_axis',(0.,-1.,0.));
#2333=DIRECTION('ref_axis',(1.,0.,0.));
#2334=DIRECTION('center_axis',(0.,1.,0.));
#2335=DIRECTION('ref_axis',(1.,0.,0.));
#2336=DIRECTION('',(0.,-1.,0.));
#2337=DIRECTION('center_axis',(0.,-1.,0.));
#2338=DIRECTION('ref_axis',(1.,0.,0.));
#2339=DIRECTION('center_axis',(0.,1.,0.));
#2340=DIRECTION('ref_axis',(1.,0.,0.));
#2341=DIRECTION('',(0.,-1.,0.));
#2342=DIRECTION('center_axis',(0.,-1.,0.));
#2343=DIRECTION('ref_axis',(1.,0.,0.));
#2344=DIRECTION('center_axis',(0.,1.,0.));
#2345=DIRECTION('ref_axis',(1.,0.,0.));
#2346=DIRECTION('',(0.,1.44328993201271E-15,1.));
#2347=DIRECTION('',(1.,0.,0.));
#2348=DIRECTION('',(0.,1.44328993201271E-15,1.));
#2349=DIRECTION('',(1.,0.,0.));
#2350=DIRECTION('',(0.,1.44328993201271E-15,1.));
#2351=DIRECTION('',(1.,0.,0.));
#2352=DIRECTION('',(0.,1.44328993201271E-15,1.));
#2353=DIRECTION('',(1.,0.,0.));
#2354=CARTESIAN_POINT('',(0.,0.,0.));
#2355=CARTESIAN_POINT('',(0.,0.,0.));
#2356=CARTESIAN_POINT('Origin',(4.60000002235174,-22.,-2.92628635944809));
#2357=CARTESIAN_POINT('',(4.60000002235174,-22.,-15.0737139087728));
#2358=CARTESIAN_POINT('',(4.60000002235174,-22.,-2.92628635944809));
#2359=CARTESIAN_POINT('',(4.60000002235174,-22.,-5.96314324677927));
#2360=CARTESIAN_POINT('',(4.60000002235174,-22.7,-15.0737139087728));
#2361=CARTESIAN_POINT('',(4.60000002235174,-22.,-15.0737139087728));
#2362=CARTESIAN_POINT('',(4.60000002235174,-22.7,-2.92628635944809));
#2363=CARTESIAN_POINT('',(4.60000002235174,-22.7,-16.5000001341105));
#2364=CARTESIAN_POINT('',(4.60000002235174,-22.,-2.92628635944809));
#2365=CARTESIAN_POINT('Origin',(7.60000002235174,-22.,-16.368174920791));
#2366=CARTESIAN_POINT('',(7.60000002235174,-22.,-1.63182534742986));
#2367=CARTESIAN_POINT('',(7.60000002235174,-22.,-16.368174920791));
#2368=CARTESIAN_POINT('',(7.60000002235174,-22.,-12.6840875274507));
#2369=CARTESIAN_POINT('',(7.60000002235174,-22.7,-1.63182534742986));
#2370=CARTESIAN_POINT('',(7.60000002235174,-22.,-1.63182534742986));
#2371=CARTESIAN_POINT('',(7.60000002235174,-22.7,-16.368174920791));
#2372=CARTESIAN_POINT('',(7.60000002235174,-22.7,-1.50000013411045));
#2373=CARTESIAN_POINT('',(7.60000002235174,-22.,-16.368174920791));
#2374=CARTESIAN_POINT('Origin',(6.10000002235174,-22.7,-9.00000013411045));
#2375=CARTESIAN_POINT('Origin',(9.00000013411045,-22.7,-9.00000013411045));
#2376=CARTESIAN_POINT('Origin',(9.00000013411045,-22.7,-9.00000013411045));
#2377=CARTESIAN_POINT('',(5.90000002235174,-22.7,-2.75000013411045));
#2378=CARTESIAN_POINT('',(5.90000002235174,-22.7,-5.45000013411045));
#2379=CARTESIAN_POINT('',(5.90000002235174,-22.7,-5.87500013411045));
#2380=CARTESIAN_POINT('',(6.30000002235174,-22.7,-2.75000013411045));
#2381=CARTESIAN_POINT('',(6.20000002235174,-22.7,-2.75000013411045));
#2382=CARTESIAN_POINT('',(6.30000002235174,-22.7,-5.45000013411045));
#2383=CARTESIAN_POINT('',(6.30000002235174,-22.7,-7.22500013411045));
#2384=CARTESIAN_POINT('',(6.00000002235174,-22.7,-5.45000013411045));
#2385=CARTESIAN_POINT('',(6.30000002235174,-22.7,-10.3500001341105));
#2386=CARTESIAN_POINT('',(6.30000002235174,-22.7,-7.65000013411045));
#2387=CARTESIAN_POINT('',(6.30000002235174,-22.7,-9.67500013411045));
#2388=CARTESIAN_POINT('',(5.90000002235174,-22.7,-10.3500001341105));
#2389=CARTESIAN_POINT('',(6.00000002235174,-22.7,-10.3500001341105));
#2390=CARTESIAN_POINT('',(5.90000002235174,-22.7,-7.65000013411045));
#2391=CARTESIAN_POINT('',(5.90000002235174,-22.7,-8.32500013411045));
#2392=CARTESIAN_POINT('',(6.20000002235174,-22.7,-7.65000013411045));
#2393=CARTESIAN_POINT('',(5.90000002235174,-22.7,-15.2500001341105));
#2394=CARTESIAN_POINT('',(6.30000002235174,-22.7,-15.2500001341105));
#2395=CARTESIAN_POINT('',(6.00000002235174,-22.7,-15.2500001341105));
#2396=CARTESIAN_POINT('',(5.90000002235174,-22.7,-12.5500001341105));
#2397=CARTESIAN_POINT('',(5.90000002235174,-22.7,-10.7750001341105));
#2398=CARTESIAN_POINT('',(6.30000002235174,-22.7,-12.5500001341105));
#2399=CARTESIAN_POINT('',(6.20000002235174,-22.7,-12.5500001341105));
#2400=CARTESIAN_POINT('',(6.30000002235174,-22.7,-12.1250001341105));
#2401=CARTESIAN_POINT('Origin',(6.30000002235174,-22.,-12.5500001341105));
#2402=CARTESIAN_POINT('',(5.90000002235174,-30.,-12.5500001341105));
#2403=CARTESIAN_POINT('',(5.90000002235174,-22.,-12.5500001341105));
#2404=CARTESIAN_POINT('',(6.30000002235174,-30.,-12.5500001341105));
#2405=CARTESIAN_POINT('',(5.90000002235174,-30.,-12.5500001341105));
#2406=CARTESIAN_POINT('',(6.30000002235174,-22.,-12.5500001341105));
#2407=CARTESIAN_POINT('Origin',(5.90000002235174,-22.,-12.5500001341105));
#2408=CARTESIAN_POINT('',(5.90000002235174,-30.,-15.2500001341105));
#2409=CARTESIAN_POINT('',(5.90000002235174,-22.,-15.2500001341105));
#2410=CARTESIAN_POINT('',(5.90000002235174,-30.,-15.2500001341105));
#2411=CARTESIAN_POINT('Origin',(5.90000002235174,-22.,-7.65000013411045));
#2412=CARTESIAN_POINT('',(5.90000002235174,-30.,-10.3500001341105));
#2413=CARTESIAN_POINT('',(5.90000002235174,-22.,-10.3500001341105));
#2414=CARTESIAN_POINT('',(5.90000002235174,-30.,-7.65000013411045));
#2415=CARTESIAN_POINT('',(5.90000002235174,-30.,-7.65000013411045));
#2416=CARTESIAN_POINT('',(5.90000002235174,-22.,-7.65000013411045));
#2417=CARTESIAN_POINT('Origin',(5.90000002235174,-22.,-10.3500001341105));
#2418=CARTESIAN_POINT('',(6.30000002235174,-30.,-10.3500001341105));
#2419=CARTESIAN_POINT('',(6.30000002235174,-22.,-10.3500001341105));
#2420=CARTESIAN_POINT('',(5.90000002235174,-30.,-10.3500001341105));
#2421=CARTESIAN_POINT('Origin',(6.30000002235174,-22.,-5.45000013411045));
#2422=CARTESIAN_POINT('',(6.30000002235174,-30.,-2.75000013411045));
#2423=CARTESIAN_POINT('',(6.30000002235174,-22.,-2.75000013411045));
#2424=CARTESIAN_POINT('',(6.30000002235174,-30.,-5.45000013411045));
#2425=CARTESIAN_POINT('',(6.30000002235174,-30.,-5.45000013411045));
#2426=CARTESIAN_POINT('',(6.30000002235174,-22.,-5.45000013411045));
#2427=CARTESIAN_POINT('Origin',(6.30000002235174,-22.,-2.75000013411045));
#2428=CARTESIAN_POINT('',(5.90000002235174,-30.,-2.75000013411045));
#2429=CARTESIAN_POINT('',(5.90000002235174,-22.,-2.75000013411045));
#2430=CARTESIAN_POINT('',(6.30000002235174,-30.,-2.75000013411045));
#2431=CARTESIAN_POINT('Origin',(9.00000013411045,-22.,-9.00000013411045));
#2432=CARTESIAN_POINT('',(1.50000013411045,-22.,-9.00000013411045));
#2433=CARTESIAN_POINT('Origin',(9.00000013411045,-22.,-9.00000013411045));
#2434=CARTESIAN_POINT('Origin',(9.00000013411045,-22.,-9.00000013411045));
#2435=CARTESIAN_POINT('',(2.90000002235174,-22.,-10.3500001341105));
#2436=CARTESIAN_POINT('',(2.50000002235174,-22.,-10.3500001341105));
#2437=CARTESIAN_POINT('',(5.7500000782311,-22.,-10.3500001341105));
#2438=CARTESIAN_POINT('',(2.50000002235174,-22.,-7.65000013411045));
#2439=CARTESIAN_POINT('',(2.50000002235174,-22.,-8.32500013411045));
#2440=CARTESIAN_POINT('',(2.90000002235174,-22.,-7.65000013411045));
#2441=CARTESIAN_POINT('',(5.9500000782311,-22.,-7.65000013411045));
#2442=CARTESIAN_POINT('',(2.90000002235174,-22.,-9.67500013411045));
#2443=CARTESIAN_POINT('Origin',(9.00000013411045,-22.,-9.00000013411045));
#2444=CARTESIAN_POINT('Origin',(9.00000013411045,-22.,-9.00000013411045));
#2445=CARTESIAN_POINT('',(15.5000002458692,-22.,-10.3500001341105));
#2446=CARTESIAN_POINT('',(15.1000002458692,-22.,-10.3500001341105));
#2447=CARTESIAN_POINT('',(12.0500001899898,-22.,-10.3500001341105));
#2448=CARTESIAN_POINT('',(15.1000002458692,-22.,-7.65000013411045));
#2449=CARTESIAN_POINT('',(15.1000002458692,-22.,-8.32500013411045));
#2450=CARTESIAN_POINT('',(15.5000002458692,-22.,-7.65000013411045));
#2451=CARTESIAN_POINT('',(12.2500001899898,-22.,-7.65000013411046));
#2452=CARTESIAN_POINT('',(15.5000002458692,-22.,-9.67500013411045));
#2453=CARTESIAN_POINT('Origin',(15.1000002458692,-22.,-10.3500001341105));
#2454=CARTESIAN_POINT('',(15.5000002458692,-30.,-10.3500001341105));
#2455=CARTESIAN_POINT('',(15.5000002458692,-22.,-10.3500001341105));
#2456=CARTESIAN_POINT('',(15.1000002458692,-30.,-10.3500001341105));
#2457=CARTESIAN_POINT('',(15.1000002458692,-30.,-10.3500001341105));
#2458=CARTESIAN_POINT('',(15.1000002458692,-22.,-10.3500001341105));
#2459=CARTESIAN_POINT('Origin',(15.1000002458692,-22.,-7.65000013411045));
#2460=CARTESIAN_POINT('',(15.1000002458692,-30.,-7.65000013411045));
#2461=CARTESIAN_POINT('',(15.1000002458692,-30.,-7.65000013411045));
#2462=CARTESIAN_POINT('',(15.1000002458692,-22.,-7.65000013411045));
#2463=CARTESIAN_POINT('Origin',(15.5000002458692,-22.,-7.65000013411045));
#2464=CARTESIAN_POINT('',(15.5000002458692,-30.,-7.65000013411045));
#2465=CARTESIAN_POINT('',(15.5000002458692,-30.,-7.65000013411045));
#2466=CARTESIAN_POINT('',(15.5000002458692,-22.,-7.65000013411045));
#2467=CARTESIAN_POINT('Origin',(15.5000002458692,-22.,-10.3500001341105));
#2468=CARTESIAN_POINT('',(15.5000002458692,-30.,-10.3500001341105));
#2469=CARTESIAN_POINT('Origin',(15.3000002458692,-30.,-9.00000013411045));
#2470=CARTESIAN_POINT('Origin',(2.50000002235174,-22.,-10.3500001341105));
#2471=CARTESIAN_POINT('',(2.90000002235174,-30.,-10.3500001341105));
#2472=CARTESIAN_POINT('',(2.90000002235174,-22.,-10.3500001341105));
#2473=CARTESIAN_POINT('',(2.50000002235174,-30.,-10.3500001341105));
#2474=CARTESIAN_POINT('',(2.50000002235174,-30.,-10.3500001341105));
#2475=CARTESIAN_POINT('',(2.50000002235174,-22.,-10.3500001341105));
#2476=CARTESIAN_POINT('Origin',(2.50000002235174,-22.,-7.65000013411045));
#2477=CARTESIAN_POINT('',(2.50000002235174,-30.,-7.65000013411045));
#2478=CARTESIAN_POINT('',(2.50000002235174,-30.,-7.65000013411045));
#2479=CARTESIAN_POINT('',(2.50000002235174,-22.,-7.65000013411045));
#2480=CARTESIAN_POINT('Origin',(2.90000002235174,-22.,-7.65000013411045));
#2481=CARTESIAN_POINT('',(2.90000002235174,-30.,-7.65000013411045));
#2482=CARTESIAN_POINT('',(2.90000002235174,-30.,-7.65000013411045));
#2483=CARTESIAN_POINT('',(2.90000002235174,-22.,-7.65000013411045));
#2484=CARTESIAN_POINT('Origin',(2.90000002235174,-22.,-10.3500001341105));
#2485=CARTESIAN_POINT('',(2.90000002235174,-30.,-10.3500001341105));
#2486=CARTESIAN_POINT('Origin',(2.70000002235174,-30.,-9.00000013411045));
#2487=CARTESIAN_POINT('Origin',(6.30000002235174,-22.,-15.2500001341105));
#2488=CARTESIAN_POINT('',(6.30000002235174,-30.,-15.2500001341105));
#2489=CARTESIAN_POINT('',(6.30000002235174,-30.,-12.5500001341105));
#2490=CARTESIAN_POINT('',(6.30000002235174,-22.,-15.2500001341105));
#2491=CARTESIAN_POINT('Origin',(5.90000002235174,-22.,-15.2500001341105));
#2492=CARTESIAN_POINT('',(6.30000002235174,-30.,-15.2500001341105));
#2493=CARTESIAN_POINT('Origin',(6.10000002235174,-30.,-13.9000001341105));
#2494=CARTESIAN_POINT('Origin',(6.30000002235174,-22.,-7.65000013411045));
#2495=CARTESIAN_POINT('',(6.30000002235174,-30.,-7.65000013411045));
#2496=CARTESIAN_POINT('',(6.30000002235174,-30.,-7.65000013411045));
#2497=CARTESIAN_POINT('',(6.30000002235174,-22.,-7.65000013411045));
#2498=CARTESIAN_POINT('Origin',(6.30000002235174,-22.,-10.3500001341105));
#2499=CARTESIAN_POINT('',(6.30000002235174,-30.,-10.3500001341105));
#2500=CARTESIAN_POINT('Origin',(6.10000002235174,-30.,-9.00000013411045));
#2501=CARTESIAN_POINT('Origin',(5.90000002235174,-22.,-5.45000013411045));
#2502=CARTESIAN_POINT('',(5.90000002235174,-30.,-5.45000013411045));
#2503=CARTESIAN_POINT('',(5.90000002235174,-30.,-5.45000013411045));
#2504=CARTESIAN_POINT('',(5.90000002235174,-22.,-5.45000013411045));
#2505=CARTESIAN_POINT('Origin',(5.90000002235174,-22.,-2.75000013411045));
#2506=CARTESIAN_POINT('',(5.90000002235174,-30.,-2.75000013411045));
#2507=CARTESIAN_POINT('Origin',(6.10000002235174,-30.,-4.10000013411045));
#2508=CARTESIAN_POINT('Origin',(9.00000013411045,-12.,-9.00000013411045));
#2509=CARTESIAN_POINT('',(1.50000013411045,-12.,-9.00000013411045));
#2510=CARTESIAN_POINT('',(1.50000013411045,-12.,-9.00000013411045));
#2511=CARTESIAN_POINT('Origin',(9.00000013411045,-12.,-9.00000013411045));
#2512=CARTESIAN_POINT('Origin',(17.0000002533197,9.5,-1.00000001490116));
#2513=CARTESIAN_POINT('',(17.0000002533197,7.50000011175871,-1.));
#2514=CARTESIAN_POINT('',(15.0000002235174,5.50000008195639,-1.));
#2515=CARTESIAN_POINT('',(17.0000002533197,7.50000011175871,-1.));
#2516=CARTESIAN_POINT('',(17.0000002533197,4.5,-1.00000001490116));
#2517=CARTESIAN_POINT('',(17.0000002533197,9.5,-1.00000001490116));
#2518=CARTESIAN_POINT('',(1.00000001490116,4.5,-1.00000001490116));
#2519=CARTESIAN_POINT('',(17.0000002533197,4.5,-1.00000001490116));
#2520=CARTESIAN_POINT('',(1.00000001490116,7.50000011175871,-1.));
#2521=CARTESIAN_POINT('',(1.00000001490116,9.5,-1.00000001490116));
#2522=CARTESIAN_POINT('',(3.00000004470348,5.50000008195639,-1.));
#2523=CARTESIAN_POINT('',(1.00000001490116,7.50000011175871,-1.));
#2524=CARTESIAN_POINT('',(15.0000002235174,5.50000008195639,-1.));
#2525=CARTESIAN_POINT('Origin',(1.50000002235174,9.5,-16.5000002458692));
#2526=CARTESIAN_POINT('',(1.50000002235174,9.5,-16.5000002458692));
#2527=CARTESIAN_POINT('',(1.50000002235174,9.5,-1.50000002235174));
#2528=CARTESIAN_POINT('',(1.50000002235174,9.5,-12.7500001229346));
#2529=CARTESIAN_POINT('',(1.50000002235174,4.5,-16.5000002458692));
#2530=CARTESIAN_POINT('',(1.50000002235174,9.5,-16.5000002458692));
#2531=CARTESIAN_POINT('',(1.50000002235174,4.5,-1.50000002235174));
#2532=CARTESIAN_POINT('',(1.50000002235174,4.5,-1.50000002235174));
#2533=CARTESIAN_POINT('',(1.50000002235174,9.5,-1.50000002235174));
#2534=CARTESIAN_POINT('Origin',(16.5000002458692,9.5,-16.5000002458692));
#2535=CARTESIAN_POINT('',(16.5000002458692,9.5,-16.5000002458692));
#2536=CARTESIAN_POINT('',(12.7500001229346,9.5,-16.5000002458692));
#2537=CARTESIAN_POINT('',(16.5000002458692,4.5,-16.5000002458692));
#2538=CARTESIAN_POINT('',(16.5000002458692,9.5,-16.5000002458692));
#2539=CARTESIAN_POINT('',(1.50000002235174,4.5,-16.5000002458692));
#2540=CARTESIAN_POINT('Origin',(16.5000002458692,9.5,-1.50000002235174));
#2541=CARTESIAN_POINT('',(16.5000002458692,9.5,-1.50000002235174));
#2542=CARTESIAN_POINT('',(16.5000002458692,9.5,-5.25000001117587));
#2543=CARTESIAN_POINT('',(16.5000002458692,4.5,-1.50000002235174));
#2544=CARTESIAN_POINT('',(16.5000002458692,9.5,-1.50000002235174));
#2545=CARTESIAN_POINT('',(16.5000002458692,4.5,-16.5000002458692));
#2546=CARTESIAN_POINT('Origin',(1.50000002235174,9.5,-1.50000002235174));
#2547=CARTESIAN_POINT('',(5.25000001117587,9.5,-1.50000002235174));
#2548=CARTESIAN_POINT('',(16.5000002458692,4.5,-1.50000002235174));
#2549=CARTESIAN_POINT('Origin',(1.00000001490116,9.5,-17.0000002533197));
#2550=CARTESIAN_POINT('',(15.0000002235174,5.50000008195639,-17.));
#2551=CARTESIAN_POINT('',(17.0000002533197,7.50000011175871,-17.));
#2552=CARTESIAN_POINT('',(17.0000002533197,7.50000011175871,-17.));
#2553=CARTESIAN_POINT('',(3.00000004470348,5.50000008195639,-17.));
#2554=CARTESIAN_POINT('',(15.0000002235174,5.50000008195639,-17.));
#2555=CARTESIAN_POINT('',(1.00000001490116,7.50000011175871,-17.));
#2556=CARTESIAN_POINT('',(3.00000004470348,5.50000008195639,-17.));
#2557=CARTESIAN_POINT('',(1.00000001490116,4.5,-17.0000002533197));
#2558=CARTESIAN_POINT('',(1.00000001490116,9.5,-17.0000002533197));
#2559=CARTESIAN_POINT('',(17.0000002533197,4.5,-17.0000002533197));
#2560=CARTESIAN_POINT('',(1.00000001490116,4.5,-17.0000002533197));
#2561=CARTESIAN_POINT('',(17.0000002533197,9.5,-17.0000002533197));
#2562=CARTESIAN_POINT('Origin',(9.00000013411045,4.5,-9.00000013411045));
#2563=CARTESIAN_POINT('',(17.0000002533197,4.5,-17.0000002533197));
#2564=CARTESIAN_POINT('',(1.00000001490116,4.5,-1.00000001490116));
#2565=CARTESIAN_POINT('Origin',(9.,9.5,-9.));
#2566=CARTESIAN_POINT('',(1.00000001490116,9.50000014156103,0.));
#2567=CARTESIAN_POINT('',(1.00000001490116,9.5,-18.));
#2568=CARTESIAN_POINT('',(1.00000001490116,9.5,-13.5));
#2569=CARTESIAN_POINT('',(0.,9.5,-18.));
#2570=CARTESIAN_POINT('',(18.,9.5,-18.));
#2571=CARTESIAN_POINT('',(0.,9.5,0.));
#2572=CARTESIAN_POINT('',(0.,9.5,-18.));
#2573=CARTESIAN_POINT('',(0.,9.5,0.));
#2574=CARTESIAN_POINT('Origin',(9.,9.5,-9.));
#2575=CARTESIAN_POINT('Origin',(3.00000004470348,5.50000008195639,-18.));
#2576=CARTESIAN_POINT('',(3.00000004470348,5.50000008195639,-18.));
#2577=CARTESIAN_POINT('',(15.0000002235174,5.50000008195639,-18.));
#2578=CARTESIAN_POINT('',(10.5000000223517,5.50000008195639,-18.));
#2579=CARTESIAN_POINT('',(3.00000004470348,5.50000008195639,-18.));
#2580=CARTESIAN_POINT('',(15.0000002235174,5.50000008195639,-18.));
#2581=CARTESIAN_POINT('Origin',(1.00000001490116,7.50000011175871,-18.));
#2582=CARTESIAN_POINT('',(1.00000001490116,7.50000011175871,-18.));
#2583=CARTESIAN_POINT('',(7.12500003911555,1.37500008754432,-18.));
#2584=CARTESIAN_POINT('',(1.00000001490116,7.50000011175871,-18.));
#2585=CARTESIAN_POINT('Origin',(15.0000002235174,5.50000008195639,-18.));
#2586=CARTESIAN_POINT('',(17.0000002533197,7.50000011175871,-18.));
#2587=CARTESIAN_POINT('',(14.375000147149,4.87500000558794,-18.));
#2588=CARTESIAN_POINT('',(17.0000002533197,7.50000011175871,-18.));
#2589=CARTESIAN_POINT('Origin',(9.,9.5,-9.));
#2590=CARTESIAN_POINT('',(17.0000002533197,9.50000014156103,-18.));
#2591=CARTESIAN_POINT('',(17.0000002533197,9.50000014156103,0.));
#2592=CARTESIAN_POINT('',(17.0000002533197,9.5,-4.5));
#2593=CARTESIAN_POINT('',(18.,9.5,0.));
#2594=CARTESIAN_POINT('',(0.,9.5,0.));
#2595=CARTESIAN_POINT('',(18.,9.5,-18.));
#2596=CARTESIAN_POINT('',(18.,9.5,0.));
#2597=CARTESIAN_POINT('',(18.,9.5,-18.));
#2598=CARTESIAN_POINT('Origin',(3.00000004470348,5.50000008195639,0.));
#2599=CARTESIAN_POINT('',(3.00000004470348,5.50000008195639,0.));
#2600=CARTESIAN_POINT('',(1.00000001490116,7.50000011175871,0.));
#2601=CARTESIAN_POINT('',(3.62500005401671,4.87500007264316,0.));
#2602=CARTESIAN_POINT('',(3.00000004470348,5.50000008195639,0.));
#2603=CARTESIAN_POINT('',(1.00000001490116,7.50000011175871,0.));
#2604=CARTESIAN_POINT('Origin',(15.0000002235174,5.50000008195639,0.));
#2605=CARTESIAN_POINT('',(15.0000002235174,5.50000008195639,0.));
#2606=CARTESIAN_POINT('',(7.50000011175871,5.50000008195639,0.));
#2607=CARTESIAN_POINT('',(15.0000002235174,5.50000008195639,0.));
#2608=CARTESIAN_POINT('Origin',(17.0000002533197,7.50000011175871,0.));
#2609=CARTESIAN_POINT('',(17.0000002533197,7.50000011175871,0.));
#2610=CARTESIAN_POINT('',(10.8750001620501,1.3750000204891,0.));
#2611=CARTESIAN_POINT('',(17.0000002533197,7.50000011175871,0.));
#2612=CARTESIAN_POINT('Origin',(17.0000002533197,9.50000014156103,0.));
#2613=CARTESIAN_POINT('',(17.0000002533197,4.75000007078052,0.));
#2614=CARTESIAN_POINT('',(17.0000002533197,3.75000005587935,-18.));
#2615=CARTESIAN_POINT('Origin',(1.00000001490116,7.50000011175871,0.));
#2616=CARTESIAN_POINT('',(1.00000001490116,3.75000005587935,0.));
#2617=CARTESIAN_POINT('',(1.00000001490116,4.75,-18.));
#2618=CARTESIAN_POINT('Origin',(0.,0.,0.));
#2619=CARTESIAN_POINT('',(0.,0.,0.));
#2620=CARTESIAN_POINT('',(0.,0.,0.));
#2621=CARTESIAN_POINT('',(18.,0.,0.));
#2622=CARTESIAN_POINT('',(0.,0.,0.));
#2623=CARTESIAN_POINT('',(18.,0.,0.));
#2624=CARTESIAN_POINT('Origin',(9.00000013411045,0.,-9.00000013411045));
#2625=CARTESIAN_POINT('',(1.00000013411045,-12.,-9.00000013411045));
#2626=CARTESIAN_POINT('Origin',(9.00000013411045,-12.,-9.00000013411045));
#2627=CARTESIAN_POINT('',(1.00000013411045,0.,-9.00000013411045));
#2628=CARTESIAN_POINT('',(1.00000013411045,0.,-9.00000013411045));
#2629=CARTESIAN_POINT('Origin',(9.00000013411045,0.,-9.00000013411045));
#2630=CARTESIAN_POINT('Origin',(9.00000013411045,-12.,-9.00000013411045));
#2631=CARTESIAN_POINT('Origin',(18.,0.,-18.));
#2632=CARTESIAN_POINT('',(18.,0.,-18.));
#2633=CARTESIAN_POINT('',(18.,0.,-18.));
#2634=CARTESIAN_POINT('',(0.,0.,-18.));
#2635=CARTESIAN_POINT('',(18.,0.,-18.));
#2636=CARTESIAN_POINT('',(0.,0.,-18.));
#2637=CARTESIAN_POINT('Origin',(18.,0.,0.));
#2638=CARTESIAN_POINT('',(18.,0.,0.));
#2639=CARTESIAN_POINT('Origin',(0.,0.,-18.));
#2640=CARTESIAN_POINT('',(0.,0.,-18.));
#2641=CARTESIAN_POINT('Origin',(9.,0.,-9.));
#2642=CARTESIAN_POINT('Origin',(4.00000002980232,0.,-66.000001013279));
#2643=CARTESIAN_POINT('',(2.00000002980232,22.,-66.000001013279));
#2644=CARTESIAN_POINT('',(4.00000002980232,22.,-68.000001013279));
#2645=CARTESIAN_POINT('Origin',(4.00000002980232,22.,-66.000001013279));
#2646=CARTESIAN_POINT('',(4.00000002980232,0.,-68.000001013279));
#2647=CARTESIAN_POINT('',(4.00000002980232,0.,-68.000001013279));
#2648=CARTESIAN_POINT('',(2.00000002980232,0.,-66.000001013279));
#2649=CARTESIAN_POINT('Origin',(4.00000002980232,0.,-66.000001013279));
#2650=CARTESIAN_POINT('',(2.00000002980232,0.,-66.000001013279));
#2651=CARTESIAN_POINT('Origin',(68.000001013279,0.,-68.000001013279));
#2652=CARTESIAN_POINT('',(66.000001013279,22.,-68.000001013279));
#2653=CARTESIAN_POINT('',(68.000001013279,22.,-68.000001013279));
#2654=CARTESIAN_POINT('',(66.000001013279,0.,-68.000001013279));
#2655=CARTESIAN_POINT('',(66.000001013279,0.,-68.000001013279));
#2656=CARTESIAN_POINT('',(2.00000002980232,0.,-68.000001013279));
#2657=CARTESIAN_POINT('Origin',(35.0000005215406,22.,-35.0000005215406));
#2658=CARTESIAN_POINT('',(2.00000002980232,22.,-4.00000002980232));
#2659=CARTESIAN_POINT('',(2.00000002980232,22.,-68.000001013279));
#2660=CARTESIAN_POINT('',(4.00000002980232,22.,-2.00000002980232));
#2661=CARTESIAN_POINT('Origin',(4.00000002980232,22.,-4.00000002980232));
#2662=CARTESIAN_POINT('',(66.000001013279,22.,-2.00000002980232));
#2663=CARTESIAN_POINT('',(2.00000002980232,22.,-2.00000002980232));
#2664=CARTESIAN_POINT('',(68.000001013279,22.,-4.00000002980232));
#2665=CARTESIAN_POINT('Origin',(66.000001013279,22.,-4.00000002980232));
#2666=CARTESIAN_POINT('',(68.000001013279,22.,-66.000001013279));
#2667=CARTESIAN_POINT('',(68.000001013279,22.,-2.00000002980232));
#2668=CARTESIAN_POINT('Origin',(66.000001013279,22.,-66.000001013279));
#2669=CARTESIAN_POINT('',(52.5000005215406,22.,-52.5000005215406));
#2670=CARTESIAN_POINT('',(52.5000005215406,22.,-17.5000005215406));
#2671=CARTESIAN_POINT('',(52.5000005215406,22.,-17.5000005215406));
#2672=CARTESIAN_POINT('',(17.5000005215406,22.,-17.5000005215406));
#2673=CARTESIAN_POINT('',(17.5000005215406,22.,-17.5000005215406));
#2674=CARTESIAN_POINT('',(17.5000005215406,22.,-52.5000005215406));
#2675=CARTESIAN_POINT('',(17.5000005215406,22.,-52.5000005215406));
#2676=CARTESIAN_POINT('',(52.5000005215406,22.,-52.5000005215406));
#2677=CARTESIAN_POINT('Origin',(66.000001013279,0.,-66.000001013279));
#2678=CARTESIAN_POINT('',(68.000001013279,0.,-66.000001013279));
#2679=CARTESIAN_POINT('',(68.000001013279,0.,-66.000001013279));
#2680=CARTESIAN_POINT('Origin',(66.000001013279,0.,-66.000001013279));
#2681=CARTESIAN_POINT('Origin',(68.000001013279,0.,-2.00000002980232));
#2682=CARTESIAN_POINT('',(68.000001013279,0.,-4.00000002980232));
#2683=CARTESIAN_POINT('',(68.000001013279,0.,-4.00000002980232));
#2684=CARTESIAN_POINT('',(68.000001013279,0.,-68.000001013279));
#2685=CARTESIAN_POINT('Origin',(66.000001013279,0.,-4.00000002980232));
#2686=CARTESIAN_POINT('',(66.000001013279,0.,-2.00000002980232));
#2687=CARTESIAN_POINT('',(66.000001013279,0.,-2.00000002980232));
#2688=CARTESIAN_POINT('Origin',(66.000001013279,0.,-4.00000002980232));
#2689=CARTESIAN_POINT('Origin',(2.00000002980232,0.,-2.00000002980232));
#2690=CARTESIAN_POINT('',(4.00000002980232,0.,-2.00000002980232));
#2691=CARTESIAN_POINT('',(4.00000002980232,0.,-2.00000002980232));
#2692=CARTESIAN_POINT('',(68.000001013279,0.,-2.00000002980232));
#2693=CARTESIAN_POINT('Origin',(4.00000002980232,0.,-4.00000002980232));
#2694=CARTESIAN_POINT('',(2.00000002980232,0.,-4.00000002980232));
#2695=CARTESIAN_POINT('',(2.00000002980232,0.,-4.00000002980232));
#2696=CARTESIAN_POINT('Origin',(4.00000002980232,0.,-4.00000002980232));
#2697=CARTESIAN_POINT('Origin',(2.00000002980232,0.,-68.000001013279));
#2698=CARTESIAN_POINT('',(2.00000002980232,0.,-2.00000002980232));
#2699=CARTESIAN_POINT('Origin',(35.0000005215406,20.,-35.0000005215406));
#2700=CARTESIAN_POINT('',(8.45000014901161,20.,-10.0000001490116));
#2701=CARTESIAN_POINT('Origin',(10.0000001490116,20.,-10.0000001490116));
#2702=CARTESIAN_POINT('Origin',(35.0000005215406,20.,-35.0000005215406));
#2703=CARTESIAN_POINT('',(8.45000014901161,20.,-60.0000008940697));
#2704=CARTESIAN_POINT('Origin',(10.0000001490116,20.,-60.0000008940697));
#2705=CARTESIAN_POINT('Origin',(35.0000005215406,20.,-35.0000005215406));
#2706=CARTESIAN_POINT('',(58.4500008940697,20.,-60.0000008940697));
#2707=CARTESIAN_POINT('Origin',(60.0000008940697,20.,-60.0000008940697));
#2708=CARTESIAN_POINT('Origin',(35.0000005215406,20.,-35.0000005215406));
#2709=CARTESIAN_POINT('',(55.0000008195639,20.,-66.0000000298023));
#2710=CARTESIAN_POINT('',(55.0000008195639,20.,-60.0000008940697));
#2711=CARTESIAN_POINT('',(55.0000008195639,20.,-60.0000008940697));
#2712=CARTESIAN_POINT('',(60.0000008940697,20.,-55.0000008195639));
#2713=CARTESIAN_POINT('Origin',(60.0000008940697,20.,-60.0000008940697));
#2714=CARTESIAN_POINT('',(66.0000000298023,20.,-55.0000008195639));
#2715=CARTESIAN_POINT('',(60.0000008940697,20.,-55.0000008195639));
#2716=CARTESIAN_POINT('',(66.0000000298023,20.,-15.0000002235174));
#2717=CARTESIAN_POINT('',(66.0000000298023,20.,-4.00000002980232));
#2718=CARTESIAN_POINT('',(60.0000008940697,20.,-15.0000002235174));
#2719=CARTESIAN_POINT('',(60.0000008940697,20.,-15.0000002235174));
#2720=CARTESIAN_POINT('',(55.0000008195639,20.,-10.0000001490116));
#2721=CARTESIAN_POINT('Origin',(60.0000008940697,20.,-10.0000001490116));
#2722=CARTESIAN_POINT('',(55.0000008195639,20.,-4.00000002980232));
#2723=CARTESIAN_POINT('',(55.0000008195639,20.,-10.0000001490116));
#2724=CARTESIAN_POINT('',(15.0000002235174,20.,-4.00000002980232));
#2725=CARTESIAN_POINT('',(4.00000002980232,20.,-4.00000002980232));
#2726=CARTESIAN_POINT('',(15.0000002235174,20.,-10.0000001490116));
#2727=CARTESIAN_POINT('',(15.0000002235174,20.,-10.0000001490116));
#2728=CARTESIAN_POINT('',(10.0000001490116,20.,-15.0000002235174));
#2729=CARTESIAN_POINT('Origin',(10.0000001490116,20.,-10.0000001490116));
#2730=CARTESIAN_POINT('',(4.00000002980232,20.,-15.0000002235174));
#2731=CARTESIAN_POINT('',(10.0000001490116,20.,-15.0000002235174));
#2732=CARTESIAN_POINT('',(4.00000002980232,20.,-55.0000008195639));
#2733=CARTESIAN_POINT('',(4.00000002980232,20.,-66.0000000298023));
#2734=CARTESIAN_POINT('',(10.0000001490116,20.,-55.0000008195639));
#2735=CARTESIAN_POINT('',(10.0000001490116,20.,-55.0000008195639));
#2736=CARTESIAN_POINT('',(15.0000002235174,20.,-60.0000008940697));
#2737=CARTESIAN_POINT('Origin',(10.0000001490116,20.,-60.0000008940697));
#2738=CARTESIAN_POINT('',(15.0000002235174,20.,-66.0000000298023));
#2739=CARTESIAN_POINT('',(15.0000002235174,20.,-60.0000008940697));
#2740=CARTESIAN_POINT('',(66.0000000298023,20.,-66.0000000298023));
#2741=CARTESIAN_POINT('',(52.5000005215406,20.,-52.5000005215406));
#2742=CARTESIAN_POINT('',(52.5000005215406,20.,-17.5000005215406));
#2743=CARTESIAN_POINT('',(52.5000005215406,20.,-17.5000005215406));
#2744=CARTESIAN_POINT('',(17.5000005215406,20.,-52.5000005215406));
#2745=CARTESIAN_POINT('',(52.5000005215406,20.,-52.5000005215406));
#2746=CARTESIAN_POINT('',(17.5000005215406,20.,-17.5000005215406));
#2747=CARTESIAN_POINT('',(17.5000005215406,20.,-52.5000005215406));
#2748=CARTESIAN_POINT('',(17.5000005215406,20.,-17.5000005215406));
#2749=CARTESIAN_POINT('Origin',(35.0000005215406,20.,-35.0000005215406));
#2750=CARTESIAN_POINT('',(58.4500008940697,20.,-10.0000001490116));
#2751=CARTESIAN_POINT('Origin',(60.0000008940697,20.,-10.0000001490116));
#2752=CARTESIAN_POINT('Origin',(17.5000005215406,20.,-52.5000005215406));
#2753=CARTESIAN_POINT('',(52.5000005215406,20.,-52.5000005215406));
#2754=CARTESIAN_POINT('',(17.5000005215406,20.,-52.5000005215406));
#2755=CARTESIAN_POINT('Origin',(17.5000005215406,20.,-17.5000005215406));
#2756=CARTESIAN_POINT('',(17.5000005215406,20.,-17.5000005215406));
#2757=CARTESIAN_POINT('Origin',(52.5000005215406,20.,-17.5000005215406));
#2758=CARTESIAN_POINT('',(52.5000005215406,20.,-17.5000005215406));
#2759=CARTESIAN_POINT('Origin',(52.5000005215406,20.,-52.5000005215406));
#2760=CARTESIAN_POINT('Origin',(60.0000008940697,0.,-10.0000001490116));
#2761=CARTESIAN_POINT('',(58.4500008940697,0.,-10.0000001490116));
#2762=CARTESIAN_POINT('',(58.4500008940697,0.,-10.0000001490116));
#2763=CARTESIAN_POINT('Origin',(60.0000008940697,0.,-10.0000001490116));
#2764=CARTESIAN_POINT('Origin',(55.0000008195639,0.,-66.0000000298023));
#2765=CARTESIAN_POINT('',(55.0000008195639,0.,-66.0000000298023));
#2766=CARTESIAN_POINT('',(55.0000008195639,0.,-60.0000008940697));
#2767=CARTESIAN_POINT('',(55.0000008195639,0.,-60.0000008940697));
#2768=CARTESIAN_POINT('',(55.0000008195639,0.,-60.0000008940697));
#2769=CARTESIAN_POINT('',(55.0000008195639,0.,-66.0000000298023));
#2770=CARTESIAN_POINT('Origin',(15.0000002235174,0.,-66.0000000298023));
#2771=CARTESIAN_POINT('',(15.0000002235174,0.,-66.0000000298023));
#2772=CARTESIAN_POINT('',(66.0000000298023,0.,-66.0000000298023));
#2773=CARTESIAN_POINT('',(15.0000002235174,0.,-66.0000000298023));
#2774=CARTESIAN_POINT('Origin',(15.0000002235174,0.,-60.0000008940697));
#2775=CARTESIAN_POINT('',(15.0000002235174,0.,-60.0000008940697));
#2776=CARTESIAN_POINT('',(15.0000002235174,0.,-60.0000008940697));
#2777=CARTESIAN_POINT('',(15.0000002235174,0.,-60.0000008940697));
#2778=CARTESIAN_POINT('Origin',(10.0000001490116,0.,-60.0000008940697));
#2779=CARTESIAN_POINT('',(10.0000001490116,0.,-55.0000008195639));
#2780=CARTESIAN_POINT('Origin',(10.0000001490116,0.,-60.0000008940697));
#2781=CARTESIAN_POINT('',(10.0000001490116,0.,-55.0000008195639));
#2782=CARTESIAN_POINT('Origin',(4.00000002980232,0.,-55.0000008195639));
#2783=CARTESIAN_POINT('',(4.00000002980232,0.,-55.0000008195639));
#2784=CARTESIAN_POINT('',(10.0000001490116,0.,-55.0000008195639));
#2785=CARTESIAN_POINT('',(4.00000002980232,0.,-55.0000008195639));
#2786=CARTESIAN_POINT('Origin',(4.00000002980232,0.,-15.0000002235174));
#2787=CARTESIAN_POINT('',(4.00000002980232,0.,-15.0000002235174));
#2788=CARTESIAN_POINT('',(4.00000002980232,0.,-66.0000000298023));
#2789=CARTESIAN_POINT('',(4.00000002980232,0.,-15.0000002235174));
#2790=CARTESIAN_POINT('Origin',(10.0000001490116,0.,-15.0000002235174));
#2791=CARTESIAN_POINT('',(10.0000001490116,0.,-15.0000002235174));
#2792=CARTESIAN_POINT('',(10.0000001490116,0.,-15.0000002235174));
#2793=CARTESIAN_POINT('',(10.0000001490116,0.,-15.0000002235174));
#2794=CARTESIAN_POINT('Origin',(10.0000001490116,0.,-10.0000001490116));
#2795=CARTESIAN_POINT('',(15.0000002235174,0.,-10.0000001490116));
#2796=CARTESIAN_POINT('Origin',(10.0000001490116,0.,-10.0000001490116));
#2797=CARTESIAN_POINT('',(15.0000002235174,0.,-10.0000001490116));
#2798=CARTESIAN_POINT('Origin',(15.0000002235174,0.,-4.00000002980232));
#2799=CARTESIAN_POINT('',(15.0000002235174,0.,-4.00000002980232));
#2800=CARTESIAN_POINT('',(15.0000002235174,0.,-10.0000001490116));
#2801=CARTESIAN_POINT('',(15.0000002235174,0.,-4.00000002980232));
#2802=CARTESIAN_POINT('Origin',(55.0000008195639,0.,-4.00000002980232));
#2803=CARTESIAN_POINT('',(55.0000008195639,0.,-4.00000002980232));
#2804=CARTESIAN_POINT('',(4.00000002980232,0.,-4.00000002980232));
#2805=CARTESIAN_POINT('',(55.0000008195639,0.,-4.00000002980232));
#2806=CARTESIAN_POINT('Origin',(55.0000008195639,0.,-10.0000001490116));
#2807=CARTESIAN_POINT('',(55.0000008195639,0.,-10.0000001490116));
#2808=CARTESIAN_POINT('',(55.0000008195639,0.,-10.0000001490116));
#2809=CARTESIAN_POINT('',(55.0000008195639,0.,-10.0000001490116));
#2810=CARTESIAN_POINT('Origin',(60.0000008940697,0.,-10.0000001490116));
#2811=CARTESIAN_POINT('',(60.0000008940697,0.,-15.0000002235174));
#2812=CARTESIAN_POINT('Origin',(60.0000008940697,0.,-10.0000001490116));
#2813=CARTESIAN_POINT('',(60.0000008940697,0.,-15.0000002235174));
#2814=CARTESIAN_POINT('Origin',(66.0000000298023,0.,-15.0000002235174));
#2815=CARTESIAN_POINT('',(66.0000000298023,0.,-15.0000002235174));
#2816=CARTESIAN_POINT('',(60.0000008940697,0.,-15.0000002235174));
#2817=CARTESIAN_POINT('',(66.0000000298023,0.,-15.0000002235174));
#2818=CARTESIAN_POINT('Origin',(66.0000000298023,0.,-55.0000008195639));
#2819=CARTESIAN_POINT('',(66.0000000298023,0.,-55.0000008195639));
#2820=CARTESIAN_POINT('',(66.0000000298023,0.,-4.00000002980232));
#2821=CARTESIAN_POINT('',(66.0000000298023,0.,-55.0000008195639));
#2822=CARTESIAN_POINT('Origin',(60.0000008940697,0.,-55.0000008195639));
#2823=CARTESIAN_POINT('',(60.0000008940697,0.,-55.0000008195639));
#2824=CARTESIAN_POINT('',(60.0000008940697,0.,-55.0000008195639));
#2825=CARTESIAN_POINT('',(60.0000008940697,0.,-55.0000008195639));
#2826=CARTESIAN_POINT('Origin',(60.0000008940697,0.,-60.0000008940697));
#2827=CARTESIAN_POINT('Origin',(60.0000008940697,0.,-60.0000008940697));
#2828=CARTESIAN_POINT('Origin',(60.0000008940697,0.,-60.0000008940697));
#2829=CARTESIAN_POINT('',(58.4500008940697,0.,-60.0000008940697));
#2830=CARTESIAN_POINT('',(58.4500008940697,0.,-60.0000008940697));
#2831=CARTESIAN_POINT('Origin',(60.0000008940697,0.,-60.0000008940697));
#2832=CARTESIAN_POINT('Origin',(10.0000001490116,0.,-60.0000008940697));
#2833=CARTESIAN_POINT('',(8.45000014901161,0.,-60.0000008940697));
#2834=CARTESIAN_POINT('',(8.45000014901161,0.,-60.0000008940697));
#2835=CARTESIAN_POINT('Origin',(10.0000001490116,0.,-60.0000008940697));
#2836=CARTESIAN_POINT('Origin',(10.0000001490116,0.,-10.0000001490116));
#2837=CARTESIAN_POINT('',(8.45000014901161,0.,-10.0000001490116));
#2838=CARTESIAN_POINT('',(8.45000014901161,0.,-10.0000001490116));
#2839=CARTESIAN_POINT('Origin',(10.0000001490116,0.,-10.0000001490116));
#2840=CARTESIAN_POINT('Origin',(35.0000005215406,0.,-35.0000005215406));
#2841=CARTESIAN_POINT('',(16.5,16.5,-35.5));
#2842=CARTESIAN_POINT('',(16.5,16.5,-16.5));
#2843=CARTESIAN_POINT('',(35.5,16.5,-16.5));
#2844=CARTESIAN_POINT('',(35.5,16.5,-35.5));
#2845=UNCERTAINTY_MEASURE_WITH_UNIT(LENGTH_MEASURE(0.01),#2851,
'DISTANCE_ACCURACY_VALUE',
'Maximum model space distance between geometric entities at asserted c
onnectivities');
#2846=UNCERTAINTY_MEASURE_WITH_UNIT(LENGTH_MEASURE(0.01),#2851,
'DISTANCE_ACCURACY_VALUE',
'Maximum model space distance between geometric entities at asserted c
onnectivities');
#2847=UNCERTAINTY_MEASURE_WITH_UNIT(LENGTH_MEASURE(0.01),#2851,
'DISTANCE_ACCURACY_VALUE',
'Maximum model space distance between geometric entities at asserted c
onnectivities');
#2848=(
GEOMETRIC_REPRESENTATION_CONTEXT(3)
GLOBAL_UNCERTAINTY_ASSIGNED_CONTEXT((#2845))
GLOBAL_UNIT_ASSIGNED_CONTEXT((#2851,#2853,#2854))
REPRESENTATION_CONTEXT('','3D')
);
#2849=(
GEOMETRIC_REPRESENTATION_CONTEXT(3)
GLOBAL_UNCERTAINTY_ASSIGNED_CONTEXT((#2846))
GLOBAL_UNIT_ASSIGNED_CONTEXT((#2851,#2853,#2854))
REPRESENTATION_CONTEXT('','3D')
);
#2850=(
GEOMETRIC_REPRESENTATION_CONTEXT(3)
GLOBAL_UNCERTAINTY_ASSIGNED_CONTEXT((#2847))
GLOBAL_UNIT_ASSIGNED_CONTEXT((#2851,#2853,#2854))
REPRESENTATION_CONTEXT('','3D')
);
#2851=(
LENGTH_UNIT()
NAMED_UNIT(*)
SI_UNIT(.MILLI.,.METRE.)
);
#2852=(
LENGTH_UNIT()
NAMED_UNIT(*)
SI_UNIT($,.METRE.)
);
#2853=(
NAMED_UNIT(*)
PLANE_ANGLE_UNIT()
SI_UNIT($,.RADIAN.)
);
#2854=(
NAMED_UNIT(*)
SI_UNIT($,.STERADIAN.)
SOLID_ANGLE_UNIT()
);
#2855=SHAPE_DEFINITION_REPRESENTATION(#2857,#2863);
#2856=SHAPE_DEFINITION_REPRESENTATION(#2858,#2864);
#2857=PRODUCT_DEFINITION_SHAPE('',$,#2866);
#2858=PRODUCT_DEFINITION_SHAPE('',$,#2867);
#2859=PRODUCT_DEFINITION_SHAPE($,$,#23);
#2860=PRODUCT_DEFINITION_SHAPE($,$,#24);
#2861=PRODUCT_DEFINITION_SHAPE($,$,#25);
#2862=PRODUCT_DEFINITION_SHAPE($,$,#26);
#2863=SHAPE_REPRESENTATION('',(#1753,#1882,#1883,#1884,#1885),#2848);
#2864=SHAPE_REPRESENTATION('',(#1754),#2849);
#2865=PRODUCT_DEFINITION_CONTEXT('part definition',#2873,'design');
#2866=PRODUCT_DEFINITION('2025-11-17-12-26-24-405','Quad button top',#2868,
#2865);
#2867=PRODUCT_DEFINITION('2025-11-17-12-36-53-970','Button',#2869,#2865);
#2868=PRODUCT_DEFINITION_FORMATION('',$,#2875);
#2869=PRODUCT_DEFINITION_FORMATION('',$,#2876);
#2870=PRODUCT_RELATED_PRODUCT_CATEGORY('Quad button top',
'Quad button top',(#2875));
#2871=PRODUCT_RELATED_PRODUCT_CATEGORY('Button','Button',(#2876));
#2872=APPLICATION_PROTOCOL_DEFINITION('international standard',
'automotive_design',2009,#2873);
#2873=APPLICATION_CONTEXT(
'Core Data for Automotive Mechanical Design Process');
#2874=PRODUCT_CONTEXT('part definition',#2873,'mechanical');
#2875=PRODUCT('2025-11-17-12-26-24-405','Quad button top',$,(#2874));
#2876=PRODUCT('2025-11-17-12-36-53-970','Button',$,(#2874));
#2877=PRESENTATION_STYLE_ASSIGNMENT((#2878));
#2878=SURFACE_STYLE_USAGE(.BOTH.,#2879);
#2879=SURFACE_SIDE_STYLE('',(#2880));
#2880=SURFACE_STYLE_FILL_AREA(#2881);
#2881=FILL_AREA_STYLE('Steel - Satin',(#2882));
#2882=FILL_AREA_STYLE_COLOUR('Steel - Satin',#2883);
#2883=COLOUR_RGB('Steel - Satin',0.627450980392157,0.627450980392157,0.627450980392157);
ENDSEC;
END-ISO-10303-21;
